年,月,日,時,分,縣市,區,死,受傷,2-30,天候,光線,道路類別,速限,道路型態,事故位置,路面鋪裝,路面狀態,路面缺陷,障礙物,視距,號誌種類,號誌動作,分向設施,快車道或一般車道間,快慢車道間,路面邊線,事故類型及型態,主要肇因,受傷程度,主要傷處,保護裝備,行動電話,當事者區分,車輛用途,當事者行動狀態,駕駛資格情形,駕駛執照種類,飲酒情形,車輛撞擊部位最初,車輛撞擊部位其他,肇事因素個別,肇事因素主要,肇事逃逸,職業,旅次目的,車種,GPS緯度,GPS經度,事故類別
2023,1,1,23,53,臺中市,豐原區,0,0,0,8,,,50,,,,,,,,,,,,,,,42,,,,,C03,,,1,,2,,,42,42,1,22,,C03,120.724887,24.252262,3
2023,1,1,23,56,臺中市,北區,0,0,0,7,4,5,50,14,9,1,4,4,5,7,2,1,6,1,5,2,12,7,,,,,B03,,,1,,1,,,7,,1,22,,B03,120.681266,24.163145,3
2023,1,1,23,56,臺中市,后里區,0,1,0,7,3,5,50,4,1,1,5,4,5,7,3,1,10,5,5,1,15,6,2,9,1,1,C03,7,9,1,10,2,11,,6,6,1,22,8,C03,120.72988,24.331952,2
2023,1,2,0,11,臺中市,北區,0,1,0,6,3,5,50,4,1,1,4,4,5,7,3,1,10,5,5,2,15,6,3,10,1,1,B03,7,9,1,8,2,2,,6,6,1,22,8,B03,120.68669,24.160295,2
2023,1,2,0,15,臺中市,北屯區,0,2,0,6,3,5,30,4,1,1,4,4,5,7,4,4,10,5,5,2,15,6,2,9,1,1,C03,7,9,1,10,2,11,,6,6,1,22,8,C03,120.695154,24.162058,2
2023,1,2,0,22,臺中市,北區,0,1,0,6,4,5,50,14,8,1,4,4,5,7,4,4,8,3,4,2,12,23,2,8,1,1,C03,7,9,1,10,2,12,,23,23,1,18,8,C03,120.670336,24.168542,2
2023,1,2,0,38,臺中市,大里區,0,1,0,6,3,5,50,4,1,1,4,4,5,7,1,1,10,5,5,2,12,6,3,10,1,1,B01,7,6,1,4,2,8,,6,6,1,22,8,B01,120.707824,24.087002,2
2023,1,2,0,45,臺中市,中區,0,1,0,6,3,5,50,4,1,1,4,4,5,7,1,1,10,5,5,2,16,42,2,8,1,1,C03,7,9,1,10,2,14,,25,42,1,21,8,C03,120.676591,24.144983,2
2023,1,2,0,50,臺中市,東區,0,1,0,7,3,5,50,3,1,1,5,4,5,7,1,1,10,5,5,2,18,23,2,9,1,1,C03,7,5,1,10,11,14,,23,23,1,22,9,C03,120.691201,24.132331,2
2023,1,2,0,58,臺中市,北區,0,0,0,8,,,30,,,,,,,,,,,,,,,12,,,,,B12,,,1,,11,,,12,,1,22,,B12,120.6955,24.158854,3
2023,1,2,1,41,臺中市,西區,0,0,0,8,,,50,,,,,,,,,,,,,,,19,,,,,B03,,,1,,1,,,19,,1,4,,B03,120.668971,24.147893,3
2023,1,2,1,43,臺中市,北區,0,1,0,7,3,5,50,14,9,1,4,4,5,7,4,4,5,4,5,2,13,23,2,9,1,1,C03,7,9,1,10,2,11,,23,23,1,22,8,C03,120.672422,24.166867,2
2023,1,2,2,7,臺中市,東區,0,2,0,6,3,5,50,3,1,1,4,4,5,7,1,1,10,5,5,2,16,6,3,10,1,1,B03,7,6,1,8,2,2,,6,6,1,20,8,B03,120.694138,24.151658,2
2023,1,2,2,11,臺中市,烏日區,0,0,0,6,3,5,50,4,1,1,4,4,5,7,1,1,1,4,5,1,23,23,,,,,B03,,,1,,6,,,23,,1,22,,B03,120.62734,24.10404,3
2023,1,2,2,28,臺中市,沙鹿區,0,1,0,6,3,5,50,4,2,1,4,4,5,6,3,1,3,3,3,1,17,6,2,9,3,4,C03,7,9,1,10,2,12,,6,6,1,22,8,C03,120.562308,24.245005,2
2023,1,2,3,0,臺中市,太平區,0,1,0,6,3,5,40,14,8,1,4,4,5,7,4,4,5,5,4,1,18,42,2,9,1,1,C03,7,9,1,10,9,12,,42,42,1,22,8,C03,120.716361,24.158761,2
2023,1,2,4,5,臺中市,西屯區,0,1,0,6,3,5,50,14,9,1,4,4,5,7,4,4,1,4,5,2,12,25,3,10,1,1,B01,7,9,1,3,2,4,,25,25,1,10,8,B01,120.659506,24.175741,2
2023,1,2,4,15,臺中市,大里區,0,0,0,6,,,50,,,,,,,,,,,,,,,10,,,,,B03,,,1,,2,,,10,,1,20,,B03,120.691005,24.108187,3
2023,1,2,5,9,臺中市,北區,0,1,0,6,4,5,50,5,1,1,4,4,5,7,2,1,10,5,5,2,11,25,3,10,1,1,B03,7,5,1,8,2,6,,25,25,1,5,8,B03,120.694305,24.155315,2
2023,1,2,5,11,臺中市,中區,0,0,0,6,,,50,,,,,,,,,,,,,,,12,,,,,B03,,,1,,2,,,12,,1,21,,B03,120.68402,24.137054,3
2023,1,2,5,39,臺中市,北屯區,0,2,0,6,3,5,50,3,2,1,4,4,5,1,3,1,9,4,5,2,3,51,2,9,4,5,H01,8,16,8,20,10,16,,51,51,1,22,8,H01,120.682114,24.192361,2
2023,1,2,6,5,臺中市,烏日區,0,1,0,6,1,5,50,14,9,1,4,4,5,7,4,4,5,4,5,1,18,23,2,9,1,1,C03,7,9,1,10,2,14,,23,23,1,3,1,C03,120.625063,24.107626,2
2023,1,2,6,13,臺中市,北屯區,0,1,0,6,3,5,50,4,1,1,4,4,5,7,1,1,3,2,4,2,18,43,2,9,1,1,C03,7,9,1,10,2,14,,43,43,1,22,8,C03,120.699678,24.160396,2
2023,1,2,6,25,臺中市,北屯區,0,1,0,6,2,5,50,14,7,1,4,4,5,7,4,4,9,4,4,2,2,23,3,10,1,1,C03,7,9,1,10,2,11,,23,23,1,22,8,C03,120.695148,24.180743,2
2023,1,2,7,2,臺中市,南區,0,1,0,6,1,5,50,14,9,1,4,4,5,7,4,4,1,4,5,2,12,17,3,10,1,1,B03,7,9,1,8,2,2,,17,17,1,22,8,B03,120.658718,24.117693,2
2023,1,2,7,6,臺中市,西屯區,0,0,0,6,,,50,,,,,,,,,,,,,,,25,,,,,C03,,,6,,1,,,25,,1,22,,C03,120.61555,24.187251,3
2023,1,2,7,7,臺中市,后里區,0,0,0,6,,,50,,,,,,,,,,,,,,,23,,,,,B03,,,1,,1,,,44,23,1,9,,B03,120.717655,24.305181,4
2023,1,2,7,24,臺中市,西屯區,0,1,0,6,1,5,50,5,1,1,4,4,5,7,1,1,10,5,5,2,18,42,2,9,3,4,C03,7,9,1,10,2,15,,42,42,1,22,9,C03,120.638228,24.181468,2
2023,1,2,7,25,臺中市,西屯區,0,1,0,8,1,5,40,3,1,1,5,4,5,7,1,1,1,3,1,1,17,42,2,9,1,4,C03,7,9,1,10,2,14,,42,42,1,4,8,C03,120.619206,24.18087,2
2023,1,2,7,25,臺中市,太平區,0,2,0,6,1,5,50,4,1,1,4,4,5,7,3,1,10,5,5,2,15,6,2,7,1,1,C03,7,9,1,10,2,14,,6,6,1,3,8,C03,120.722029,24.155921,2
2023,1,2,7,32,臺中市,霧峰區,0,2,0,6,1,5,40,14,9,1,4,4,5,7,4,4,10,5,5,1,17,16,3,10,3,4,A41,7,15,1,1,3,15,,44,16,1,10,8,A41,120.663523,24.076973,2
2023,1,2,7,35,臺中市,太平區,0,1,0,6,1,5,30,11,9,1,4,4,5,7,4,4,5,5,5,2,18,23,2,9,1,1,C03,7,9,1,10,2,14,,23,23,1,21,8,C03,120.729095,24.140912,2
2023,1,2,7,36,臺中市,潭子區,0,1,0,6,1,5,50,3,1,1,4,4,5,5,4,4,5,5,5,2,17,6,3,10,1,1,B03,7,5,1,8,2,8,,6,6,1,22,8,B03,120.701743,24.187884,2
2023,1,2,7,38,臺中市,烏日區,0,0,0,8,1,5,30,3,2,1,5,4,5,7,4,4,10,5,5,2,14,12,,,,,B01,,,1,,11,,,12,,1,4,,B01,120.605985,24.108149,3
2023,1,2,7,41,臺中市,西屯區,0,1,0,6,1,5,40,4,1,1,4,4,5,7,1,1,1,3,1,2,18,26,2,9,1,1,C03,7,10,1,10,2,14,,26,26,1,22,9,C03,120.646454,24.164454,2
2023,1,2,7,42,臺中市,龍井區,0,2,0,6,1,5,40,14,8,1,4,4,5,7,4,4,1,5,1,1,13,16,2,9,1,1,C03,7,9,1,10,2,11,,16,16,1,22,8,C03,120.580059,24.194405,2
2023,1,2,7,51,臺中市,東區,0,1,0,6,1,5,50,4,1,1,4,4,5,7,1,1,10,5,5,2,16,6,3,10,1,1,B03,7,5,1,8,2,1,,6,6,1,5,8,B03,120.696485,24.138879,2
2023,1,2,7,51,臺中市,梧棲區,0,1,0,6,1,5,50,4,18,1,4,4,5,7,2,1,5,4,4,2,3,15,3,10,1,1,B03,7,5,1,8,2,8,,15,15,1,4,8,B03,120.530073,24.253752,2
2023,1,2,7,51,臺中市,豐原區,0,2,0,6,1,5,40,4,1,1,4,4,5,7,1,1,5,4,4,2,3,23,2,8,1,1,C03,7,9,1,10,2,12,,23,23,1,22,8,C03,120.71563,24.251408,2
2023,1,2,8,12,臺中市,烏日區,0,0,0,6,,,50,,,,,,,,,,,,,,,25,,,,,B03,,,1,,2,,,25,,1,21,,B03,120.643284,24.078953,3
2023,1,2,8,15,臺中市,霧峰區,0,0,0,6,,,50,,,,,,,,,,,,,,,23,,,,,B03,,,1,,2,,,23,,1,22,,B03,120.698708,24.0619,3
2023,1,2,8,20,臺中市,大雅區,0,0,0,8,,,70,,,,,,,,,,,,,,,23,,,,,B03,,,1,,2,,,23,,1,21,,B03,120.62962,24.241483,3
2023,1,2,8,27,臺中市,潭子區,0,0,0,6,,,60,,,,,,,,,,,,,,,7,,,,,B03,,,1,,2,,,7,,1,22,,B03,120.705581,24.217503,3
2023,1,2,8,35,臺中市,東勢區,0,1,0,8,1,5,50,4,9,1,5,4,5,7,1,1,5,4,5,1,16,6,3,10,1,1,B03,7,5,1,8,2,8,,6,6,1,22,9,B03,120.829326,24.25358,2
2023,1,2,8,38,臺中市,南區,0,2,0,6,1,5,50,4,1,1,4,4,5,7,1,1,10,5,5,2,15,25,2,9,1,1,C03,7,9,1,10,2,14,,25,25,1,22,8,C03,120.66392,24.116822,2
2023,1,2,8,40,臺中市,北屯區,0,0,0,8,,,50,,,,,,,,,,,,,,,44,,,,,B03,,,1,,10,,,44,,1,21,,B03,120.687446,24.196591,3
2023,1,2,8,50,臺中市,北屯區,0,1,0,6,1,5,50,11,9,1,4,4,5,7,4,4,1,4,5,2,18,23,2,9,1,1,C03,7,9,1,10,2,14,,23,23,1,21,8,C03,120.733286,24.168905,2
2023,1,2,9,0,臺中市,龍井區,0,0,0,6,,,50,,,,,,,,,,,,,,,10,,,,,B03,,,1,,2,,,10,,1,19,,B03,120.523543,24.202253,3
2023,1,2,9,1,臺中市,東區,0,2,0,6,1,5,50,4,1,1,4,4,5,7,1,3,10,5,5,2,15,42,2,9,1,1,B12,7,9,6,8,2,1,,42,42,1,22,8,B12,120.697163,24.133145,2
2023,1,2,9,2,臺中市,豐原區,0,0,0,6,,,60,,,,,,,,,,,,,,,26,,,,,C03,,,1,,2,,,26,,1,21,,C03,120.720216,24.263921,3
2023,1,2,9,15,臺中市,大甲區,0,3,0,6,1,5,30,4,1,1,4,4,5,7,1,1,10,5,5,2,16,6,2,9,1,1,C03,7,5,1,10,2,14,,6,6,1,22,9,C03,120.627824,24.346623,2
2023,1,2,9,17,臺中市,北屯區,0,0,0,6,,,50,,,,,,,,,,,,,,,23,,,,,C03,,,1,,2,,,23,23,1,21,,C03,120.744413,24.161685,3
2023,1,2,9,18,臺中市,潭子區,0,0,0,6,,,50,,,,,,,,,,,,,,,23,,,,,B12,,,1,,2,,,23,,1,22,,B12,120.710909,24.214317,3
2023,1,2,9,22,臺中市,西區,0,0,0,6,,,50,,,,,,,,,,,,,,,12,,,,,B03,,,1,,1,,,12,,1,21,,B03,120.661677,24.149691,4
2023,1,2,9,24,臺中市,豐原區,0,1,0,6,1,5,30,3,1,1,4,4,5,7,4,4,10,5,5,2,16,6,3,10,3,4,B03,7,6,1,8,2,8,,6,6,1,9,8,B03,120.721643,24.231849,2
2023,1,2,9,47,臺中市,烏日區,0,1,0,8,1,5,40,14,7,1,4,4,5,7,4,4,5,4,4,2,16,10,3,10,1,1,B03,7,11,1,8,2,7,,10,10,1,4,8,B03,120.607499,24.121403,2
2023,1,2,9,49,臺中市,南屯區,0,2,0,8,1,5,40,4,1,1,5,4,5,7,1,1,10,5,5,2,13,16,2,9,3,4,C03,7,6,1,10,2,11,,16,16,1,12,8,C03,120.640363,24.11713,2
2023,1,2,9,50,臺中市,潭子區,0,1,0,6,1,5,50,5,9,1,4,4,5,7,2,1,5,4,5,2,18,43,2,9,1,1,C03,7,5,1,10,2,12,,43,43,1,22,8,C03,120.686781,24.210318,2
2023,1,2,9,53,臺中市,豐原區,0,0,0,8,,,30,,,,,,,,,,,,,,,12,,,,,A12,,,1,,2,,,12,,1,22,,A12,120.72743,24.275034,3
2023,1,2,9,54,臺中市,太平區,0,1,0,7,1,5,40,3,1,1,4,4,5,7,1,1,10,5,5,2,16,8,2,9,1,1,C03,7,4,1,9,2,12,,1,8,1,3,8,C03,120.726221,24.119554,2
2023,1,2,10,0,臺中市,東區,0,1,0,7,1,5,50,4,1,1,5,4,5,7,1,1,10,5,5,2,16,6,3,10,1,1,A42,7,5,1,1,2,2,,6,6,1,5,8,A42,120.687669,24.13196,2
2023,1,2,10,1,臺中市,西區,0,1,0,6,1,5,50,4,1,1,4,4,5,7,1,1,10,5,5,2,18,43,2,9,1,1,C03,7,9,1,10,2,15,,43,43,1,22,9,C03,120.657261,24.139286,2
2023,1,2,10,3,臺中市,西屯區,0,1,0,6,1,5,50,3,1,1,4,4,5,7,2,1,10,5,5,2,17,25,3,10,1,1,B03,7,5,6,18,11,15,,25,25,1,22,8,B03,120.609588,24.184586,2
2023,1,2,10,6,臺中市,北區,0,1,0,7,1,5,40,3,1,1,5,4,5,7,4,4,3,4,5,2,16,6,3,10,1,1,B01,7,6,1,4,2,5,,6,6,1,10,4,B01,120.675376,24.161182,2
2023,1,2,10,11,臺中市,大甲區,0,1,0,6,1,5,50,4,1,1,4,4,5,7,1,1,10,5,5,2,13,16,2,9,1,1,C03,7,9,1,10,2,11,,16,16,1,22,9,C03,120.630588,24.342802,2
2023,1,2,10,18,臺中市,西區,0,1,0,8,1,5,50,4,1,1,5,4,5,7,4,4,10,5,5,2,15,6,2,9,1,1,C03,7,9,1,10,2,11,,6,6,1,20,8,C03,120.658837,24.149033,2
2023,1,2,10,22,臺中市,豐原區,0,0,0,6,,,50,,,,,,,,,,,,,,,23,,,,,B03,,,1,,2,,,23,23,2,21,,B03,120.71932,24.257308,3
2023,1,2,10,26,臺中市,西屯區,0,0,0,6,,,30,,,,,,,,,,,,,,,12,,,,,B12,,,1,,1,,,12,,1,22,,B12,120.622188,24.186846,3
2023,1,2,10,30,臺中市,神岡區,0,1,0,6,1,5,30,14,9,1,4,4,5,7,4,4,10,5,5,2,17,42,2,8,1,1,C03,7,9,1,9,2,11,,42,42,1,21,8,C03,120.709121,24.264296,2
2023,1,2,10,45,臺中市,西區,0,1,0,8,1,5,50,4,1,1,5,4,5,7,2,1,10,5,5,2,17,43,2,9,1,1,C03,7,9,1,10,2,14,,43,43,1,20,8,C03,120.665279,24.144329,2
2023,1,2,10,46,臺中市,西區,0,1,0,8,1,5,30,3,1,1,4,4,5,7,4,4,10,5,5,2,16,6,2,9,1,1,F03,7,5,8,20,2,16,,6,6,1,22,9,F03,120.662614,24.138991,2
2023,1,2,10,47,臺中市,神岡區,0,1,0,6,1,5,50,5,1,1,4,4,5,7,4,4,10,5,5,1,15,6,2,9,1,1,C03,7,9,1,10,2,11,,6,6,1,22,8,C03,120.693681,24.265723,2
2023,1,2,10,48,臺中市,北區,0,2,0,8,1,5,50,4,1,1,4,4,5,7,1,1,1,4,4,2,12,23,2,9,1,1,C03,7,9,1,10,2,13,,44,23,1,5,5,C03,120.676882,24.155716,2
2023,1,2,10,49,臺中市,梧棲區,0,1,0,8,1,5,30,3,1,1,5,4,5,7,4,4,10,5,5,2,12,16,2,9,3,4,C03,7,9,1,10,2,11,,16,16,1,22,8,C03,120.557622,24.257059,2
2023,1,2,10,56,臺中市,清水區,0,2,0,6,1,5,50,4,1,1,4,4,5,7,1,1,10,5,5,2,16,26,2,7,1,2,F03,7,7,8,20,2,16,,26,26,1,5,5,F03,120.57636,24.271489,2
2023,1,2,11,5,臺中市,潭子區,0,1,0,6,1,5,50,5,2,1,4,4,5,7,1,1,1,4,4,1,17,50,3,10,1,1,G03,7,9,1,5,2,15,,50,50,1,22,8,G03,120.697318,24.216424,2
2023,1,2,11,5,臺中市,西屯區,0,1,0,6,1,5,50,3,1,1,4,4,5,7,4,4,1,4,5,2,17,42,2,9,3,4,C03,7,9,1,10,2,15,,42,42,1,22,9,C03,120.647024,24.158427,2
2023,1,2,11,7,臺中市,大雅區,0,0,0,8,,,50,,,,,,,,,,,,,,,12,,,,,B03,,,1,,2,,,12,,1,21,,B03,120.629354,24.240956,4
2023,1,2,11,11,臺中市,北屯區,0,0,0,6,,,40,,,,,,,,,,,,,,,16,,,,,C03,,,1,,1,,,16,,1,21,,C03,120.700769,24.16792,3
2023,1,2,11,11,臺中市,大里區,0,1,0,6,1,5,50,4,1,1,4,4,5,7,1,1,5,5,4,2,16,6,3,10,1,1,B12,7,5,1,8,2,6,,6,6,1,22,9,B12,120.686153,24.115274,2
2023,1,2,11,15,臺中市,大肚區,0,0,0,,,,50,,,,,,,,,,,,,,,12,,,,,B12,,,1,,11,,,12,,1,21,,B12,120.549659,24.148289,3
2023,1,2,11,19,臺中市,清水區,0,0,0,7,1,5,50,14,9,1,4,4,5,7,4,4,5,5,5,2,14,12,,,,,B03,,,1,,1,,,12,,1,5,,B03,120.577634,24.271264,3
2023,1,2,11,20,臺中市,西屯區,0,0,0,8,,,50,,,,,,,,,,,,,,,7,,,,,B03,,,1,,2,,,7,,1,22,,B03,120.645191,24.162759,3
2023,1,2,11,25,臺中市,西屯區,0,2,0,8,1,5,30,14,9,1,4,4,5,7,4,4,10,5,5,2,17,23,2,9,1,4,C03,7,9,1,10,2,14,,23,23,1,4,8,C03,120.61541,24.184155,2
2023,1,2,11,25,臺中市,西屯區,0,2,0,6,1,5,50,4,1,1,4,4,5,7,4,4,10,5,5,2,16,6,2,9,1,1,C04,7,5,1,10,2,11,,6,6,1,22,8,C04,120.656556,24.169061,2
2023,1,2,11,27,臺中市,西屯區,0,1,0,6,1,5,50,14,12,1,4,4,5,7,4,4,1,4,4,2,16,9,3,10,1,1,B03,7,6,1,8,2,5,,9,9,1,22,8,B03,120.644966,24.162188,2
2023,1,2,11,29,臺中市,潭子區,0,1,0,6,1,5,50,4,1,1,4,4,5,7,3,1,10,5,5,2,17,19,3,10,1,1,B03,7,1,1,8,2,15,,19,19,1,22,8,B03,120.694233,24.221423,2
2023,1,2,11,30,臺中市,龍井區,0,1,0,6,1,5,50,3,2,1,4,4,5,7,4,4,5,5,5,1,12,23,3,10,1,1,C03,7,4,1,10,2,13,,23,23,1,22,8,C03,120.585214,24.184842,2
2023,1,2,11,32,臺中市,西屯區,0,0,0,8,,,50,,,,,,,,,,,,,,,8,,,,,B12,,,1,,2,,,8,,1,22,,B12,120.65707,24.200035,3
2023,1,2,11,37,臺中市,潭子區,0,1,0,6,1,5,50,3,1,1,4,4,5,7,4,4,5,5,5,1,17,50,3,10,1,4,G03,7,21,1,5,11,15,,50,50,1,22,8,G03,120.706977,24.212622,2
2023,1,2,11,37,臺中市,北屯區,0,1,0,6,1,5,50,4,1,1,4,4,5,7,1,1,10,5,5,2,17,26,3,10,1,1,B03,7,5,1,8,2,6,,44,26,1,21,8,B03,120.686331,24.186668,2
2023,1,2,11,39,臺中市,外埔區,0,0,0,8,,,30,,,,,,,,,,,,,,,23,,,,,B12,,,1,,1,,,23,,1,22,,B12,120.673757,24.342779,3
2023,1,2,11,40,臺中市,東區,0,1,0,8,1,5,50,4,1,1,4,4,5,7,1,1,10,5,5,2,18,43,2,9,1,1,C03,7,6,1,10,2,15,,43,43,1,22,8,C03,120.701456,24.138879,2
2023,1,2,11,45,臺中市,北屯區,0,0,0,6,,,50,,,,,,,,,,,,,,,40,,,,,B03,,13,1,8,1,7,,40,40,1,21,8,B03,120.691359,24.172866,3
2023,1,2,11,51,臺中市,清水區,0,1,0,6,1,5,50,3,1,1,4,4,5,7,3,1,10,5,5,2,17,13,3,10,1,1,B12,7,5,3,18,2,7,,8,13,1,5,5,B12,120.602465,24.308276,2
2023,1,2,12,0,臺中市,潭子區,0,1,0,6,1,5,30,4,1,1,4,4,5,7,2,1,10,5,5,2,18,43,2,9,1,1,C03,7,5,1,10,2,12,,43,43,1,22,8,C03,120.693148,24.216023,2
2023,1,2,12,0,臺中市,西屯區,0,1,0,6,1,5,50,3,1,1,4,4,5,7,1,1,10,5,5,2,17,6,3,10,3,4,B03,7,6,1,8,2,6,,6,6,1,22,9,B03,120.646261,24.185113,2
2023,1,2,12,0,臺中市,神岡區,0,1,0,6,1,5,50,3,1,1,4,4,5,7,2,1,1,4,5,1,16,8,2,9,1,1,C03,7,5,2,18,2,14,,8,8,1,16,8,C03,120.682906,24.246825,2
2023,1,2,12,3,臺中市,大雅區,0,0,0,8,,,50,,,,,,,,,,,,,,,12,,,,,B03,,,1,,2,,,12,,1,21,,B03,120.651417,24.228611,3
2023,1,2,12,13,臺中市,潭子區,0,0,0,6,,,50,,,,,,,,,,,,,,,42,,,,,B12,,,1,,2,,,42,42,1,22,,B12,120.68686,24.209086,3
2023,1,2,12,15,臺中市,烏日區,0,0,0,6,,,50,,,,,,,,,,,,,,,12,,,,,B03,,,1,,2,,,12,,1,21,,B03,120.624113,24.102889,3
2023,1,2,12,17,臺中市,南屯區,0,0,0,6,,,30,,,,,,,,,,,,,,,23,,,,,B03,,,1,,2,,,23,23,1,22,,B03,120.64275,24.141277,3
2023,1,2,12,22,臺中市,北屯區,0,1,0,8,1,5,50,4,1,1,4,4,5,7,1,1,10,5,5,2,17,25,3,10,1,1,B12,7,6,1,8,2,15,,25,25,1,22,8,B12,120.67899,24.176906,2
2023,1,2,12,25,臺中市,西屯區,0,1,0,6,1,5,50,4,1,1,4,4,5,7,1,1,1,4,5,1,16,26,3,10,1,4,B03,7,6,1,8,2,6,,26,26,1,4,8,B03,120.65578,24.19938,2
2023,1,2,12,29,臺中市,西區,0,0,0,,,,50,,,,,,,,,,,,,,,7,,,,,B03,,,1,,1,,,7,,1,5,,B03,120.66213,24.154552,3
2023,1,2,12,29,臺中市,南區,0,1,0,6,1,5,30,4,1,1,4,4,5,7,1,1,10,5,5,2,15,6,3,10,1,1,B12,7,9,1,1,2,8,,6,6,1,5,8,B12,120.683399,24.130985,2
2023,1,2,12,30,臺中市,東區,0,0,0,,,,50,,,,,,,,,,,,,,,44,,,,,B03,,,1,,2,,,44,,1,5,,B03,120.704331,24.141536,3
2023,1,2,12,30,臺中市,南屯區,0,0,0,8,1,5,50,14,9,1,5,4,5,7,4,4,1,4,5,2,14,12,3,10,1,1,B03,7,2,1,8,1,3,,12,12,1,2,3,B03,120.6083,24.144907,3
2023,1,2,12,32,臺中市,西屯區,0,0,0,8,,,50,,,,,,,,,,,,,,,23,,,,,C03,,,1,,1,,,23,23,1,22,,C03,120.643643,24.165818,3
2023,1,2,12,35,臺中市,西屯區,0,1,0,6,1,5,50,4,7,1,4,4,5,7,2,1,4,1,4,2,18,42,2,9,1,1,C03,7,9,1,10,2,12,,42,42,1,22,8,C03,120.645487,24.172346,2
2023,1,2,12,38,臺中市,大里區,0,0,0,6,,,40,,,,,,,,,,,,,,,23,,,,,F03,,,8,,2,,,23,,1,12,,F03,120.696263,24.110663,3
2023,1,2,12,40,臺中市,南屯區,0,0,0,8,,,30,,,,,,,,,,,,,,,19,,,,,B03,,,1,,1,,,19,,1,22,,B03,120.639863,24.140191,3
2023,1,2,12,40,臺中市,北屯區,0,0,0,6,,,50,,,,,,,,,,,,,,,7,,,,,A02,,,1,,2,,,7,7,1,10,,A02,120.665153,24.18396,3
2023,1,2,12,41,臺中市,南屯區,0,0,0,8,,,50,,,,,,,,,,,,,,,42,,,,,G03,,,8,,2,,,42,,1,10,,G03,120.635278,24.146059,3
2023,1,2,12,43,臺中市,龍井區,0,2,0,7,1,5,50,14,9,1,4,4,5,7,4,4,9,5,5,1,3,23,2,9,1,1,C03,7,9,1,10,2,11,,23,23,1,12,8,C03,120.530298,24.17788,2
2023,1,2,12,43,臺中市,后里區,0,0,0,8,,,50,,,,,,,,,,,,,,,4,,,,,B03,,,1,,1,,,4,,1,21,,B03,120.710305,24.305469,3
2023,1,2,12,47,臺中市,南區,0,2,0,7,1,5,50,3,2,1,4,4,5,7,4,4,10,5,5,2,16,6,2,9,1,1,C03,7,6,1,10,2,14,,6,6,1,22,8,C03,120.671742,24.128872,2
2023,1,2,12,48,臺中市,大里區,0,0,0,8,,,50,,,,,,,,,,,,,,,23,,,,,C03,,,1,,2,,,23,,1,21,,C03,120.703482,24.095975,3
2023,1,2,12,57,臺中市,大里區,0,2,0,8,1,5,50,4,1,1,4,4,5,7,1,1,4,5,4,1,16,26,3,10,1,1,C03,7,5,1,10,2,13,,26,26,1,22,9,C03,120.683817,24.110261,2
2023,1,2,13,5,臺中市,大里區,0,1,0,6,1,5,50,3,1,1,4,4,5,7,1,1,10,5,5,2,16,25,3,10,1,1,B03,7,5,1,8,2,6,,25,25,1,5,5,B03,120.689898,24.114876,2
2023,1,2,13,6,臺中市,神岡區,0,0,0,8,,,50,,,,,,,,,,,,,,,23,,,,,B03,,,1,,2,,,23,,1,22,,B03,120.656923,24.263723,3
2023,1,2,13,10,臺中市,烏日區,0,0,0,8,,,30,,,,,,,,,,,,,,,23,,,,,B03,,,1,,2,,,23,,1,21,,B03,120.639148,24.105347,3
2023,1,2,13,15,臺中市,太平區,0,0,0,,,,50,,,,,,,,,,,,,,,12,,,,,B03,,,1,,11,,,12,,1,4,,B03,120.719332,24.131217,3
2023,1,2,13,18,臺中市,大雅區,0,0,0,8,,,30,,,,,,,,,,,,,,,5,,,,,B03,,,1,,2,,,5,,1,21,,B03,120.62619,24.226989,3
2023,1,2,13,24,臺中市,西屯區,0,0,0,8,,,50,,,,,,,,,,,,,,,7,,,,,B03,,,1,,2,,,7,,1,22,,B03,120.638611,24.169633,3
2023,1,2,13,25,臺中市,豐原區,0,0,0,6,,,50,,,,,,,,,,,,,,,16,,,,,B12,,,1,,2,,,16,,1,22,,B12,120.751927,24.271272,3
2023,1,2,13,27,臺中市,北屯區,0,1,0,7,1,5,50,4,1,1,5,4,5,7,1,1,10,5,5,2,16,23,2,9,3,4,C03,7,1,1,10,2,14,,19,23,1,21,8,C03,120.69224,24.165029,2
2023,1,2,13,35,臺中市,東區,0,0,0,8,,,50,,,,,,,,,,,,,,,42,,,,,B03,,,1,,2,,,42,,1,22,,B03,120.689943,24.136109,3
2023,1,2,13,37,臺中市,沙鹿區,0,0,0,8,,,50,,,,,,,,,,,,,,,7,,,,,B03,,,1,,2,,,7,,1,9,,B03,120.621536,24.242372,3
2023,1,2,13,39,臺中市,南屯區,0,0,0,8,1,5,50,5,2,1,5,4,5,7,1,1,5,2,5,2,17,42,3,10,1,1,B03,7,9,1,8,1,2,,42,42,1,22,8,B03,120.628305,24.140206,3
2023,1,2,13,44,臺中市,西屯區,0,0,0,6,,,30,,,,,,,,,,,,,,,42,,,,,B03,,,1,,1,,,42,,1,22,,B03,120.694118,24.164146,3
2023,1,2,13,44,臺中市,豐原區,0,0,0,8,,,50,,,,,,,,,,,,,,,17,,,,,A32,,,1,,9,,,17,,1,10,,A32,120.722048,24.276436,3