年,月,日,時,分,縣市,區,死,受傷,2-30,天候,光線,道路類別,速限,道路型態,事故位置,路面鋪裝,路面狀態,路面缺陷,障礙物,視距,號誌種類,號誌動作,分向設施,快車道或一般車道間,快慢車道間,路面邊線,事故類型及型態,主要肇因,受傷程度,主要傷處,保護裝備,行動電話,當事者區分,車輛用途,當事者行動狀態,駕駛資格情形,駕駛執照種類,飲酒情形,車輛撞擊部位最初,車輛撞擊部位其他,肇事因素個別,肇事因素主要,肇事逃逸,職業,旅次目的,車種,GPS緯度,GPS經度,事故類別
2023,1,2,13,55,臺中市,潭子區,0,1,0,8,1,5,50,3,2,1,5,4,5,7,4,4,5,4,5,1,18,23,2,8,1,1,C03,7,9,1,10,2,14,,23,23,1,22,8,C03,120.719127,24.193562,2
2023,1,2,14,1,臺中市,南屯區,0,1,0,8,1,5,50,3,1,1,5,4,5,7,4,4,10,5,5,2,16,6,3,10,1,4,C03,7,5,1,10,2,12,,6,6,1,22,8,C03,120.63608,24.133778,2
2023,1,2,14,3,臺中市,大里區,0,1,0,7,1,5,50,4,1,1,4,4,5,7,1,1,5,2,5,1,17,16,2,9,3,4,C03,7,6,1,10,2,12,,16,16,1,21,8,C03,120.690563,24.090073,2
2023,1,2,14,8,臺中市,東區,0,0,0,8,1,5,50,14,9,1,5,4,5,7,4,4,5,4,5,2,14,12,3,10,1,1,B03,7,2,1,8,2,3,,12,12,1,5,8,B03,120.702345,24.131656,3
2023,1,2,14,10,臺中市,西屯區,0,0,0,8,,,40,,,,,,,,,,,,,,,12,,,,,B03,,,1,,2,,,12,,1,22,,B03,120.632701,24.204644,3
2023,1,2,14,13,臺中市,西屯區,0,1,0,7,1,5,50,4,1,1,5,4,5,7,1,1,10,5,5,2,17,26,3,10,3,4,B03,7,6,1,8,2,2,,26,26,1,22,9,B03,120.649796,24.162755,2
2023,1,2,14,14,臺中市,西屯區,0,0,0,8,,,50,,,,,,,,,,,,,,,7,,,,,B03,,,1,,2,,,7,,1,4,,B03,120.639528,24.169015,3
2023,1,2,14,19,臺中市,后里區,0,0,0,8,,,30,,,,,,,,,,,,,,,6,,,,,B12,,,1,,2,,,6,,1,4,,B12,120.707545,24.314241,3
2023,1,2,14,23,臺中市,東區,0,0,0,8,,,50,,,,,,,,,,,,,,,23,,,,,B03,,,1,,2,,,23,,1,22,,B03,120.708968,24.140688,3
2023,1,2,14,35,臺中市,南區,0,0,0,,,,50,,,,,,,,,,,,,,,16,,,,,B03,,,1,,2,,,16,,1,5,,B03,120.669997,24.118311,3
2023,1,2,14,36,臺中市,梧棲區,0,0,0,8,,,60,,,,,,,,,,,,,,,23,,,,,A42,,,1,,2,,,23,,1,22,,A42,120.526305,24.226165,3
2023,1,2,14,40,臺中市,南屯區,0,1,0,8,1,5,30,4,1,1,5,4,5,7,4,4,10,5,5,2,16,6,2,3,1,1,B03,7,9,1,8,1,5,,6,6,1,22,8,B03,120.615583,24.153239,2
2023,1,2,14,46,臺中市,北區,0,0,0,,,,50,,,,,,,,,,,,,,,23,,,,,C03,,,1,,1,,,23,,1,21,,C03,120.68616,24.146227,3
2023,1,2,14,48,臺中市,豐原區,0,1,0,7,1,5,50,4,1,1,4,4,5,7,4,4,5,5,4,1,16,6,3,10,1,1,B03,7,9,1,8,2,2,,6,6,1,21,8,B03,120.700779,24.242943,2
2023,1,2,14,50,臺中市,豐原區,0,0,0,8,,,50,,,,,,,,,,,,,,,42,,,,,F01,,,8,,2,,,42,,1,22,,F01,120.718099,24.251817,3
2023,1,2,14,59,臺中市,南屯區,0,0,0,8,,,1,,,,,,,,,,,,,,,12,,,,,B03,,,1,,2,,,12,,1,5,,B03,120.645095,24.142018,3
2023,1,2,15,0,臺中市,外埔區,0,0,0,8,,,50,,,,,,,,,,,,,,,16,,,,,B03,,,1,,2,,,16,,1,21,,B03,120.63879,24.341888,3
2023,1,2,15,1,臺中市,西屯區,0,0,0,8,,,50,,,,,,,,,,,,,,,1,,,,,C03,,,1,,2,,,1,,1,4,,C03,120.665182,24.166788,3
2023,1,2,15,5,臺中市,潭子區,0,2,0,8,1,5,30,4,1,1,5,4,5,7,4,4,10,4,5,2,15,6,2,9,1,1,C03,7,9,1,10,2,14,,6,6,1,22,8,C03,120.693253,24.217683,2
2023,1,2,15,9,臺中市,烏日區,0,0,0,8,,,50,,,,,,,,,,,,,,,16,,,,,F03,,,1,,2,,,16,,1,21,,F03,120.621817,24.104969,3
2023,1,2,15,10,臺中市,西屯區,0,0,0,8,,,50,,,,,,,,,,,,,,,67,,,,,,,,,,,,,67,,1,,,,120.650713,24.164778,3
2023,1,2,15,16,臺中市,東勢區,0,0,0,8,1,5,30,14,9,1,5,4,5,7,4,4,10,5,5,2,12,21,3,10,1,1,B03,7,9,5,18,8,5,,21,21,2,22,9,B03,120.830953,24.259746,3
2023,1,2,15,22,臺中市,太平區,0,0,0,8,,,50,,,,,,,,,,,,,,,23,,,,,B03,,,1,,2,,,23,,1,21,,B03,120.714486,24.149828,3
2023,1,2,15,25,臺中市,北屯區,0,1,0,8,1,5,50,14,9,1,5,4,5,7,4,4,1,4,5,2,16,6,2,8,1,1,C03,7,4,1,10,2,14,,23,6,1,22,8,C03,120.699201,24.176877,2
2023,1,2,15,27,臺中市,外埔區,0,0,0,8,1,5,50,14,13,1,5,4,4,7,4,4,5,5,5,1,14,12,,,,,B12,,,1,,2,,,12,,1,22,,B12,120.638655,24.341809,3
2023,1,2,15,31,臺中市,東區,0,0,0,,,,50,,,,,,,,,,,,,,,19,,,,,B03,,,1,,2,,,19,,1,22,,B03,120.70927,24.144613,3
2023,1,2,15,32,臺中市,太平區,0,1,0,8,1,5,50,3,1,1,5,4,5,7,1,1,10,5,5,2,16,6,3,10,1,1,B03,7,5,1,8,2,5,,6,6,1,4,5,B03,120.71197,24.159068,2
2023,1,2,15,35,臺中市,大里區,0,1,0,8,1,5,50,14,9,1,5,4,5,7,4,4,10,4,5,1,17,6,3,10,1,1,C03,7,5,1,10,2,15,,6,6,1,12,8,C03,120.708651,24.086828,2
2023,1,2,15,40,臺中市,北屯區,0,0,0,8,,,50,,,,,,,,,,,,,,,16,,,,,B03,,,1,,1,,,16,,1,22,,B03,120.71275,24.173068,3
2023,1,2,15,45,臺中市,西區,0,0,0,8,,,50,,,,,,,,,,,,,,,23,,,,,B02,,,1,,2,,,23,,1,21,,B02,120.666907,24.153208,3
2023,1,2,15,47,臺中市,太平區,0,0,0,8,,,50,,,,,,,,,,,,,,,12,,,,,B03,,,1,,2,,,12,,1,3,,B03,120.713415,24.155655,3
2023,1,2,15,49,臺中市,大里區,0,0,0,8,,,50,,,,,,,,,,,,,,,23,,,,,B03,,,1,,2,,,23,,1,5,,B03,120.688186,24.094334,3
2023,1,2,15,50,臺中市,東區,0,0,0,8,,,50,,,,,,,,,,,,,,,19,,,,,B03,,,1,,2,,,19,,1,22,,B03,120.691623,24.126256,3
2023,1,2,15,50,臺中市,烏日區,0,0,0,8,,,40,,,,,,,,,,,,,,,6,,,,,B03,,,1,,2,,,6,,1,21,,B03,120.644181,24.089718,3
2023,1,2,15,53,臺中市,大雅區,0,0,0,8,,,30,,,,,,,,,,,,,,,12,,,,,B03,,,1,,9,,,12,,1,21,,B03,120.635975,24.217287,3
2023,1,2,15,55,臺中市,西區,0,1,0,8,1,5,50,4,1,1,5,4,5,7,2,1,10,5,5,2,16,7,3,10,1,1,C03,7,8,1,10,2,12,,7,7,1,21,8,C03,120.658839,24.140149,2
2023,1,2,15,58,臺中市,南區,0,0,0,,,,50,,,,,,,,,,,,,,,23,,,,,B03,,,1,,9,,,23,,1,22,,B03,120.676291,24.129852,3
2023,1,2,15,58,臺中市,大里區,0,0,0,8,,,80,,,,,,,,,,,,,,,34,,,,,A12,,,1,,2,,,34,,1,12,,A12,120.690704,24.098029,3
2023,1,2,16,0,臺中市,中區,0,1,0,8,1,5,50,3,1,1,5,4,5,7,4,4,5,4,5,1,16,9,3,10,1,1,B03,7,6,1,8,2,5,,9,9,1,21,8,B03,120.684078,24.142146,2
2023,1,2,16,0,臺中市,大里區,0,0,0,8,,,30,,,,,,,,,,,,,,,23,,,,,B12,,,1,,2,,,23,23,1,21,,B12,120.689088,24.113349,3
2023,1,2,16,5,臺中市,西屯區,0,0,0,8,,,50,,,,,,,,,,,,,,,16,,,,,B03,,,1,,1,,,16,16,1,22,,B03,120.634211,24.179601,3
2023,1,2,16,6,臺中市,北屯區,0,0,0,8,,,50,,,,,,,,,,,,,,,23,,,,,B03,,,1,,1,,,23,,1,22,,B03,120.667023,24.180482,3
2023,1,2,16,12,臺中市,西區,0,0,0,,,,30,,,,,,,,,,,,,,,23,,,,,B03,,,1,,9,,,23,,1,5,,B03,120.662071,24.151443,3
2023,1,2,16,12,臺中市,北區,0,1,0,8,1,5,50,14,9,1,5,4,5,7,4,4,2,4,5,2,13,23,3,10,1,1,C03,7,9,1,10,2,11,,23,16,1,22,8,C03,120.684973,24.151592,2
2023,1,2,16,15,臺中市,東區,0,0,0,8,1,5,50,14,7,1,5,4,5,7,4,4,5,4,4,2,16,19,3,10,1,1,C03,7,1,,10,2,11,,19,19,1,22,8,C03,120.696201,24.14275,3
2023,1,2,16,15,臺中市,東區,0,2,0,8,1,5,50,4,1,1,5,4,5,7,1,1,5,4,5,2,16,42,3,10,1,1,C03,7,4,1,10,2,12,,42,42,1,21,8,C03,120.689302,24.144359,2
2023,1,2,16,18,臺中市,大肚區,0,0,0,,,,60,,,,,,,,,,,,,,,23,,,,,A11,,,1,,2,,,23,,1,10,,A11,120.548878,24.152082,3
2023,1,2,16,19,臺中市,南屯區,0,3,0,8,1,5,50,5,1,1,5,4,5,7,2,1,10,5,5,2,13,23,2,9,1,1,C03,7,9,1,10,2,11,,23,23,1,22,8,C03,120.637724,24.142453,2
2023,1,2,16,24,臺中市,太平區,0,1,0,8,1,5,50,3,1,1,5,4,5,7,4,4,5,5,5,2,18,14,2,9,1,1,C03,7,9,1,10,2,14,,14,14,1,21,8,C03,120.710271,24.158158,2
2023,1,2,16,25,臺中市,潭子區,0,0,0,8,,,60,,,,,,,,,,,,,,,16,,,,,B03,,,1,,2,,,16,,1,22,,B03,120.687198,24.211146,3
2023,1,2,16,30,臺中市,西屯區,0,0,0,8,,,50,,,,,,,,,,,,,,,7,,,,,B03,,,1,,1,,,7,,1,1,,B03,120.639414,24.188611,3
2023,1,2,16,32,臺中市,大里區,0,2,0,8,1,5,40,14,9,1,5,4,5,7,4,4,9,5,5,1,16,23,2,9,1,1,C03,7,9,1,10,2,11,,23,23,1,3,8,C03,120.699608,24.096429,2
2023,1,2,16,33,臺中市,南屯區,0,1,0,8,1,5,50,14,8,1,5,4,5,7,4,4,1,4,1,2,16,6,3,10,3,4,B03,7,6,1,8,2,2,,6,6,1,22,8,B03,120.623479,24.150281,2
2023,1,2,16,35,臺中市,大里區,0,0,0,8,,,50,,,,,,,,,,,,,,,23,,,,,B03,,,1,,2,,,23,,1,22,,B03,120.701268,24.099994,3
2023,1,2,16,38,臺中市,北屯區,0,1,0,8,1,5,50,11,9,1,5,4,5,7,4,4,5,4,5,2,16,7,2,9,1,1,C03,7,15,1,10,2,14,,44,7,1,21,8,C03,120.744067,24.186204,2
2023,1,2,16,38,臺中市,沙鹿區,0,2,1,8,1,5,60,4,1,1,5,4,5,7,2,1,10,5,5,2,16,26,3,10,1,1,B03,7,6,1,8,2,2,,26,26,1,22,9,B03,120.564691,24.23969,2
2023,1,2,16,39,臺中市,大里區,0,0,0,8,,,30,,,,,,,,,,,,,,,12,,,,,B12,,,1,,1,,,12,,1,22,,B12,120.690912,24.101412,3
2023,1,2,16,42,臺中市,烏日區,0,2,0,8,1,5,50,4,18,1,5,4,5,7,2,1,10,5,5,2,3,15,2,9,1,1,C03,7,9,1,10,2,11,12,15,15,1,21,1,C03,120.595636,24.110709,2
2023,1,2,16,45,臺中市,北屯區,0,0,0,8,,,40,,,,,,,,,,,,,,,12,,,,,B03,,,1,,1,,,12,,1,22,,B03,120.722567,24.174085,3
2023,1,2,16,45,臺中市,烏日區,0,3,0,8,1,5,50,14,9,1,5,4,5,7,4,4,5,3,5,1,16,8,2,9,1,1,C03,7,5,3,18,2,14,,8,8,1,21,8,C03,120.624851,24.105765,2
2023,1,2,16,48,臺中市,西屯區,0,0,0,8,,,50,,,,,,,,,,,,,,,7,,,,,B03,,,1,,1,,,7,,1,22,,B03,120.63437,24.175381,3
2023,1,2,16,49,臺中市,南屯區,0,1,0,8,1,5,50,14,7,1,5,4,5,7,4,4,1,4,4,2,17,23,2,9,1,1,C03,7,9,1,10,2,11,,23,23,1,22,8,C03,120.640387,24.148006,2
2023,1,2,16,52,臺中市,南屯區,0,0,0,8,,,40,,,,,,,,,,,,,,,18,,,,,B03,,,1,,2,,,18,18,1,5,,B03,120.648491,24.151037,3
2023,1,2,16,53,臺中市,西屯區,0,2,0,8,1,5,40,14,7,1,5,4,5,7,4,4,5,5,4,2,16,19,2,9,1,1,C03,7,1,3,18,2,14,,19,19,1,4,8,C03,120.649548,24.172692,2
2023,1,2,16,54,臺中市,西屯區,0,0,0,8,,,60,,,,,,,,,,,,,,,16,,,,,B03,,,1,,1,,,16,,1,22,,B03,120.632293,24.170027,3
2023,1,2,16,55,臺中市,霧峰區,0,1,0,8,1,5,50,14,9,1,5,4,5,7,4,4,5,5,5,1,17,19,2,9,3,4,C03,7,1,1,10,2,14,,19,19,1,20,8,C03,120.715346,24.076748,2
2023,1,2,17,0,臺中市,西屯區,0,2,0,8,1,5,50,4,1,1,5,4,5,7,1,1,9,4,4,2,3,15,3,10,1,1,B03,7,5,6,18,9,1,,15,15,1,2,8,B03,120.62034,24.187158,2
2023,1,2,17,0,臺中市,豐原區,0,0,0,8,,,50,,,,,,,,,,,,,,,12,,,,,B03,,,1,,2,,,12,,1,22,,B03,120.72293,24.245813,3
2023,1,2,17,2,臺中市,大里區,0,2,0,8,1,5,30,4,1,1,5,4,5,7,4,4,10,5,5,2,15,6,2,9,1,1,C03,7,9,1,10,2,11,,6,6,1,5,8,C03,120.687906,24.113178,2
2023,1,2,17,5,臺中市,大雅區,0,1,0,8,1,5,50,5,1,1,5,4,5,7,1,1,10,5,5,2,17,10,3,10,1,1,B03,7,11,1,8,2,5,,10,10,1,21,8,B03,120.665038,24.234495,2
2023,1,2,17,9,臺中市,北區,0,1,0,8,1,5,50,4,1,1,5,4,5,7,4,4,5,5,5,2,16,6,2,9,1,1,C03,7,5,3,18,2,12,,6,6,1,5,8,C03,120.695215,24.155609,2
2023,1,2,17,9,臺中市,梧棲區,0,1,0,7,2,5,30,4,1,1,5,4,5,7,4,4,10,5,5,2,15,6,3,10,1,1,B03,7,9,1,8,2,8,,6,6,1,12,8,B03,120.543268,24.229629,2
2023,1,2,17,20,臺中市,烏日區,0,1,0,8,3,5,50,4,1,1,5,4,5,7,2,1,10,5,5,2,17,8,3,10,1,1,B03,7,5,1,8,2,15,,8,8,1,19,8,B03,120.625056,24.106255,2
2023,1,2,17,34,臺中市,太平區,0,0,0,8,,,50,,,,,,,,,,,,,,,6,,,,,C03,,,1,,2,,,6,,1,21,,C03,120.721389,24.149192,3
2023,1,2,17,34,臺中市,大甲區,0,2,0,8,1,5,50,4,1,1,5,4,5,7,4,4,10,5,5,2,15,6,2,7,1,1,C03,7,9,1,10,2,12,,6,6,1,9,8,C03,120.644038,24.405414,2
2023,1,2,17,39,臺中市,龍井區,0,1,0,8,3,5,60,14,22,1,5,4,5,7,4,4,1,4,4,1,19,23,2,9,1,1,B03,7,9,1,8,2,1,,23,23,1,21,8,B03,120.52192,24.217145,2
2023,1,2,17,40,臺中市,太平區,0,0,0,8,,,30,,,,,,,,,,,,,,,12,,,,,B03,,,1,,1,,,12,,1,4,,B03,120.71809,24.153934,3
2023,1,2,17,42,臺中市,西屯區,0,0,0,8,,,40,,,,,,,,,,,,,,,42,,,,,B03,,,1,,1,,,42,,1,1,,B03,120.635222,24.172542,3
2023,1,2,17,45,臺中市,東區,0,2,0,7,3,5,50,4,1,1,5,4,5,7,4,4,10,5,5,2,15,6,2,9,1,1,C03,7,9,1,10,2,11,,6,6,1,22,9,C03,120.688958,24.13616,2
2023,1,2,17,45,臺中市,梧棲區,0,1,0,7,2,5,40,14,8,1,5,4,5,7,4,4,1,4,4,2,16,27,3,10,1,1,B12,7,6,1,7,2,5,,27,27,1,12,8,B12,120.538535,24.249643,2
2023,1,2,17,46,臺中市,北區,0,1,0,8,3,5,50,3,8,1,5,4,5,7,4,4,1,4,4,2,13,23,2,9,1,1,C03,7,9,1,10,2,11,,23,23,1,22,8,C03,120.67561,24.149738,2
2023,1,2,17,47,臺中市,南區,0,1,0,8,3,5,50,4,1,1,5,4,5,6,2,1,5,5,5,2,2,15,3,10,1,1,B03,7,5,1,8,2,8,,15,15,1,22,8,B03,120.675128,24.124346,2
2023,1,2,17,48,臺中市,南屯區,0,0,0,8,2,5,50,14,9,1,5,4,5,7,4,4,1,4,5,2,13,23,3,10,1,1,B03,7,9,1,8,1,1,,23,23,1,2,5,B03,120.646406,24.147322,3
2023,1,2,17,49,臺中市,北屯區,0,0,0,8,,,50,,,,,,,,,,,,,,,23,,,,,B03,,,1,,1,,,23,,1,22,,B03,120.710891,24.18222,3
2023,1,2,17,50,臺中市,中區,0,0,0,,,,50,,,,,,,,,,,,,,,42,,,,,B03,,,1,,1,,,42,,1,5,,B03,120.682458,24.145932,4
2023,1,2,17,53,臺中市,龍井區,0,0,0,8,,,50,,,,,,,,,,,,,,,7,,,,,B03,,,1,,2,,,7,,1,10,,B03,120.550355,24.203956,3
2023,1,2,17,54,臺中市,潭子區,0,1,0,8,3,5,50,3,1,1,4,4,5,7,3,1,10,5,5,2,16,6,3,10,1,1,B12,7,5,1,8,2,1,,6,6,1,22,8,B12,120.708523,24.210706,2
2023,1,2,17,55,臺中市,東區,0,1,0,8,1,5,50,3,1,1,5,4,5,7,4,4,10,5,5,2,3,51,2,9,4,5,H01,8,17,8,20,9,16,,51,51,1,22,8,H01,120.702758,24.13888,2
2023,1,2,17,55,臺中市,外埔區,0,0,0,8,,,50,,,,,,,,,,,,,,,12,,,,,C03,,,1,,2,,,12,,1,21,,C03,120.670306,24.318455,3
2023,1,2,17,56,臺中市,北屯區,0,1,0,8,3,5,40,14,7,1,5,4,5,7,4,4,5,5,4,2,12,7,2,9,1,1,C03,7,7,1,10,2,14,,7,7,1,22,8,C03,120.696405,24.1645,2
2023,1,2,17,59,臺中市,西區,0,0,0,8,,,40,,,,,,,,,,,,,,,42,,,,,B03,,,1,,1,,,42,,1,5,,B03,120.659687,24.157317,3
2023,1,2,17,59,臺中市,龍井區,0,1,0,8,1,5,30,4,1,1,5,4,5,7,4,4,10,5,5,1,19,23,2,9,1,1,C03,7,6,6,18,8,11,,23,23,1,12,1,C03,120.495151,24.205144,2
2023,1,2,18,0,臺中市,南區,0,1,0,8,3,5,50,4,1,1,5,4,5,7,1,1,10,5,5,2,17,6,3,10,1,1,C03,7,6,1,10,2,12,,6,6,1,22,8,C03,120.679735,24.133071,2
2023,1,2,18,4,臺中市,大甲區,0,0,0,8,,,30,,,,,,,,,,,,,,,23,,,,,B12,,,1,,1,,,23,,1,19,,B12,120.613904,24.349029,3
2023,1,2,18,5,臺中市,潭子區,0,1,0,8,3,5,50,4,1,1,5,4,5,7,3,1,8,5,5,1,17,6,3,10,1,1,C03,7,5,1,10,2,12,,6,6,1,22,8,C03,120.704352,24.207145,2
2023,1,2,18,6,臺中市,西屯區,0,1,0,8,3,5,50,4,2,1,5,4,5,7,2,1,1,4,5,2,13,23,2,9,3,4,C03,7,9,4,8,2,11,,23,23,1,22,8,C03,120.619183,24.184795,2
2023,1,2,18,13,臺中市,北區,0,2,0,8,3,5,50,14,9,1,5,4,5,7,4,4,9,5,5,2,16,10,2,7,1,1,C03,7,11,1,10,2,13,,10,10,1,21,8,C03,120.695371,24.161135,2
2023,1,2,18,16,臺中市,龍井區,0,1,0,8,3,5,40,4,18,1,5,4,5,7,2,1,1,5,5,2,3,23,3,10,1,1,B03,7,5,1,8,2,8,,23,23,1,22,9,B03,120.585748,24.18628,2
2023,1,2,18,16,臺中市,沙鹿區,0,0,0,,,,50,,,,,,,,,,,,,,,19,,,,,C03,,,1,,2,,,19,,1,22,,C03,120.572288,24.229722,3
2023,1,2,18,17,臺中市,北屯區,0,2,0,8,3,5,50,4,1,1,5,4,5,7,1,1,10,5,5,2,16,6,3,10,1,1,C02,7,5,1,9,2,12,,6,6,1,22,8,C02,120.689327,24.201289,2
2023,1,2,18,20,臺中市,北區,0,1,0,8,3,5,50,4,1,1,5,4,5,7,4,4,5,5,5,2,15,6,2,9,1,1,C03,7,9,1,10,2,12,,6,6,1,22,8,C03,120.671852,24.168769,2
2023,1,2,18,24,臺中市,沙鹿區,0,1,0,7,3,5,50,14,9,1,5,4,5,7,4,4,5,5,5,2,16,40,2,7,3,1,B03,7,15,1,3,9,4,,40,40,1,22,9,B03,120.572907,24.227608,2
2023,1,2,18,27,臺中市,北區,0,1,0,8,1,5,50,3,1,1,5,4,5,7,1,1,10,5,5,2,3,15,3,10,1,1,B12,7,5,1,8,2,1,,15,15,1,22,8,B12,120.682261,24.152422,2
2023,1,2,18,29,臺中市,沙鹿區,0,0,0,8,,,60,,,,,,,,,,,,,,,16,,,,,B03,,,1,,2,,,16,,1,9,,B03,120.597304,24.25,3
2023,1,2,18,33,臺中市,南區,0,1,0,8,1,5,50,14,7,1,5,4,5,7,4,4,5,4,4,2,16,10,3,10,1,1,B03,7,11,1,8,2,2,,10,10,1,21,8,B03,120.683811,24.126343,2
2023,1,2,18,35,臺中市,大里區,0,0,0,8,,,30,,,,,,,,,,,,,,,42,,,,,B03,,,1,,2,,,42,,1,3,,B03,120.707633,24.086162,3
2023,1,2,18,37,臺中市,南屯區,0,0,0,8,3,5,50,14,9,1,5,4,5,7,4,4,5,4,5,2,17,18,3,10,1,1,B03,7,3,1,8,1,2,,18,18,1,22,8,B03,120.648587,24.146698,3
2023,1,2,18,38,臺中市,北區,0,0,0,8,,,50,,,,,,,,,,,,,,,23,,,,,B03,,,1,,1,,,23,,1,5,,B03,120.675623,24.165821,3
2023,1,2,18,41,臺中市,西屯區,0,0,0,8,,,50,,,,,,,,,,,,,,,23,,,,,C03,,,1,,1,,,23,,1,4,,C03,120.638984,24.180093,3
2023,1,2,18,41,臺中市,豐原區,0,0,0,8,,,50,,,,,,,,,,,,,,,16,,,,,B01,,,1,,2,,,16,,1,21,,B01,120.703123,24.249458,3
2023,1,2,18,50,臺中市,東勢區,0,0,0,8,,,40,,,,,,,,,,,,,,,12,,,,,B12,,,1,,2,,,12,,1,22,,B12,120.827886,24.261583,3
2023,1,2,18,57,臺中市,豐原區,0,0,0,8,3,5,50,3,1,1,5,4,5,7,1,1,5,5,4,2,11,23,3,10,1,1,C03,7,9,1,8,9,11,,23,14,1,21,8,C03,120.743871,24.255575,3
2023,1,2,19,10,臺中市,大雅區,0,0,0,8,,,50,,,,,,,,,,,,,,,18,,,,,B03,,,1,,2,,,18,,1,22,,B03,120.666556,24.218177,3
2023,1,2,19,15,臺中市,北屯區,0,1,0,8,3,5,50,14,9,1,5,4,5,7,4,4,5,5,5,2,16,26,3,10,1,1,B03,7,11,1,8,2,8,,26,26,1,21,8,B03,120.713313,24.169163,2
2023,1,2,19,26,臺中市,豐原區,0,1,0,8,3,5,50,14,9,1,5,4,5,7,4,4,10,4,5,1,17,26,3,10,1,1,B03,7,9,1,8,2,2,,26,26,1,22,8,B03,120.719997,24.262862,2
2023,1,2,19,30,臺中市,南屯區,0,1,0,7,3,5,50,4,1,1,5,4,5,7,1,1,10,5,5,2,16,6,3,10,3,4,B01,7,5,1,4,2,2,,6,6,1,22,8,B01,120.640571,24.146756,2
2023,1,2,19,38,臺中市,太平區,0,0,0,8,,,50,,,,,,,,,,,,,,,16,,,,,B12,,,1,,2,,,16,,1,21,,B12,120.717918,24.1288,3
2023,1,2,19,41,臺中市,南區,0,2,0,8,3,5,50,14,8,1,5,4,5,7,4,4,5,4,4,2,3,23,2,9,1,1,C03,7,9,1,10,2,11,,23,23,1,22,8,C03,120.674268,24.128816,2
2023,1,2,19,42,臺中市,北屯區,0,0,0,8,,,50,,,,,,,,,,,,,,,23,,,,,B03,,,1,,1,,,23,,1,22,,B03,120.712426,24.175636,3
2023,1,2,19,44,臺中市,后里區,0,2,0,8,3,5,50,14,7,1,5,4,5,7,4,4,1,5,5,1,3,51,2,9,4,5,H01,8,16,8,20,10,16,,51,51,1,22,8,H01,120.703954,24.326718,2
2023,1,2,19,46,臺中市,北屯區,0,0,0,8,,,50,,,,,,,,,,,,,,,23,,,,,B03,,,1,,1,,,23,,1,22,,B03,120.702488,24.164937,3
2023,1,2,19,48,臺中市,大雅區,0,0,0,8,,,30,,,,,,,,,,,,,,,5,,,,,B03,,,1,,9,,,5,,1,22,,B03,120.671294,24.220544,3
2023,1,2,19,48,臺中市,豐原區,0,0,0,8,,,50,,,,,,,,,,,,,,,42,,,,,B03,,,1,,2,,,42,,1,21,,B03,120.718399,24.239727,3
2023,1,2,19,49,臺中市,南區,0,0,0,,,,40,,,,,,,,,,,,,,,7,,,,,C03,,,1,,2,,,7,,1,22,,C03,120.667008,24.114258,3
2023,1,2,19,50,臺中市,霧峰區,0,0,0,8,,,50,,,,,,,,,,,,,,,17,,,,,B03,,,1,,2,,,17,,1,12,,B03,120.699118,24.067792,3
2023,1,2,19,52,臺中市,太平區,0,1,0,8,3,5,50,3,2,1,5,4,5,7,1,1,5,5,5,1,13,23,2,9,1,1,C03,7,9,1,10,2,11,,23,23,1,21,8,C03,120.70798,24.148984,2
2023,1,2,19,53,臺中市,霧峰區,0,0,0,8,,,50,,,,,,,,,,,,,,,12,,,,,B03,,,1,,2,,,12,,1,12,,B03,120.69559,24.052808,3
2023,1,2,20,0,臺中市,南區,0,0,0,8,3,5,50,14,8,1,5,4,5,7,4,4,1,4,4,2,17,23,3,10,1,1,C03,7,15,1,10,1,11,,23,23,1,22,8,C03,120.651878,24.112899,3
2023,1,2,20,1,臺中市,西屯區,0,0,0,8,,,40,,,,,,,,,,,,,,,16,,,,,B03,,,1,,1,,,16,,1,22,,B03,120.657618,24.158009,3
2023,1,2,20,20,臺中市,西屯區,0,0,0,8,,,50,,,,,,,,,,,,,,,12,,,,,B03,,,1,,2,,,12,,1,12,,B03,120.64391,24.161486,3
2023,1,2,20,26,臺中市,大肚區,0,0,0,,,,30,,,,,,,,,,,,,,,12,,,,,B12,,,1,,2,,,12,,1,21,,B12,120.549385,24.151578,3
2023,1,2,20,30,臺中市,烏日區,0,2,0,8,3,5,50,8,13,1,5,4,5,7,4,4,2,4,5,1,2,23,2,9,1,1,C03,7,9,1,10,2,12,,23,23,1,21,8,C03,120.643408,24.091295,2
2023,1,2,20,42,臺中市,西區,0,0,0,8,,,50,,,,,,,,,,,,,,,23,,,,,B03,,,1,,1,,,23,,1,5,,B03,120.665987,24.141458,3
2023,1,2,20,42,臺中市,沙鹿區,0,0,0,8,,,50,,,,,,,,,,,,,,,42,,,,,B03,,,1,,2,,,42,,1,22,,B03,120.575219,24.2391,3
2023,1,2,20,50,臺中市,北屯區,0,5,0,8,3,5,50,4,1,1,5,4,5,7,1,1,10,5,5,2,3,15,3,10,1,1,B03,7,5,1,8,2,8,,15,15,1,21,8,B03,120.721524,24.162548,2
2023,1,2,20,50,臺中市,西屯區,0,0,0,8,,,60,,,,,,,,,,,,,,,23,,,,,B03,,,1,,1,,,23,,1,22,,B03,120.644005,24.201692,3