年,月,日,時,分,縣市,區,死,受傷,2-30,天候,光線,道路類別,速限,道路型態,事故位置,路面鋪裝,路面狀態,路面缺陷,障礙物,視距,號誌種類,號誌動作,分向設施,快車道或一般車道間,快慢車道間,路面邊線,事故類型及型態,主要肇因,受傷程度,主要傷處,保護裝備,行動電話,當事者區分,車輛用途,當事者行動狀態,駕駛資格情形,駕駛執照種類,飲酒情形,車輛撞擊部位最初,車輛撞擊部位其他,肇事因素個別,肇事因素主要,肇事逃逸,職業,旅次目的,車種,GPS緯度,GPS經度,事故類別
2023,1,3,8,40,臺中市,烏日區,0,0,0,8,,,30,,,,,,,,,,,,,,,10,,,,,B03,,,1,,2,,,10,,1,22,,B03,120.600694,24.112036,3
2023,1,3,8,41,臺中市,北區,0,1,0,8,1,5,50,14,7,1,5,4,5,7,4,4,3,4,4,2,13,23,2,9,3,4,C03,7,9,1,10,2,11,,23,16,1,5,8,C03,120.673555,24.16552,2
2023,1,3,8,44,臺中市,大肚區,0,0,0,8,,,30,,,,,,,,,,,,,,,17,,,,,B12,,,1,,2,,,17,,1,22,,B12,120.573002,24.163743,3
2023,1,3,8,45,臺中市,北區,0,2,0,8,1,5,50,4,1,1,5,4,5,7,1,1,5,5,5,2,16,6,2,9,1,1,C03,7,5,1,10,2,14,,6,6,1,22,8,C03,120.672128,24.157429,2
2023,1,3,8,45,臺中市,北屯區,0,1,0,8,1,5,50,14,9,1,5,4,5,7,4,4,1,4,5,2,16,6,3,10,1,1,B12,7,6,1,8,2,5,,6,6,1,21,8,B12,120.686033,24.172506,2
2023,1,3,8,46,臺中市,西區,0,0,0,8,1,5,50,14,9,1,5,4,5,7,4,4,5,2,5,2,17,18,,,,,B03,,,1,,1,,,18,,1,9,,B03,120.672962,24.139975,3
2023,1,3,8,50,臺中市,南區,0,0,0,8,,,50,,,,,,,,,,,,,,,67,,,,,,,,,,,,,67,,1,,,,120.653957,24.123049,3
2023,1,3,8,50,臺中市,北屯區,0,1,0,8,1,5,50,3,1,1,5,4,5,7,4,4,1,4,5,2,17,6,3,10,1,1,B03,7,6,1,8,2,2,,6,6,1,21,8,B03,120.696686,24.170593,2
2023,1,3,8,50,臺中市,北屯區,0,0,0,8,,,50,,,,,,,,,,,,,,,7,,,,,C03,,,1,,2,,,7,7,1,5,,C03,120.733857,24.159137,3
2023,1,3,8,51,臺中市,南區,0,0,0,,,,50,,,,,,,,,,,,,,,19,,,,,A02,,,1,,2,,,19,,1,5,,A02,120.683708,24.128916,3
2023,1,3,8,52,臺中市,太平區,0,1,0,8,1,5,50,4,1,1,5,4,5,7,4,4,10,5,5,2,18,16,2,9,1,1,C03,7,9,1,10,11,12,,16,16,1,22,8,C03,120.716645,24.14188,2
2023,1,3,8,54,臺中市,西屯區,0,1,0,7,1,5,50,3,1,1,5,4,5,7,1,1,10,5,5,2,17,17,3,10,3,4,C03,7,6,1,10,2,12,,17,17,1,22,9,C03,120.645191,24.162759,2
2023,1,3,8,55,臺中市,北屯區,0,1,0,8,1,5,50,3,1,1,5,4,5,7,2,1,10,5,5,2,16,26,3,10,1,1,B03,7,5,1,8,2,8,,26,26,1,21,8,B03,120.699175,24.170345,2
2023,1,3,8,57,臺中市,南屯區,0,0,0,,,,40,,,,,,,,,,,,,,,17,,,,,C03,,,1,,2,,,17,,1,4,,C03,120.627838,24.119109,3
2023,1,3,9,1,臺中市,北屯區,0,1,0,7,1,5,50,4,1,1,5,4,5,7,2,1,10,5,5,2,16,1,3,10,1,1,B03,7,9,1,8,2,2,,44,1,1,21,8,B03,120.694171,24.164883,2
2023,1,3,9,7,臺中市,西區,0,0,0,8,1,5,50,4,2,1,5,4,5,7,4,4,10,5,5,2,17,23,,,,,B12,,,1,,1,,,23,23,1,10,,B12,120.660349,24.158096,3
2023,1,3,9,10,臺中市,太平區,0,1,0,8,1,5,50,4,1,1,5,4,1,7,3,1,10,5,5,2,15,6,2,9,1,1,C03,7,9,1,10,2,11,,6,6,1,4,1,C03,120.715643,24.143305,2
2023,1,3,9,11,臺中市,北屯區,0,2,0,8,1,5,50,14,9,1,5,4,5,7,4,4,1,4,4,2,13,23,2,9,1,1,C03,7,9,1,10,2,11,,23,23,1,21,8,C03,120.686091,24.18314,2
2023,1,3,9,12,臺中市,石岡區,0,0,0,8,,,15,,,,,,,,,,,,,,,4,,,,,B03,,,1,,1,,,4,4,1,22,,B03,120.78114,24.274553,3
2023,1,3,9,13,臺中市,西區,0,2,0,8,1,5,50,3,1,1,4,4,5,7,1,1,5,3,4,1,16,8,3,10,1,1,C03,7,5,1,10,2,14,,8,8,1,21,8,C03,120.67133,24.142609,2
2023,1,3,9,15,臺中市,南屯區,0,1,0,8,1,5,50,14,9,1,5,4,1,6,4,4,9,5,5,2,29,65,,,,,,,,,,,,,65,65,1,,,,120.608641,24.135696,2
2023,1,3,9,26,臺中市,南區,0,1,0,8,1,5,50,3,1,1,5,4,5,7,1,1,10,5,5,2,17,23,2,9,1,1,C03,7,9,1,10,2,11,,23,23,1,5,8,C03,120.657425,24.113175,2
2023,1,3,9,30,臺中市,潭子區,0,1,0,8,1,5,50,14,7,1,5,4,3,7,4,4,4,5,4,2,13,23,3,10,1,1,B03,7,9,1,8,3,1,,23,23,1,22,9,B03,120.691798,24.218348,2
2023,1,3,9,40,臺中市,南區,0,1,0,8,1,5,50,3,1,1,5,4,5,7,4,4,10,5,5,2,16,6,3,10,1,1,B03,7,6,1,8,2,5,,6,6,1,22,8,B03,120.651706,24.119146,2
2023,1,3,9,41,臺中市,太平區,0,1,0,8,1,5,50,5,1,1,5,4,5,7,1,1,10,5,5,2,16,19,3,10,1,1,B03,7,1,1,8,2,4,,19,19,1,4,7,B03,120.723637,24.118084,2
2023,1,3,9,44,臺中市,龍井區,0,0,0,8,,,50,,,,,,,,,,,,,,,6,,,,,B12,,,1,,2,,,6,,1,5,,B12,120.531116,24.187678,3
2023,1,3,9,52,臺中市,豐原區,0,1,0,8,1,5,50,14,7,1,5,4,5,7,4,4,5,4,4,2,17,42,2,9,1,1,C03,7,9,1,10,2,14,,42,42,1,22,8,C03,120.716726,24.248333,2
2023,1,3,9,53,臺中市,南屯區,0,0,0,8,,,50,,,,,,,,,,,,,,,7,,,,,B01,,,1,4,1,,,7,7,1,12,,B01,120.623141,24.145201,3
2023,1,3,9,54,臺中市,烏日區,0,0,0,8,,,30,,,,,,,,,,,,,,,23,,,,,A12,,,1,,2,,,23,,1,21,,A12,120.642805,24.063665,3
2023,1,3,9,58,臺中市,西區,0,1,0,8,1,5,50,14,9,1,5,4,5,7,4,4,5,4,5,2,16,19,3,10,1,1,B12,7,1,1,8,2,5,,19,19,1,5,5,B12,120.676712,24.140644,2
2023,1,3,10,4,臺中市,西區,0,0,0,8,1,5,50,4,2,1,5,4,5,7,1,1,9,4,5,2,13,42,,,,,B03,,,1,,1,,,42,,1,4,,B03,120.670235,24.146372,3
2023,1,3,10,5,臺中市,西屯區,0,2,0,7,1,5,50,14,9,1,5,4,5,7,4,4,5,4,5,2,12,9,2,7,1,1,C01,7,6,1,10,2,11,,9,9,1,22,8,C01,120.642614,24.197761,2
2023,1,3,10,5,臺中市,霧峰區,0,0,0,8,,,60,,,,,,,,,,,,,,,23,,,,,B12,,,1,,2,,,23,23,1,22,,B12,120.695795,24.055677,3
2023,1,3,10,5,臺中市,龍井區,0,2,0,7,1,5,50,3,1,1,5,4,5,7,4,4,10,5,4,2,3,23,2,9,1,1,C03,7,9,1,10,2,11,,23,23,1,22,8,C03,120.591817,24.181461,2
2023,1,3,10,12,臺中市,北屯區,0,0,0,8,,,50,,,,,,,,,,,,,,,12,,,,,B03,,,1,,2,,,12,12,1,5,,B03,120.720647,24.16988,3
2023,1,3,10,21,臺中市,北屯區,0,2,0,8,1,5,50,4,1,1,5,4,5,7,3,1,10,5,5,2,15,6,2,9,1,1,C03,7,9,1,10,2,11,,6,6,1,21,8,C03,120.698473,24.185901,2
2023,1,3,10,22,臺中市,外埔區,0,0,0,8,,,50,,,,,,,,,,,,,,,23,,,,,B03,,,3,,2,,,23,,1,20,,B03,120.638105,24.34234,3
2023,1,3,10,30,臺中市,太平區,0,0,0,8,,,50,,,,,,,,,,,,,,,16,,,,,A12,,,1,,2,,,16,,1,10,,A12,120.718845,24.137555,3
2023,1,3,10,31,臺中市,西屯區,0,1,0,8,1,5,50,3,1,1,5,4,5,7,4,4,10,5,5,2,16,23,3,10,1,1,B03,7,6,1,8,2,5,,23,23,1,22,8,B03,120.617447,24.182254,2
2023,1,3,10,35,臺中市,北區,0,0,0,8,,,50,,,,,,,,,,,,,,,23,,,,,B12,,,1,,1,,,23,,1,22,,B12,120.669332,24.163379,3
2023,1,3,10,39,臺中市,新社區,0,1,0,7,1,5,50,11,9,1,5,4,5,7,4,4,5,5,5,1,26,42,2,9,3,4,B03,7,9,6,18,2,8,,42,42,1,22,8,B03,120.797977,24.261556,2
2023,1,3,10,40,臺中市,北區,0,1,0,8,1,5,50,14,9,1,5,4,5,7,4,4,10,4,5,2,16,43,2,9,1,1,C03,7,9,1,10,2,12,,43,43,1,22,8,C03,120.672268,24.174311,2
2023,1,3,10,40,臺中市,南屯區,0,0,0,8,,,50,,,,,,,,,,,,,,,7,,,,,B03,,,1,,1,,,7,,1,5,,B03,120.614444,24.139283,3
2023,1,3,10,41,臺中市,北區,0,2,0,8,1,5,40,14,8,1,5,4,5,7,1,1,3,4,4,2,13,16,2,9,3,4,C03,7,9,1,10,2,11,,16,16,1,5,8,C03,120.676131,24.157718,2
2023,1,3,10,42,臺中市,潭子區,0,1,0,8,1,5,30,5,1,1,5,4,5,7,3,1,5,5,5,2,17,6,2,9,1,1,C03,7,9,4,8,2,14,,6,6,1,22,8,C03,120.700472,24.188492,2
2023,1,3,10,43,臺中市,烏日區,0,1,0,8,1,5,50,3,1,1,5,4,5,7,2,1,1,2,1,1,16,25,3,10,3,4,B03,7,6,1,8,2,5,,25,25,1,21,9,B03,120.618724,24.115942,2
2023,1,3,10,44,臺中市,東區,0,3,0,8,1,5,50,5,1,1,5,4,5,7,4,4,10,5,5,2,16,26,2,9,1,1,C03,7,9,1,10,2,11,,26,26,1,5,8,C03,120.693439,24.133146,2
2023,1,3,10,44,臺中市,霧峰區,0,1,0,8,1,5,50,4,1,1,5,4,5,7,1,1,10,5,5,2,16,6,3,10,1,1,B12,7,5,1,8,2,5,,6,6,1,22,8,B12,120.698048,24.059434,2
2023,1,3,10,52,臺中市,北屯區,0,1,0,8,1,5,40,14,8,1,5,4,5,7,4,4,5,4,4,2,17,23,2,9,1,1,C03,7,9,1,10,2,12,,23,23,1,18,8,C03,120.667944,24.19248,2
2023,1,3,10,59,臺中市,霧峰區,0,2,0,8,1,5,40,3,1,1,5,4,5,7,1,1,5,5,5,1,16,8,2,9,3,4,C03,7,5,1,10,2,13,,8,8,1,22,8,C03,120.713599,24.07537,2
2023,1,3,10,59,臺中市,豐原區,0,0,0,8,,,30,,,,,,,,,,,,,,,6,,,,,B03,,,1,,2,,,6,,1,21,,B03,120.729408,24.23424,3
2023,1,3,11,5,臺中市,霧峰區,0,1,0,8,1,5,50,4,1,1,5,4,5,7,1,1,10,5,5,2,17,23,3,10,3,4,C03,7,9,1,10,2,11,,23,23,1,22,8,C03,120.697536,24.069001,2
2023,1,3,11,13,臺中市,烏日區,0,0,0,8,,,30,,,,,,,,,,,,,,,17,,,,,B03,,,1,,2,,,17,,1,21,,B03,120.642757,24.0857,3
2023,1,3,11,14,臺中市,南屯區,0,0,0,8,,,50,,,,,,,,,,,,,,,6,,,,,B03,,,1,,1,,,6,,1,22,,B03,120.637876,24.148751,3
2023,1,3,11,25,臺中市,大里區,0,0,0,8,,,50,,,,,,,,,,,,,,,43,,,,,C03,,,1,,2,,,43,,1,22,,C03,120.690199,24.122286,3
2023,1,3,11,25,臺中市,沙鹿區,0,1,0,8,1,5,50,3,1,1,5,4,5,7,4,4,10,5,5,2,16,6,3,10,1,1,B03,7,5,1,8,2,7,,6,6,1,19,8,B03,120.58061,24.208916,2
2023,1,3,11,29,臺中市,神岡區,0,2,0,7,1,5,50,14,7,1,5,4,5,7,4,4,9,4,4,2,16,44,2,8,1,1,C03,7,1,1,10,2,12,,44,44,1,22,8,C03,120.701975,24.262792,2
2023,1,3,11,30,臺中市,西區,0,0,0,8,,,40,,,,,,,,,,,,,,,23,,,,,B03,,,1,,1,,,23,,1,5,,B03,120.658218,24.154769,3
2023,1,3,11,31,臺中市,大雅區,0,0,0,8,,,40,,,,,,,,,,,,,,,23,,,,,A12,,,1,,1,,,23,,1,21,,A12,120.632551,24.225421,3
2023,1,3,11,34,臺中市,北區,0,1,0,8,1,5,50,5,1,1,5,4,5,7,1,1,10,5,5,2,12,25,2,9,3,4,C03,7,6,1,10,2,14,,25,25,1,5,8,C03,120.677536,24.150592,2
2023,1,3,11,39,臺中市,大甲區,0,1,0,8,1,5,50,4,1,1,5,4,5,7,4,4,10,5,5,2,16,6,3,10,1,1,B03,7,5,1,8,2,8,,6,6,1,21,8,B03,120.62214,24.35224,2
2023,1,3,11,40,臺中市,北區,0,0,0,8,,,50,,,,,,,,,,,,,,,23,,,,,C03,,,1,,2,,,23,,1,22,,C03,120.682655,24.146756,3
2023,1,3,11,50,臺中市,大雅區,0,0,0,8,,,50,,,,,,,,,,,,,,,7,,,,,A11,,,1,,2,,,7,,1,21,,A11,120.657713,24.220354,3
2023,1,3,11,52,臺中市,潭子區,0,1,0,8,1,5,60,4,1,1,5,4,5,7,2,1,1,3,5,2,13,23,2,9,1,1,C03,7,9,1,10,2,11,,23,23,1,22,8,C03,120.705235,24.209884,2
2023,1,3,12,0,臺中市,沙鹿區,0,0,0,8,,,50,,,,,,,,,,,,,,,9,,,,,B03,,,1,,1,,,19,9,1,21,,B03,120.576615,24.210217,3
2023,1,3,12,2,臺中市,北屯區,0,0,0,8,,,50,,,,,,,,,,,,,,,43,,,,,B03,,,1,,11,,,43,,1,22,,B03,120.703473,24.164991,4
2023,1,3,12,5,臺中市,龍井區,0,1,0,7,1,5,60,4,1,1,5,4,5,7,2,1,10,5,5,2,16,26,3,10,1,1,B03,7,6,1,8,2,6,,26,26,1,22,8,B03,120.585503,24.186016,2
2023,1,3,12,7,臺中市,西屯區,0,0,0,8,,,50,,,,,,,,,,,,,,,7,,,,,C03,,,1,,1,,,7,,1,21,,C03,120.641578,24.178428,3
2023,1,3,12,8,臺中市,大里區,0,0,0,8,,,50,,,,,,,,,,,,,,,12,,,,,C03,,,1,,2,,,12,,1,22,,C03,120.692784,24.090902,3
2023,1,3,12,10,臺中市,南屯區,0,0,0,8,,,50,,,,,,,,,,,,,,,18,,,,,B03,,,1,,2,,,18,,1,19,,B03,120.645331,24.137605,3
2023,1,3,12,10,臺中市,北屯區,0,0,0,8,,,50,,,,,,,,,,,,,,,23,,,,,B03,,,1,,1,,,23,,1,21,,B03,120.693773,24.164821,3
2023,1,3,12,10,臺中市,大肚區,0,0,0,,,,50,,,,,,,,,,,,,,,23,,,,,B12,,,1,,2,,,23,,1,5,,B12,120.556765,24.16065,3
2023,1,3,12,12,臺中市,大里區,0,0,0,8,1,5,30,13,9,1,5,4,5,7,4,4,10,5,5,2,14,12,,,,,B03,,,1,,2,,,12,,1,22,,B03,120.68698,24.093622,3
2023,1,3,12,22,臺中市,大雅區,0,1,0,8,1,5,30,14,9,1,5,4,5,7,4,4,10,5,5,2,18,23,2,7,1,1,C03,7,4,1,10,2,12,,23,23,1,21,8,C03,120.655831,24.217472,2
2023,1,3,12,25,臺中市,潭子區,0,0,0,,,,50,,,,,,,,,,,,,,,1,,,,,C03,,,1,,2,,,1,,1,22,,C03,120.707407,24.211169,3
2023,1,3,12,26,臺中市,東區,0,0,0,,,,50,,,,,,,,,,,,,,,23,,,,,B03,,,1,,2,,,23,,1,21,,B03,120.696375,24.149086,3
2023,1,3,12,28,臺中市,太平區,0,0,0,,,,50,,,,,,,,,,,,,,,12,,,,,B03,,,1,,1,,,12,,1,4,,B03,120.724638,24.158559,3
2023,1,3,12,30,臺中市,太平區,0,0,0,8,,,30,,,,,,,,,,,,,,,12,,,,,A12,,,1,,2,,,12,,1,4,,A12,120.733732,24.107475,3
2023,1,3,12,35,臺中市,沙鹿區,0,1,0,8,1,5,30,4,1,1,5,4,5,7,4,4,10,5,5,2,15,6,3,10,1,1,B03,7,9,5,8,2,4,,6,6,1,9,8,B03,120.573373,24.242576,2
2023,1,3,12,35,臺中市,東勢區,0,2,0,8,1,5,50,14,9,1,5,4,5,7,4,4,5,5,5,1,17,26,2,9,1,1,C03,7,9,1,10,2,11,,23,26,1,22,8,C03,120.831213,24.24904,2
2023,1,3,12,40,臺中市,石岡區,0,2,0,7,1,5,70,14,9,1,5,4,5,7,4,4,1,5,5,1,17,10,3,10,3,4,B03,7,11,1,8,2,4,,10,10,1,22,8,B03,120.762866,24.277027,2
2023,1,3,12,47,臺中市,北屯區,0,0,0,8,,,50,,,,,,,,,,,,,,,23,,,,,B03,,,1,,2,,,23,,1,5,,B03,120.682891,24.180381,3
2023,1,3,12,50,臺中市,清水區,0,0,0,8,,,40,,,,,,,,,,,,,,,23,,,,,C03,,,1,,2,,,23,,1,5,,C03,120.58855,24.292964,3
2023,1,3,12,53,臺中市,西屯區,0,0,0,8,,,50,,,,,,,,,,,,,,,23,,,,,B12,,,1,,1,,,23,23,1,4,,B12,120.61943,24.18577,3
2023,1,3,12,54,臺中市,龍井區,0,0,0,,,,60,,,,,,,,,,,,,,,23,,,,,A12,,,1,,2,,,23,,1,9,,A12,120.575498,24.177517,3
2023,1,3,12,55,臺中市,北區,0,0,0,8,,,50,,,,,,,,,,,,,,,19,,,,,B03,,,1,,1,,,19,,1,22,,B03,120.6819,24.162895,3
2023,1,3,13,2,臺中市,沙鹿區,0,1,0,8,1,5,50,4,1,1,5,4,5,5,4,4,10,5,5,2,16,6,2,9,1,1,C03,7,9,1,10,2,12,,6,6,1,22,9,C03,120.561156,24.238817,2
2023,1,3,13,4,臺中市,北區,0,2,0,8,1,5,50,3,1,1,5,4,5,7,4,4,5,5,5,2,16,43,2,7,1,1,C03,7,9,1,10,2,14,,43,43,1,22,8,C03,120.683768,24.155201,2
2023,1,3,13,7,臺中市,中區,0,0,0,8,,,50,,,,,,,,,,,,,,,23,,,,,B12,,,1,,1,,,23,,1,21,,B12,120.676746,24.14369,3
2023,1,3,13,11,臺中市,南屯區,0,0,0,8,,,50,,,,,,,,,,,,,,,23,,,,,B03,,,1,,2,,,23,,1,22,,B03,120.645361,24.139263,3
2023,1,3,13,15,臺中市,太平區,0,0,0,8,,,30,,,,,,,,,,,,,,,23,,,,,B03,,,1,,2,,,23,,1,22,,B03,120.741553,24.154125,3
2023,1,3,13,18,臺中市,潭子區,0,2,0,8,1,5,50,14,7,1,5,4,5,7,4,4,9,4,4,2,12,19,2,9,1,1,C03,7,1,1,9,2,11,,19,19,1,22,8,C03,120.70364,24.207152,2
2023,1,3,13,25,臺中市,西區,0,1,0,8,1,5,50,3,1,1,5,4,5,7,4,4,10,5,5,2,16,6,3,10,1,1,B12,7,5,1,8,2,1,,6,6,1,5,5,B12,120.669784,24.13913,2
2023,1,3,13,25,臺中市,北屯區,0,1,0,8,1,5,40,14,8,1,5,4,5,7,4,4,1,5,1,2,13,23,2,9,1,1,C03,7,9,1,10,2,11,,23,23,1,21,8,C03,120.725221,24.161383,2
2023,1,3,13,30,臺中市,大雅區,0,2,0,8,1,5,30,4,1,1,5,4,5,7,3,1,10,5,5,2,15,6,2,1,1,1,B03,7,9,1,8,2,1,,6,6,1,22,8,B03,120.638168,24.22393,2
2023,1,3,13,32,臺中市,北屯區,0,0,0,8,,,50,,,,,,,,,,,,,,,12,,,,,B12,,,1,,2,,,12,,1,21,,B12,120.750791,24.164929,3
2023,1,3,13,44,臺中市,霧峰區,0,1,0,8,1,5,15,11,9,1,5,4,5,7,4,4,10,5,5,2,13,16,2,9,3,4,C03,7,9,1,10,2,11,,16,16,1,18,8,C03,120.712945,24.071587,2
2023,1,3,13,45,臺中市,西屯區,0,1,0,8,1,5,40,4,8,1,5,4,5,7,2,1,1,3,1,2,13,16,2,9,1,1,C03,7,9,1,10,1,11,,16,16,1,22,8,C03,120.63387,24.161554,2
2023,1,3,13,49,臺中市,潭子區,0,1,0,8,1,5,60,4,2,1,5,4,5,7,1,1,1,4,5,1,17,16,2,9,1,1,C03,7,9,1,10,2,14,,16,16,1,22,8,C03,120.70359,24.201162,2
2023,1,3,13,56,臺中市,烏日區,0,1,0,8,1,5,50,4,1,1,5,4,5,7,1,1,1,5,4,2,12,9,3,10,1,1,A41,7,6,1,1,2,5,,9,9,1,21,8,A41,120.640587,24.116865,2
2023,1,3,13,58,臺中市,太平區,0,1,0,8,1,5,30,4,1,1,5,4,5,7,4,4,10,5,5,2,15,6,2,8,1,1,C03,7,9,1,10,2,11,,6,6,1,4,5,C03,120.728718,24.155336,2
2023,1,3,13,59,臺中市,西屯區,0,0,0,8,,,50,,,,,,,,,,,,,,,23,,,,,B03,,,1,,1,,,23,,1,22,,B03,120.629219,24.163969,3
2023,1,3,14,3,臺中市,南屯區,0,0,0,8,,,50,,,,,,,,,,,,,,,23,,,,,B03,,,1,,1,,,23,,1,5,,B03,120.623141,24.145201,3
2023,1,3,14,5,臺中市,烏日區,0,1,0,8,1,5,50,4,1,1,5,4,5,7,2,1,10,5,5,2,16,8,2,9,1,1,C03,7,9,1,10,2,11,,23,8,1,5,8,C03,120.622093,24.106515,2
2023,1,3,14,8,臺中市,西區,0,1,0,8,1,5,50,4,1,1,5,4,5,7,4,4,10,5,5,2,15,6,2,8,1,1,C03,7,9,1,10,2,13,,6,6,1,4,7,C03,120.658828,24.139272,2
2023,1,3,14,21,臺中市,沙鹿區,0,1,0,8,1,5,50,3,2,1,5,4,3,7,4,4,8,3,5,2,17,6,3,10,3,4,B03,7,5,1,8,2,1,,6,6,1,22,8,B03,120.557136,24.233416,2
2023,1,3,14,27,臺中市,西屯區,0,1,0,8,1,5,50,14,8,1,5,4,5,7,4,4,1,4,4,2,17,42,2,9,3,4,C03,7,9,1,10,2,15,,42,42,1,22,9,C03,120.643693,24.158917,2
2023,1,3,14,27,臺中市,神岡區,0,0,0,8,,,30,,,,,,,,,,,,,,,17,,,,,A12,,,1,,1,,,17,,1,22,,A12,120.683182,24.25658,3
2023,1,3,14,28,臺中市,東區,0,0,0,8,,,50,,,,,,,,,,,,,,,16,,,,,B03,,,1,,2,,,16,,1,22,,B03,120.696583,24.13963,3
2023,1,3,14,30,臺中市,北屯區,0,0,0,8,,,50,,,,,,,,,,,,,,,12,,,,,B12,,,1,,11,,,12,,1,21,,B12,120.713885,24.164561,3
2023,1,3,14,31,臺中市,西屯區,0,0,0,8,,,50,,,,,,,,,,,,,,,23,,,,,B12,,,1,,1,,,23,,1,4,,B12,120.643331,24.157049,3
2023,1,3,14,35,臺中市,北屯區,0,0,0,8,,,50,,,,,,,,,,,,,,,23,,,,,B03,,,1,,1,,,23,,1,21,,B03,120.721628,24.180901,3
2023,1,3,14,40,臺中市,霧峰區,0,1,0,8,1,5,30,14,9,1,5,4,5,7,4,4,10,5,5,2,16,6,3,10,3,4,G03,7,5,3,18,2,6,,6,6,1,22,8,G03,120.711363,24.072945,2
2023,1,3,14,43,臺中市,北區,0,0,0,8,,,50,,,,,,,,,,,,,,,23,,,,,A11,,,1,,1,,,23,23,1,10,,A11,120.675422,24.157522,3
2023,1,3,14,45,臺中市,南屯區,0,0,0,8,1,5,50,3,2,1,5,4,5,7,4,4,5,5,4,2,17,23,3,10,1,1,B03,7,11,1,8,2,5,1,23,23,1,6,7,B03,120.631314,24.152021,3
2023,1,3,14,47,臺中市,南屯區,0,1,0,8,1,5,50,14,9,1,5,4,5,7,4,4,5,5,5,2,14,12,3,10,1,1,C03,7,2,1,10,2,13,,12,12,1,22,8,C03,120.603161,24.135815,2
2023,1,3,14,52,臺中市,北區,0,1,0,8,1,5,50,14,8,1,5,4,5,7,4,4,5,4,4,2,17,23,2,9,1,1,C03,7,9,1,10,2,12,,23,23,1,22,8,C03,120.666318,24.159226,2
2023,1,3,14,53,臺中市,西屯區,0,0,0,8,,,40,,,,,,,,,,,,,,,23,,,,,B03,,,5,,11,,,23,,1,22,,B03,120.649257,24.175067,3
2023,1,3,14,56,臺中市,大雅區,0,0,0,8,,,40,,,,,,,,,,,,,,,19,,,,,B03,,,1,,2,,,19,,1,21,,B03,120.645897,24.22088,3
2023,1,3,15,0,臺中市,大雅區,0,1,0,8,1,5,50,3,2,1,5,4,5,7,4,4,1,5,5,1,16,19,3,10,1,1,B12,7,1,1,8,2,7,,19,19,1,22,9,B12,120.639052,24.232431,2
2023,1,3,15,0,臺中市,大里區,0,0,0,8,,,50,,,,,,,,,,,,,,,23,,,,,C03,,,1,,2,,,23,23,1,18,,C03,120.695773,24.096526,3
2023,1,3,15,3,臺中市,北區,0,2,0,8,1,5,40,14,8,1,5,4,5,7,4,4,1,4,4,2,13,23,2,7,1,1,C03,7,9,1,10,2,12,,23,23,1,21,8,C03,120.69456,24.158097,2
2023,1,3,15,5,臺中市,潭子區,0,0,0,,,,50,,,,,,,,,,,,,,,42,,,,,B03,,,1,,2,,,42,42,1,22,,B03,120.70738,24.215513,3
2023,1,3,15,5,臺中市,西屯區,0,0,0,8,,,50,,,,,,,,,,,,,,,12,,,,,B03,,,1,,1,,,12,,1,20,,B03,120.606774,24.169433,3
2023,1,3,15,10,臺中市,北屯區,0,0,0,8,,,50,,,,,,,,,,,,,,,23,,,,,B03,,,1,,1,,,23,,1,22,,B03,120.698987,24.170602,3
2023,1,3,15,10,臺中市,西屯區,0,0,0,8,,,60,,,,,,,,,,,,,,,25,,,,,B03,,,1,,2,,,25,,1,11,,B03,120.635106,24.17982,3
2023,1,3,15,14,臺中市,南屯區,0,1,0,8,1,5,50,3,1,1,5,4,5,7,4,4,10,5,5,2,14,12,3,10,1,1,B03,7,2,1,8,2,3,,12,12,1,5,8,B03,120.650631,24.146758,2
2023,1,3,15,15,臺中市,西屯區,0,0,0,8,,,50,,,,,,,,,,,,,,,12,,,,,B03,,,1,,1,,,12,,1,22,,B03,120.65558,24.158184,3
2023,1,3,15,18,臺中市,神岡區,0,1,0,8,1,5,30,14,9,1,5,4,5,7,4,4,10,5,5,2,29,66,,,,,,,,,,,,,66,66,1,,,,120.661976,24.271558,2
2023,1,3,15,20,臺中市,南區,0,1,0,8,1,5,50,4,1,1,5,4,5,7,1,1,9,4,5,2,12,9,2,9,1,1,B03,7,6,1,8,2,2,,9,9,1,5,1,B03,120.655021,24.108943,2
2023,1,3,15,20,臺中市,大里區,0,0,0,8,,,50,,,,,,,,,,,,,,,23,,,,,B12,,,1,,2,,,23,,1,22,,B12,120.697166,24.111812,3
2023,1,3,15,27,臺中市,南屯區,0,0,0,,,,50,,,,,,,,,,,,,,,23,,,,,B03,,,1,,2,,,23,,1,22,,B03,120.640043,24.13861,3
2023,1,3,15,28,臺中市,北屯區,0,1,0,8,1,5,50,14,7,1,5,4,5,7,4,4,9,4,4,2,17,19,3,10,1,1,B12,7,1,1,2,2,15,,19,19,1,21,8,B12,120.702937,24.159734,2
2023,1,3,15,29,臺中市,太平區,0,1,0,8,1,5,50,4,1,1,5,4,5,7,4,4,10,5,5,1,16,6,3,10,1,1,B03,7,5,1,8,1,5,,6,6,1,6,8,B03,120.716308,24.133042,2
2023,1,3,15,30,臺中市,西區,0,1,0,8,1,5,50,4,1,1,5,4,5,7,1,1,10,5,5,2,16,6,3,10,1,1,B03,7,6,1,8,2,5,,6,6,1,22,9,B03,120.665279,24.144329,2
2023,1,3,15,37,臺中市,南屯區,0,0,0,8,,,50,,,,,,,,,,,,,,,23,,,,,B03,,,1,,2,,,23,,1,22,,B03,120.643615,24.137645,3