年,月,日,時,分,縣市,區,死,受傷,2-30,天候,光線,道路類別,速限,道路型態,事故位置,路面鋪裝,路面狀態,路面缺陷,障礙物,視距,號誌種類,號誌動作,分向設施,快車道或一般車道間,快慢車道間,路面邊線,事故類型及型態,主要肇因,受傷程度,主要傷處,保護裝備,行動電話,當事者區分,車輛用途,當事者行動狀態,駕駛資格情形,駕駛執照種類,飲酒情形,車輛撞擊部位最初,車輛撞擊部位其他,肇事因素個別,肇事因素主要,肇事逃逸,職業,旅次目的,車種,GPS緯度,GPS經度,事故類別
2023,1,3,19,0,臺中市,北區,0,0,0,,,,,,,,,,,,,,,,,,,43,,,,,,,,,,,,,43,43,2,,,,120.696572,24.159345,3
2023,1,3,19,1,臺中市,南屯區,0,0,0,8,3,5,50,4,1,1,5,4,5,7,2,1,10,5,5,2,12,26,3,10,1,1,B03,7,5,1,8,2,7,,26,26,1,1,2,B03,120.646632,24.143832,3
2023,1,3,19,5,臺中市,潭子區,0,0,0,8,,,30,,,,,,,,,,,,,,,7,,,,,C03,,,1,,2,,,7,,1,22,,C03,120.701623,24.194373,3
2023,1,3,19,7,臺中市,南屯區,0,0,0,8,,,50,,,,,,,,,,,,,,,17,,,,,B03,,,1,,1,,,17,,1,3,,B03,120.612254,24.150463,3
2023,1,3,19,9,臺中市,大肚區,0,0,0,8,,,50,,,,,,,,,,,,,,,23,,,,,F02,,,8,,7,,,23,,1,22,,F02,120.56188,24.125113,3
2023,1,3,19,10,臺中市,西屯區,0,0,0,8,,,50,,,,,,,,,,,,,,,67,,,,,,,,,,,,,67,,1,,,,120.63917,24.182064,3
2023,1,3,19,14,臺中市,南屯區,0,1,0,8,3,5,50,4,1,1,5,4,5,7,4,4,10,5,5,2,15,6,3,10,1,1,B03,7,9,1,8,2,1,,6,6,1,22,8,B03,120.653016,24.139489,2
2023,1,3,19,14,臺中市,北屯區,0,1,0,8,3,5,50,3,2,1,5,4,5,7,4,4,4,5,4,2,16,10,3,10,1,1,B03,7,11,1,8,2,8,,10,10,1,22,8,B03,120.747409,24.193629,2
2023,1,3,19,15,臺中市,北區,0,3,0,8,3,5,30,4,1,1,5,4,5,7,4,4,10,5,5,2,15,6,2,8,1,1,C03,7,9,1,10,2,11,,6,6,1,22,9,C03,120.683603,24.146841,2
2023,1,3,19,20,臺中市,大里區,0,2,0,8,3,5,50,14,8,1,5,4,5,7,4,4,1,4,4,1,13,16,2,9,1,1,C03,7,9,1,10,2,11,,16,16,1,12,8,C03,120.690788,24.092598,2
2023,1,3,19,20,臺中市,豐原區,0,0,0,8,,,60,,,,,,,,,,,,,,,7,,,,,B12,,,1,,2,,,7,,1,22,,B12,120.7242,24.245355,3
2023,1,3,19,27,臺中市,西區,0,0,0,8,,,50,,,,,,,,,,,,,,,26,,,,,B03,,,1,8,2,,,26,26,1,22,,B03,120.663884,24.157614,3
2023,1,3,19,31,臺中市,沙鹿區,0,2,0,7,3,5,40,5,2,1,5,4,5,7,4,4,3,3,3,1,17,42,2,9,3,4,B03,7,6,1,8,2,2,,42,42,1,22,8,B03,120.598274,24.250333,2
2023,1,3,19,34,臺中市,后里區,0,2,0,8,3,5,50,4,1,1,5,4,5,7,2,1,10,5,4,1,16,8,3,10,1,1,B03,7,5,1,8,2,2,,8,8,1,22,8,B03,120.722159,24.307769,2
2023,1,3,19,35,臺中市,北屯區,0,0,0,8,,,50,,,,,,,,,,,,,,,23,,,,,B03,,,1,,2,,,23,,1,21,,B03,120.720097,24.175484,3
2023,1,3,19,35,臺中市,霧峰區,0,1,0,8,3,5,50,4,1,1,5,4,5,7,1,1,5,4,4,1,17,6,2,7,3,4,C03,7,5,1,10,2,11,,6,6,1,18,8,C03,120.698551,24.064666,2
2023,1,3,19,40,臺中市,南屯區,0,1,0,8,3,5,50,14,9,1,5,4,5,7,4,4,1,4,5,2,13,23,2,9,1,1,B12,7,9,1,8,2,1,,23,23,1,22,8,B12,120.621331,24.151135,2
2023,1,3,19,41,臺中市,霧峰區,0,1,0,8,3,5,50,4,1,1,5,4,5,7,1,1,10,5,5,2,17,23,2,9,1,1,C03,7,9,6,18,6,11,,23,23,1,22,8,C03,120.698686,24.064478,2
2023,1,3,19,43,臺中市,豐原區,0,0,0,8,,,30,,,,,,,,,,,,,,,12,,,,,B03,,,1,,2,,,12,,1,22,,B03,120.723933,24.242991,3
2023,1,3,19,50,臺中市,龍井區,0,0,0,,,,60,,,,,,,,,,,,,,,42,,,,,B02,,,3,,2,,,42,,1,22,,B02,120.586127,24.18599,3
2023,1,3,19,51,臺中市,清水區,0,3,0,8,3,5,50,3,1,1,5,4,5,7,1,1,10,5,5,2,16,25,2,9,1,1,C03,7,5,1,10,2,11,,25,25,1,5,5,C03,120.603336,24.311233,2
2023,1,3,19,53,臺中市,西屯區,0,2,0,8,3,5,30,4,9,1,5,4,5,7,3,1,10,5,5,2,17,6,2,9,1,1,C03,7,9,1,10,2,15,,6,6,1,1,9,C03,120.650294,24.169329,2
2023,1,3,20,0,臺中市,南屯區,0,0,0,8,,,50,,,,,,,,,,,,,,,23,,,,,C03,,,1,,1,,,23,,1,22,,C03,120.652963,24.153589,3
2023,1,3,20,1,臺中市,霧峰區,0,1,0,8,1,5,50,14,7,1,5,4,5,7,4,4,5,4,4,2,17,26,3,10,3,4,C03,7,5,6,18,2,15,,26,26,1,12,8,C03,120.696726,24.061786,2
2023,1,3,20,2,臺中市,霧峰區,0,0,0,8,,,30,,,,,,,,,,,,,,,23,,,,,B03,,,1,,2,,,23,,1,12,,B03,120.6843,24.059926,3
2023,1,3,20,3,臺中市,烏日區,0,0,0,8,,,40,,,,,,,,,,,,,,,12,,,,,B03,,,1,,2,,,12,,1,21,,B03,120.655495,24.095223,3
2023,1,3,20,5,臺中市,北區,0,0,0,8,,,50,,,,,,,,,,,,,,,12,,,,,B03,,,1,,2,,,12,,1,22,,B03,120.674088,24.173002,3
2023,1,3,20,5,臺中市,霧峰區,0,1,0,8,3,5,50,14,9,1,5,4,5,7,4,4,9,5,5,1,17,10,3,10,3,4,C03,7,11,1,10,2,14,,10,10,1,18,8,C03,120.712581,24.07712,2
2023,1,3,20,9,臺中市,太平區,0,0,0,,,,50,,,,,,,,,,,,,,,42,,,,,B03,,,1,,2,,,42,,1,21,,B03,120.709382,24.135298,3
2023,1,3,20,9,臺中市,后里區,0,1,0,8,3,5,50,14,9,1,5,4,5,7,4,4,5,5,5,1,10,26,3,10,1,1,B03,7,4,1,8,2,8,,26,26,1,4,1,B03,120.706938,24.294402,2
2023,1,3,20,10,臺中市,西屯區,0,0,0,8,,,50,,,,,,,,,,,,,,,9,,,,,B03,,,1,,1,,,9,,1,4,,B03,120.628613,24.162845,3
2023,1,3,20,10,臺中市,大肚區,0,2,0,8,3,5,50,3,1,1,5,4,5,7,3,1,5,4,5,1,16,6,2,7,1,1,C03,7,5,1,10,2,11,,6,6,1,21,9,C03,120.544175,24.150949,2
2023,1,3,20,15,臺中市,北區,0,1,0,8,3,5,50,4,1,1,5,4,5,7,1,1,10,5,5,2,16,25,2,7,1,1,C03,7,9,1,10,2,14,,25,25,1,22,9,C03,120.689695,24.15749,2
2023,1,3,20,15,臺中市,烏日區,0,1,0,8,1,5,50,4,1,1,5,4,5,7,2,1,10,5,5,2,16,8,3,10,1,1,B03,7,5,1,8,2,2,,8,8,1,20,8,B03,120.590013,24.113621,2
2023,1,3,20,18,臺中市,南區,0,2,0,7,3,5,50,4,1,1,5,4,5,7,1,1,10,5,5,2,16,25,2,9,1,1,C03,7,6,1,10,2,14,,25,25,1,22,9,C03,120.684023,24.131971,2
2023,1,3,20,23,臺中市,北區,0,0,0,,,,30,,,,,,,,,,,,,,,23,,,,,B03,,,1,,2,,,23,,1,21,,B03,120.683001,24.161061,3
2023,1,3,20,23,臺中市,霧峰區,0,0,0,8,,,40,,,,,,,,,,,,,,,23,,,,,B03,,,1,,2,,,23,,1,12,,B03,120.680003,24.065125,3
2023,1,3,20,28,臺中市,大肚區,0,1,0,8,3,5,30,14,9,1,5,4,5,7,4,4,10,5,5,1,1,23,3,10,1,1,B03,7,6,1,8,2,8,,23,23,1,21,8,B03,120.55478,24.132441,2
2023,1,3,20,30,臺中市,沙鹿區,0,2,0,8,3,5,40,14,8,1,5,4,5,7,2,1,1,4,3,1,12,26,2,8,1,1,C03,7,9,1,10,9,12,,26,26,1,18,9,C03,120.579948,24.219152,2
2023,1,3,20,35,臺中市,北屯區,0,1,0,8,3,5,50,14,8,1,5,4,5,7,4,4,5,5,4,2,17,23,2,9,1,1,C03,7,9,1,10,2,12,,23,23,1,22,8,C03,120.685211,24.178606,2
2023,1,3,20,38,臺中市,北區,0,1,0,8,3,5,50,3,1,1,5,4,5,7,4,4,5,5,5,2,13,26,2,9,1,1,C03,7,5,1,10,2,11,,26,26,1,22,8,C03,120.68245,24.166349,2
2023,1,3,20,38,臺中市,東區,0,1,0,8,3,5,50,4,1,1,5,4,5,6,1,1,1,2,5,2,18,23,2,9,1,1,C03,7,9,1,10,2,15,,23,23,1,22,8,C03,120.694078,24.148363,2
2023,1,3,20,38,臺中市,北屯區,0,1,0,8,3,5,40,14,8,1,5,4,5,7,4,4,10,5,5,1,16,23,2,9,1,1,C03,7,9,1,10,2,11,,23,23,1,22,8,C03,120.720893,24.178901,2
2023,1,3,20,40,臺中市,大雅區,0,2,0,8,3,5,50,5,2,1,5,4,5,7,4,4,5,4,5,1,16,19,2,9,1,1,C03,7,1,1,10,2,11,,19,19,1,22,9,C03,120.650823,24.227505,2
2023,1,3,20,48,臺中市,東區,0,2,0,8,1,5,50,14,9,1,5,4,5,7,4,4,9,5,5,2,16,19,2,9,1,1,C03,7,1,1,9,2,11,,19,19,1,22,8,C03,120.688613,24.132769,2
2023,1,3,21,10,臺中市,豐原區,0,0,0,,,,50,,,,,,,,,,,,,,,16,,,,,B03,,,1,,2,,,16,16,1,22,,B03,120.714205,24.244157,3
2023,1,3,21,20,臺中市,潭子區,0,0,0,8,,,60,,,,,,,,,,,,,,,7,,,,,B03,,,1,,2,,,7,,1,22,,B03,120.70511,24.206427,3
2023,1,3,21,25,臺中市,沙鹿區,0,0,0,8,,,50,,,,,,,,,,,,,,,23,,,,,B03,,,1,,2,,,23,,1,5,,B03,120.570988,24.215399,3
2023,1,3,21,26,臺中市,北區,0,3,0,8,3,5,50,14,7,1,5,4,5,7,4,4,9,4,4,2,17,19,2,9,1,1,C03,7,1,1,10,2,11,,19,19,1,22,8,C03,120.681661,24.151415,2
2023,1,3,21,30,臺中市,南屯區,0,2,0,8,3,5,50,3,1,1,5,4,5,7,4,4,10,5,5,2,17,23,2,9,1,1,C03,7,9,1,10,2,14,,23,23,1,4,8,C03,120.634914,24.153036,2
2023,1,3,21,33,臺中市,龍井區,0,1,0,8,3,5,50,3,9,1,5,4,5,7,4,4,9,5,5,2,16,8,2,9,1,1,C03,7,9,1,10,2,11,,14,8,1,18,9,C03,120.592698,24.182087,2
2023,1,3,21,38,臺中市,北屯區,0,0,0,8,,,40,,,,,,,,,,,,,,,16,,,,,C03,,,1,,1,,,16,,1,22,,C03,120.72523,24.161699,3
2023,1,3,21,38,臺中市,大里區,0,1,0,8,3,5,50,3,1,1,5,4,5,7,4,4,5,4,4,2,12,16,2,8,1,1,C03,7,9,1,10,2,11,,16,16,1,22,8,C03,120.681121,24.109664,2
2023,1,3,21,46,臺中市,北區,0,1,0,8,3,5,30,3,1,1,5,4,5,7,4,4,1,5,5,2,17,6,3,10,1,1,B03,7,5,1,8,2,5,,6,6,1,21,8,B03,120.682991,24.145732,2
2023,1,3,21,47,臺中市,北區,0,1,0,8,1,5,50,4,2,1,5,4,5,7,1,1,5,4,5,2,13,23,3,10,1,1,C03,7,9,1,10,1,11,,23,23,1,22,8,C03,120.673911,24.165116,2
2023,1,3,21,52,臺中市,西屯區,0,1,0,8,3,5,40,4,2,1,5,4,5,7,2,1,1,5,1,2,13,16,2,9,1,1,C03,7,9,1,10,2,11,,16,16,1,22,8,C03,120.62176,24.180178,2
2023,1,3,22,5,臺中市,豐原區,0,0,0,8,,,50,,,,,,,,,,,,,,,42,,,,,C03,,,1,,2,,,42,,1,22,,C03,120.736468,24.25036,3
2023,1,3,22,17,臺中市,西區,0,2,0,8,3,5,50,14,9,1,5,4,5,7,4,4,5,5,5,2,17,16,2,9,1,1,C03,7,9,1,10,2,11,,16,16,1,4,8,C03,120.6652,24.152404,2
2023,1,3,22,20,臺中市,沙鹿區,0,2,0,8,3,5,50,3,1,1,5,4,5,7,1,1,10,5,5,2,12,8,2,9,1,1,C03,7,5,3,18,2,14,,8,8,1,9,8,C03,120.573367,24.226267,2
2023,1,3,22,23,臺中市,東區,0,1,0,8,3,5,50,3,1,1,5,4,5,7,1,1,9,4,5,2,12,23,2,8,1,1,C03,7,9,1,8,2,11,,23,23,1,5,1,C03,120.700703,24.134051,2
2023,1,3,22,34,臺中市,西屯區,0,0,0,8,,,70,,,,,,,,,,,,,,,23,,,,,B03,,,1,,1,,,23,,1,22,,B03,120.587655,24.185352,3
2023,1,3,22,44,臺中市,西屯區,0,0,0,8,,,50,,,,,,,,,,,,,,,23,,,,,B03,,,3,,2,,,23,,1,22,,B03,120.636909,24.171785,3
2023,1,3,22,54,臺中市,霧峰區,0,0,0,8,3,5,50,4,1,1,5,4,5,7,1,1,5,4,4,2,13,16,,,,,B03,,,1,,1,,,16,,1,22,,B03,120.693079,24.073074,3
2023,1,3,23,20,臺中市,龍井區,0,0,0,8,,,30,,,,,,,,,,,,,,,17,,,,,B03,,,1,,2,,,17,,1,22,,B03,120.58981,24.181943,3
2023,1,3,23,38,臺中市,大里區,0,1,0,8,3,5,30,4,2,1,5,4,5,7,4,4,10,5,5,1,13,27,2,9,1,1,C03,7,5,1,10,2,13,,27,27,1,20,5,C03,120.698576,24.0896,2
2023,1,3,23,48,臺中市,北區,0,1,0,8,3,5,50,4,1,1,5,4,5,7,4,4,5,5,4,2,16,19,3,10,1,1,B03,7,1,1,9,2,7,,19,19,1,5,8,B03,120.665625,24.159666,2
2023,1,3,23,58,臺中市,北區,0,1,0,7,3,5,50,14,7,1,5,4,5,7,4,4,1,4,5,2,17,23,2,7,1,1,B03,7,9,3,18,2,5,,23,23,1,5,8,B03,120.675761,24.158729,2
2023,1,4,0,22,臺中市,南區,0,0,0,8,,,50,,,,,,,,,,,,,,,43,,,,,B03,,,1,8,2,,,43,43,1,5,,B03,120.689491,24.137285,3
2023,1,4,0,38,臺中市,太平區,0,1,0,8,3,5,50,4,1,1,5,4,5,7,2,1,10,5,5,2,16,25,3,10,1,1,B12,7,5,1,8,2,2,,25,25,1,22,8,B12,120.700517,24.147977,2
2023,1,4,1,0,臺中市,西屯區,0,1,0,8,3,5,30,3,1,1,5,4,3,7,4,4,10,5,5,2,16,6,3,10,1,1,B03,7,5,1,8,2,4,,6,6,1,22,8,B03,120.665873,24.178251,2
2023,1,4,1,17,臺中市,外埔區,0,1,0,8,3,5,30,14,9,1,5,4,5,7,4,4,10,5,5,2,27,43,2,9,1,1,C03,7,9,6,10,2,14,,43,43,1,22,8,C03,120.688367,24.322322,2
2023,1,4,2,20,臺中市,西屯區,0,1,0,8,3,5,50,4,2,1,5,4,5,7,2,1,8,3,5,1,13,23,3,10,1,1,B03,7,9,1,8,2,1,,23,23,1,22,8,B03,120.659405,24.165603,2
2023,1,4,4,2,臺中市,北區,0,1,0,8,3,5,50,3,1,1,5,4,5,7,4,4,5,5,4,2,16,10,3,10,1,1,A12,7,11,1,7,2,7,,10,10,1,5,1,A12,120.667038,24.159221,2
2023,1,4,4,20,臺中市,太平區,0,1,0,8,3,5,50,4,1,1,5,4,5,7,2,1,10,5,5,2,16,6,3,10,1,1,B03,7,5,1,8,2,8,,6,6,1,22,8,B03,120.720283,24.157852,2
2023,1,4,5,1,臺中市,豐原區,0,0,0,8,,,50,,,,,,,,,,,,,,,16,,,,,B03,,,1,,2,,,16,16,1,22,,B03,120.712633,24.241182,3
2023,1,4,5,20,臺中市,西屯區,0,3,0,8,3,5,50,4,1,1,5,4,5,7,2,1,10,5,5,2,16,26,3,10,1,1,B03,7,6,1,8,2,8,,26,26,1,22,8,B03,120.649796,24.162755,2
2023,1,4,5,49,臺中市,大甲區,0,1,0,8,1,5,50,4,7,1,5,4,5,7,2,1,10,5,4,2,11,17,3,10,1,1,A02,7,5,1,2,2,4,,17,17,1,10,9,A02,120.622694,24.342405,2
2023,1,4,5,54,臺中市,神岡區,0,0,0,8,,,50,,,,,,,,,,,,,,,1,,,,,B12,,,1,,2,,,1,,1,22,,B12,120.659083,24.274461,3
2023,1,4,6,7,臺中市,東勢區,0,0,0,8,,,60,,,,,,,,,,,,,,,12,,,,,A11,,,1,,1,,,12,,1,22,,A11,120.835446,24.235149,3
2023,1,4,6,13,臺中市,太平區,0,1,0,8,2,5,50,14,9,1,5,4,5,7,4,4,5,5,5,2,13,42,2,9,1,1,C03,7,5,2,18,2,12,,42,42,1,22,8,C03,120.726866,24.153233,2
2023,1,4,6,27,臺中市,北屯區,0,1,0,8,1,5,50,3,9,1,5,4,5,7,4,4,5,4,5,2,12,23,2,9,1,1,C03,7,9,1,10,2,11,,23,23,1,22,8,C03,120.711646,24.181198,2
2023,1,4,6,40,臺中市,北屯區,0,1,0,8,1,5,30,5,1,1,5,4,5,7,4,4,10,5,5,2,16,26,2,8,1,1,C03,7,5,1,10,2,12,,26,26,1,21,8,C03,120.660681,24.193559,2
2023,1,4,6,40,臺中市,大里區,0,0,0,8,,,50,,,,,,,,,,,,,,,44,,,,,B12,,,1,,9,,,44,,1,4,,B12,120.71101,24.09109,3
2023,1,4,7,5,臺中市,霧峰區,0,2,0,8,1,5,50,4,2,1,5,4,5,7,1,1,10,5,5,1,16,25,2,9,1,1,C03,7,5,1,10,2,12,,25,25,1,22,9,C03,120.697868,24.059362,2
2023,1,4,7,6,臺中市,南屯區,0,0,0,8,,,40,,,,,,,,,,,,,,,23,,,,,B03,,,1,,1,,,23,,1,5,,B03,120.62378,24.149158,3
2023,1,4,7,11,臺中市,北區,0,2,0,8,1,5,50,4,1,1,5,4,5,7,1,1,5,4,5,2,13,23,2,8,1,1,C03,7,9,1,10,2,11,,23,23,1,21,8,C03,120.681549,24.155752,2
2023,1,4,7,12,臺中市,西區,0,2,0,8,1,5,50,4,1,1,5,4,5,7,1,1,1,5,5,2,13,16,2,9,3,4,C03,7,9,1,10,2,11,,16,16,1,21,8,C03,120.664164,24.140038,2
2023,1,4,7,15,臺中市,東區,0,1,0,8,1,5,50,3,2,1,5,4,5,7,4,4,9,4,4,2,11,26,2,9,1,1,C03,7,5,1,10,2,14,,26,26,1,21,8,C03,120.69272,24.149865,2
2023,1,4,7,16,臺中市,大里區,0,0,0,8,,,50,,,,,,,,,,,,,,,26,,,,,C03,,,1,,2,,,26,,1,22,,C03,120.68739,24.09528,3
2023,1,4,7,16,臺中市,大甲區,0,0,0,,,,60,,,,,,,,,,,,,,,12,,,,,B03,,,1,,2,,,12,12,1,22,,B03,120.61531,24.334816,3
2023,1,4,7,21,臺中市,西屯區,0,1,0,8,1,5,50,4,1,1,5,4,5,7,4,4,10,4,5,2,13,16,3,10,1,1,C03,7,9,1,10,2,11,,16,16,1,22,8,C03,120.637173,24.170766,2
2023,1,4,7,25,臺中市,大雅區,0,0,0,8,,,30,,,,,,,,,,,,,,,6,,,,,C03,,,1,,1,,,6,6,1,22,,C03,120.632742,24.228761,3
2023,1,4,7,25,臺中市,梧棲區,0,0,0,8,,,70,,,,,,,,,,,,,,,6,,,,,B12,,,1,,1,,,6,,1,3,,B12,120.557975,24.256185,3
2023,1,4,7,27,臺中市,西屯區,0,0,0,8,,,40,,,,,,,,,,,,,,,23,,,,,B03,,,1,,1,,,23,,1,21,,B03,120.620831,24.180963,3
2023,1,4,7,28,臺中市,北區,0,0,0,,,,50,,,,,,,,,,,,,,,2,,,,,B03,,,1,,2,,,2,,1,5,,B03,120.673153,24.167501,3
2023,1,4,7,32,臺中市,大甲區,0,1,0,8,1,5,30,3,2,1,5,4,5,7,4,4,10,5,5,2,16,8,2,8,1,1,C03,7,5,1,10,2,14,,8,8,1,22,9,C03,120.637912,24.411115,2
2023,1,4,7,32,臺中市,豐原區,0,1,0,8,1,5,50,14,8,1,5,4,5,7,4,4,1,4,4,1,18,42,2,9,3,4,C03,7,9,1,9,2,14,,42,42,1,22,8,C03,120.71968,24.258355,2
2023,1,4,7,36,臺中市,清水區,0,0,0,8,,,60,,,,,,,,,,,,,,,16,,,,,B03,,,1,,1,,,16,16,1,21,,B03,120.540499,24.289562,3
2023,1,4,7,37,臺中市,龍井區,0,2,0,8,1,5,50,3,2,1,5,4,5,7,4,4,4,5,5,2,16,6,2,9,1,1,C03,7,5,1,10,2,11,,6,6,1,2,1,C03,120.573047,24.191958,2
2023,1,4,7,38,臺中市,北屯區,0,0,0,8,,,50,,,,,,,,,,,,,,,7,,,,,B03,,,1,,2,,,7,,1,22,,B03,120.722053,24.182045,3
2023,1,4,7,39,臺中市,大雅區,0,1,0,8,1,5,30,3,1,1,5,4,5,7,4,4,10,5,5,2,16,6,2,8,1,1,C03,7,5,1,10,2,14,,6,6,1,22,9,C03,120.63784,24.244929,2
2023,1,4,7,40,臺中市,外埔區,0,1,0,8,1,5,30,14,9,1,5,4,5,7,4,4,9,4,5,1,14,12,3,10,1,1,B12,7,2,1,8,2,6,,12,12,1,22,8,B12,120.691012,24.333936,2
2023,1,4,7,42,臺中市,南屯區,0,0,0,8,,,50,,,,,,,,,,,,,,,23,,,,,B03,,,1,,9,,,44,23,1,22,,B03,120.620761,24.145181,3
2023,1,4,7,43,臺中市,潭子區,0,1,0,8,1,5,60,14,7,1,5,4,5,7,4,4,1,4,4,1,13,16,2,8,1,1,C03,7,9,1,10,2,11,,16,16,1,22,8,C03,120.686868,24.205859,2
2023,1,4,7,43,臺中市,北區,0,0,0,8,,,50,,,,,,,,,,,,,,,6,,,,,C03,,,1,,1,,,6,,1,22,,C03,120.671421,24.173501,3
2023,1,4,7,43,臺中市,南屯區,0,1,0,8,1,5,50,3,1,1,5,4,5,7,4,4,5,5,5,2,18,23,2,9,3,4,C03,7,5,1,10,2,14,,23,23,1,4,9,C03,120.607669,24.146594,2
2023,1,4,7,43,臺中市,梧棲區,0,1,0,8,1,5,50,14,9,1,5,4,5,7,4,4,1,4,5,2,16,23,2,9,1,1,F03,7,9,8,20,2,16,,23,23,1,9,1,F03,120.527831,24.244975,2
2023,1,4,7,44,臺中市,西屯區,0,1,0,8,1,5,40,3,2,1,5,4,5,7,4,4,1,4,1,2,12,7,3,10,1,1,B03,7,7,1,8,2,4,,7,7,1,22,7,B03,120.651955,24.161085,2
2023,1,4,7,45,臺中市,大雅區,0,1,0,8,1,5,40,14,7,1,5,4,5,7,4,4,5,4,5,1,17,10,3,10,1,1,C03,7,11,1,10,2,15,,10,10,1,21,8,C03,120.630888,24.210461,2
2023,1,4,7,45,臺中市,霧峰區,0,0,0,8,,,50,,,,,,,,,,,,,,,9,,,,,C03,,,1,,2,,,9,,1,22,,C03,120.699959,24.075669,3
2023,1,4,7,45,臺中市,后里區,0,1,0,8,1,5,50,14,9,1,5,4,5,7,4,4,4,4,5,1,29,23,2,9,1,1,C03,7,9,1,10,2,11,,23,23,1,4,1,C03,120.674088,24.316811,2
2023,1,4,7,46,臺中市,北屯區,0,1,0,8,1,5,40,4,1,1,5,4,5,7,2,1,10,5,5,2,13,23,2,9,1,1,C03,7,9,1,10,2,11,,23,23,1,21,8,C03,120.688686,24.182003,2
2023,1,4,7,46,臺中市,西屯區,0,0,0,8,,,30,,,,,,,,,,,,,,,16,,,,,C03,,,1,,1,,,16,,1,22,,C03,120.613405,24.159976,3
2023,1,4,7,47,臺中市,西屯區,0,1,0,8,1,5,50,4,1,1,5,4,5,7,1,1,10,5,5,2,17,23,2,9,3,4,C03,7,9,1,10,2,11,,23,23,1,22,9,C03,120.653258,24.160817,2
2023,1,4,7,48,臺中市,南屯區,0,0,0,,,,50,,,,,,,,,,,,,,,23,,,,,B03,,,1,,1,,,23,,1,4,,B03,120.615923,24.146807,3
2023,1,4,7,48,臺中市,西屯區,0,0,0,8,,,50,,,,,,,,,,,,,,,16,,,,,B03,,,1,,1,,,16,,1,22,,B03,120.644465,24.199396,3
2023,1,4,7,49,臺中市,太平區,0,1,0,8,1,5,50,14,9,1,5,4,5,7,4,4,5,5,5,2,16,26,3,10,3,4,C03,7,8,1,10,9,12,,26,26,1,21,8,C03,120.712546,24.141224,2
2023,1,4,7,50,臺中市,北屯區,0,0,0,8,,,50,,,,,,,,,,,,,,,7,,,,,B03,,,1,,1,,,7,7,1,21,,B03,120.700546,24.178479,3
2023,1,4,7,50,臺中市,神岡區,0,0,0,,,,,,,,,,,,,,,,,,,66,,,,,,,,,,,,,66,,1,,,,120.679628,24.260247,3
2023,1,4,7,52,臺中市,北屯區,0,1,0,8,1,5,50,4,1,1,5,4,5,7,3,1,10,5,5,2,16,6,3,10,1,1,A11,7,5,1,3,2,1,,6,6,1,21,8,A11,120.713945,24.161926,2
2023,1,4,7,52,臺中市,豐原區,0,1,0,8,1,5,30,4,1,1,5,4,5,7,4,4,10,5,5,2,15,6,3,10,1,1,B03,7,9,1,8,2,1,,6,6,1,21,8,B03,120.737962,24.273317,2
2023,1,4,7,53,臺中市,太平區,0,2,0,8,1,5,30,3,1,1,5,4,5,7,4,4,10,5,5,2,16,6,2,8,1,1,C03,7,5,1,10,2,11,,6,6,1,22,8,C03,120.730192,24.111003,2
2023,1,4,7,54,臺中市,西屯區,0,0,0,8,,,50,,,,,,,,,,,,,,,23,,,,,B03,,,1,,2,,,23,23,1,22,,B03,120.606101,24.189034,3
2023,1,4,7,54,臺中市,霧峰區,0,0,0,8,,,40,,,,,,,,,,,,,,,17,,,,,C03,,,1,,2,,,17,,1,22,,C03,120.668029,24.060794,3
2023,1,4,7,56,臺中市,北屯區,0,1,0,8,1,5,40,14,8,1,5,4,5,7,4,4,5,5,4,2,16,43,3,10,1,1,C03,7,6,1,10,2,12,,43,43,1,5,8,C03,120.662498,24.189673,2
2023,1,4,7,56,臺中市,大里區,0,0,0,8,,,40,,,,,,,,,,,,,,,16,,,,,C03,,,1,,2,,,16,,1,21,,C03,120.689525,24.096594,3
2023,1,4,7,57,臺中市,大里區,0,0,0,8,,,40,,,,,,,,,,,,,,,6,,,,,B02,,,1,,2,,,6,,1,22,,B02,120.675939,24.086864,3
2023,1,4,8,0,臺中市,沙鹿區,0,0,0,8,,,40,,,,,,,,,,,,,,,18,,,,,B12,,,1,,2,,,18,,1,20,,B12,120.569381,24.255757,3
2023,1,4,8,0,臺中市,大甲區,0,2,0,8,1,5,50,14,9,1,5,4,5,7,4,4,5,5,5,1,16,44,2,9,1,1,C03,7,9,1,10,2,12,,44,44,1,22,9,C03,120.639849,24.406865,2
2023,1,4,8,3,臺中市,西屯區,0,0,0,8,,,40,,,,,,,,,,,,,,,7,,,,,B03,,,1,,1,,,7,,1,22,,B03,120.625808,24.157611,3
2023,1,4,8,3,臺中市,大里區,0,1,0,7,1,5,50,14,7,1,5,4,5,7,1,1,3,4,4,1,17,23,2,9,1,1,C03,7,9,1,10,2,14,,23,23,1,22,8,C03,120.675235,24.103266,2
2023,1,4,8,6,臺中市,南屯區,0,0,0,6,,,50,,,,,,,,,,,,,,,25,,,,,B03,,,1,8,2,,,25,25,1,11,,B03,120.646623,24.144937,3
2023,1,4,8,7,臺中市,大里區,0,0,0,8,,,50,,,,,,,,,,,,,,,26,,,,,C03,,,4,,2,,,26,,1,22,,C03,120.690046,24.092593,3