年,月,日,時,分,縣市,區,死,受傷,2-30,天候,光線,道路類別,速限,道路型態,事故位置,路面鋪裝,路面狀態,路面缺陷,障礙物,視距,號誌種類,號誌動作,分向設施,快車道或一般車道間,快慢車道間,路面邊線,事故類型及型態,主要肇因,受傷程度,主要傷處,保護裝備,行動電話,當事者區分,車輛用途,當事者行動狀態,駕駛資格情形,駕駛執照種類,飲酒情形,車輛撞擊部位最初,車輛撞擊部位其他,肇事因素個別,肇事因素主要,肇事逃逸,職業,旅次目的,車種,GPS緯度,GPS經度,事故類別
2023,1,4,8,8,臺中市,西屯區,0,1,0,8,1,5,40,4,8,1,5,4,5,7,2,1,1,4,1,2,17,42,2,9,1,1,C02,7,8,4,10,2,12,,42,42,1,22,8,C02,120.653205,24.16086,2
2023,1,4,8,10,臺中市,西屯區,0,0,0,8,,,40,,,,,,,,,,,,,,,16,,,,,B03,,,1,,1,,,16,,1,21,,B03,120.627519,24.16094,3
2023,1,4,8,10,臺中市,大里區,0,0,0,8,,,50,,,,,,,,,,,,,,,19,,,,,B03,,,1,,9,,,19,19,1,22,,B03,120.66615,24.109317,3
2023,1,4,8,13,臺中市,北屯區,0,1,0,8,1,5,50,4,1,1,5,4,5,7,2,1,10,5,5,2,12,25,3,10,1,1,C03,7,10,1,10,2,12,,25,25,1,22,8,C03,120.685996,24.181763,2
2023,1,4,8,13,臺中市,西屯區,0,0,0,8,,,70,,,,,,,,,,,,,,,7,,,,,B03,,,1,,1,,,7,,1,22,,B03,120.593074,24.183039,3
2023,1,4,8,17,臺中市,北屯區,0,0,0,8,,,50,,,,,,,,,,,,,,,16,,,,,B03,,,1,,2,,,16,,1,21,,B03,120.688756,24.1819,3
2023,1,4,8,18,臺中市,中區,0,1,0,8,1,5,50,4,1,1,5,4,5,7,2,1,10,5,5,2,2,15,3,10,1,1,B03,7,5,1,8,2,1,,15,15,1,5,5,B03,120.680635,24.141489,2
2023,1,4,8,18,臺中市,南屯區,0,2,0,8,1,5,50,4,1,1,5,4,5,7,2,1,10,5,5,2,17,42,2,8,1,1,C03,7,5,4,11,2,12,,42,42,1,22,8,C03,120.643879,24.136004,2
2023,1,4,8,18,臺中市,清水區,0,1,0,8,1,5,40,4,1,1,5,4,5,7,1,1,1,4,4,2,16,25,2,9,1,1,C03,7,11,1,10,2,12,,25,25,1,21,8,C03,120.570774,24.259001,2
2023,1,4,8,19,臺中市,西屯區,0,2,0,8,1,5,50,3,4,1,5,4,5,7,2,1,1,4,5,2,13,23,2,9,3,4,C03,7,9,1,10,2,11,,23,23,1,22,8,C03,120.623138,24.182697,2
2023,1,4,8,20,臺中市,西區,0,1,0,8,1,5,50,4,1,1,5,4,5,7,1,1,1,5,5,2,12,17,3,10,3,4,B03,7,9,1,8,2,5,,17,17,1,21,8,B03,120.682257,24.135793,2
2023,1,4,8,20,臺中市,西區,0,1,0,8,1,5,50,4,2,1,5,4,5,7,1,1,5,4,4,2,17,42,2,9,1,1,C03,7,9,1,10,2,15,,42,42,1,4,1,C03,120.667305,24.140607,2
2023,1,4,8,21,臺中市,沙鹿區,0,2,0,8,1,5,50,14,9,1,5,4,5,7,4,4,5,5,5,2,13,23,2,9,1,1,C03,7,9,1,10,2,13,,44,23,1,21,8,C03,120.606244,24.247281,2
2023,1,4,8,25,臺中市,霧峰區,0,1,0,8,1,5,30,4,1,4,5,4,5,7,4,4,10,5,5,2,16,19,3,10,1,1,B03,7,1,1,8,2,8,,19,19,1,22,8,B03,120.700475,24.063948,2
2023,1,4,8,25,臺中市,霧峰區,0,0,0,8,,,50,,,,,,,,,,,,,,,16,,,,,C03,,,1,,2,,,16,,1,22,,C03,120.698686,24.064478,3
2023,1,4,8,25,臺中市,大甲區,0,0,0,8,1,2,60,4,2,1,5,4,5,7,1,1,1,4,5,1,12,7,3,10,3,4,B03,7,8,5,18,2,5,,7,7,1,22,9,B03,120.648563,24.376737,3
2023,1,4,8,26,臺中市,西屯區,0,1,0,8,1,5,50,3,1,1,5,4,5,7,4,4,1,4,4,2,13,16,2,9,1,1,C03,7,12,1,10,2,11,,16,16,1,22,8,C03,120.65943,24.194592,2
2023,1,4,8,30,臺中市,大安區,0,1,0,8,1,5,30,14,9,1,5,4,5,7,4,4,10,5,5,2,16,19,3,10,1,1,B03,7,1,1,8,2,4,,19,19,1,22,9,B03,120.590409,24.390725,2
2023,1,4,8,31,臺中市,西區,0,0,0,8,,,50,,,,,,,,,,,,,,,23,,,,,B03,,,1,,1,,,23,,1,21,,B03,120.68061,24.135294,3
2023,1,4,8,32,臺中市,北屯區,0,3,0,8,1,5,50,14,9,1,5,4,5,7,1,1,5,4,5,2,13,16,2,9,1,1,C03,7,9,4,8,2,13,,16,16,1,21,8,C03,120.699753,24.170274,2
2023,1,4,8,35,臺中市,西屯區,0,3,0,8,1,5,50,4,1,1,5,4,5,7,1,1,5,4,5,2,16,25,3,10,1,1,B12,7,9,1,8,2,1,,25,25,1,22,8,B12,120.606749,24.192895,2
2023,1,4,8,38,臺中市,西屯區,0,1,0,8,1,5,40,14,9,1,5,4,5,7,4,4,10,5,5,2,17,23,3,10,1,1,C03,7,9,1,1,2,11,,23,23,1,21,8,C03,120.644536,24.203423,2
2023,1,4,8,40,臺中市,大雅區,0,0,0,8,,,30,,,,,,,,,,,,,,,23,,,,,A12,,,1,,1,,,23,,1,22,,A12,120.647189,24.222691,3
2023,1,4,8,40,臺中市,大里區,0,1,0,8,1,5,50,3,1,1,5,4,5,7,1,1,5,5,4,1,16,6,3,10,3,4,B12,7,6,1,8,2,5,,6,6,1,22,8,B12,120.704435,24.095813,2
2023,1,4,8,40,臺中市,沙鹿區,0,1,0,8,1,5,40,14,8,1,5,4,5,7,4,4,1,4,4,1,17,40,3,10,2,1,B03,7,13,1,8,2,4,,40,40,1,5,7,B03,120.60879,24.246426,2
2023,1,4,8,41,臺中市,大肚區,0,1,0,8,1,5,30,3,9,1,5,4,5,6,4,4,10,5,5,2,16,42,3,10,1,1,A12,7,5,1,6,2,4,,42,42,1,10,8,A12,120.58159,24.174712,2
2023,1,4,8,42,臺中市,北區,0,1,0,8,1,5,50,4,1,1,5,4,5,7,1,1,10,5,5,2,12,26,2,9,3,4,C03,7,9,1,10,2,11,,26,26,1,5,8,C03,120.682335,24.153988,2
2023,1,4,8,44,臺中市,大里區,0,0,0,8,,,50,,,,,,,,,,,,,,,23,,,,,B12,,,1,,2,,,23,,1,22,,B12,120.688892,24.092232,3
2023,1,4,8,48,臺中市,太平區,0,1,0,8,1,5,30,4,1,1,5,4,5,7,3,1,10,5,5,2,16,26,3,10,3,4,B03,7,5,1,8,2,8,,26,26,1,9,8,B03,120.725573,24.145918,2
2023,1,4,8,50,臺中市,大里區,0,1,0,8,1,5,40,14,8,1,5,4,5,7,4,4,7,5,5,1,16,17,3,10,3,4,C03,7,4,1,10,2,13,,17,17,1,21,8,C03,120.696495,24.085959,2
2023,1,4,8,52,臺中市,豐原區,0,1,0,8,1,5,50,4,18,1,5,4,5,7,1,1,10,5,5,2,3,15,3,10,3,4,B03,7,5,1,8,2,5,,15,15,1,22,8,B03,120.713966,24.253447,2
2023,1,4,8,53,臺中市,西屯區,0,0,0,8,,,40,,,,,,,,,,,,,,,6,,,,,B03,,,1,,1,,,6,,1,22,,B03,120.65288,24.16085,3
2023,1,4,8,54,臺中市,西屯區,0,2,0,8,1,5,50,4,1,1,5,4,5,7,1,1,5,5,5,2,12,43,2,9,3,4,C03,7,15,1,10,2,12,,43,43,1,22,8,C03,120.643205,24.176833,2
2023,1,4,8,55,臺中市,西屯區,0,0,0,8,,,50,,,,,,,,,,,,,,,23,,,,,B03,,,1,,2,,,23,,1,22,,B03,120.606473,24.192739,3
2023,1,4,8,56,臺中市,西屯區,0,0,0,8,,,50,,,,,,,,,,,,,,,16,,,,,B03,,,1,,1,,,16,,1,22,,B03,120.635674,24.171223,3
2023,1,4,8,57,臺中市,大雅區,0,1,0,8,1,5,50,3,1,1,5,4,5,7,3,1,10,5,5,2,16,6,3,10,1,1,C03,7,5,1,10,2,11,,6,6,1,22,8,C03,120.673305,24.232009,2
2023,1,4,8,57,臺中市,北區,0,0,0,8,,,50,,,,,,,,,,,,,,,23,,,,,B03,,,1,,2,,,23,,1,22,,B03,120.682328,24.153978,3
2023,1,4,8,58,臺中市,豐原區,0,1,0,8,1,5,30,11,9,1,5,4,5,7,4,4,10,5,5,2,16,42,3,10,1,1,G03,7,1,1,17,2,1,,42,42,1,21,8,G03,120.708468,24.24951,2
2023,1,4,8,59,臺中市,西區,0,2,0,8,1,5,50,4,1,1,5,4,5,7,2,1,10,5,5,2,16,42,3,10,1,1,C03,7,8,1,10,2,12,,42,7,1,5,5,C03,120.675763,24.138754,2
2023,1,4,9,0,臺中市,西屯區,0,0,0,8,,,40,,,,,,,,,,,,,,,7,,,,,C03,,,1,,1,,,7,,1,22,,C03,120.624989,24.178449,3
2023,1,4,9,1,臺中市,神岡區,0,0,0,8,,,50,,,,,,,,,,,,,,,23,,,,,C03,,,1,,1,,,23,23,1,22,,C03,120.671102,24.25632,3
2023,1,4,9,2,臺中市,北屯區,0,3,0,8,1,5,50,4,1,1,5,4,5,7,2,1,10,5,5,2,13,16,2,9,1,1,C03,7,9,1,10,2,11,,16,16,1,5,8,C03,120.66679,24.173413,2
2023,1,4,9,3,臺中市,大里區,0,2,0,8,1,5,50,14,7,1,5,4,5,7,4,4,5,5,4,2,16,26,2,9,1,1,C03,7,5,1,10,2,14,,26,26,1,22,8,C03,120.691126,24.106076,2
2023,1,4,9,5,臺中市,西屯區,0,1,0,8,1,5,50,14,8,1,5,4,5,7,4,4,5,4,4,2,16,6,3,10,1,1,B03,7,6,1,8,2,5,,6,6,1,22,8,B03,120.606651,24.19297,2
2023,1,4,9,6,臺中市,北屯區,0,0,0,,,,50,,,,,,,,,,,,,,,23,,,,,B03,,,1,,11,,,23,,1,22,,B03,120.720492,24.17485,3
2023,1,4,9,8,臺中市,北屯區,0,0,0,8,,,50,,,,,,,,,,,,,,,12,,,,,B03,,,1,,2,,,12,,1,21,,B03,120.680548,24.172616,3
2023,1,4,9,12,臺中市,豐原區,0,0,0,,,,60,,,,,,,,,,,,,,,41,,,,,B03,,,1,,2,,,41,,1,22,,B03,120.720227,24.236722,3
2023,1,4,9,13,臺中市,北區,0,1,0,8,1,5,30,3,1,1,5,4,5,7,4,4,10,5,5,2,18,23,2,9,1,1,C03,7,9,1,10,2,14,,23,23,1,21,8,C03,120.676622,24.164783,2
2023,1,4,9,14,臺中市,西屯區,0,0,0,8,,,60,,,,,,,,,,,,,,,7,,,,,B03,,,1,,1,,,7,,1,21,,B03,120.655513,24.159631,3
2023,1,4,9,20,臺中市,南屯區,0,1,0,8,1,5,50,14,7,1,5,4,5,7,4,4,10,5,5,2,13,16,2,8,3,4,C03,7,9,1,10,2,11,,16,16,1,12,8,C03,120.638391,24.151464,2
2023,1,4,9,20,臺中市,南屯區,0,1,0,8,1,5,30,14,9,1,5,4,5,7,4,4,10,5,5,2,16,27,3,10,1,1,B12,7,5,1,8,2,4,,27,27,1,5,8,B12,120.63658,24.130706,2
2023,1,4,9,22,臺中市,北屯區,0,0,0,8,,,50,,,,,,,,,,,,,,,23,,,,,B03,,,1,,9,,,23,,2,5,,B03,120.731969,24.173708,3
2023,1,4,9,23,臺中市,西屯區,0,1,0,8,1,5,40,14,7,1,5,4,5,7,4,4,1,4,4,2,12,7,2,9,1,1,C03,7,7,1,10,2,14,11,7,7,1,22,8,C03,120.669138,24.17755,2
2023,1,4,9,27,臺中市,北區,0,1,0,8,1,5,40,14,9,1,5,4,5,7,4,4,9,5,5,2,13,23,2,9,3,4,C03,7,9,4,8,2,11,,23,23,1,5,8,C03,120.684835,24.155562,2
2023,1,4,9,34,臺中市,大里區,0,0,0,8,,,40,,,,,,,,,,,,,,,12,,,,,A41,,,1,,9,,,12,,1,22,,A41,120.684908,24.098891,3
2023,1,4,9,34,臺中市,烏日區,0,1,0,8,1,5,40,10,8,1,5,4,5,7,4,4,1,4,3,2,18,23,2,9,1,1,C03,7,9,1,10,2,11,12,23,23,1,21,8,C03,120.641255,24.116224,2
2023,1,4,9,35,臺中市,西屯區,0,0,0,8,,,30,,,,,,,,,,,,,,,42,,,,,B12,,,1,,9,,,42,,1,22,,B12,120.645551,24.202785,3
2023,1,4,9,35,臺中市,清水區,0,0,0,8,,,50,,,,,,,,,,,,,,,51,,,,,H01,,,1,,2,,,51,51,1,22,,H01,120.55826,24.269216,3
2023,1,4,9,40,臺中市,太平區,0,0,0,8,,,50,,,,,,,,,,,,,,,12,,,,,B12,,,1,,2,,,12,,1,22,,B12,120.712822,24.151212,3
2023,1,4,9,42,臺中市,南屯區,0,1,0,8,1,5,50,4,1,1,5,4,5,7,4,4,10,5,5,2,15,6,3,10,1,1,B03,7,9,1,8,2,1,,6,6,1,22,8,B03,120.62875,24.116376,2
2023,1,4,9,43,臺中市,西屯區,0,0,0,8,,,50,,,,,,,,,,,,,,,23,,,,,C03,,,1,,1,,,23,,1,22,,C03,120.618263,24.184601,3
2023,1,4,9,44,臺中市,大里區,0,1,0,8,1,5,50,14,9,1,5,4,5,7,4,4,3,4,5,1,16,19,3,10,1,1,B03,7,1,1,8,2,8,,19,19,1,22,8,B03,120.679006,24.113105,2
2023,1,4,9,45,臺中市,北區,0,0,0,8,,,50,,,,,,,,,,,,,,,26,,,,,C03,,,1,,1,,,26,,1,22,,C03,120.680458,24.154355,3
2023,1,4,9,46,臺中市,西屯區,0,1,0,8,1,5,30,14,9,1,5,4,5,7,4,4,10,5,5,1,29,23,2,9,3,4,C03,7,9,1,10,2,12,,23,23,1,22,8,C03,120.63485,24.19186,2
2023,1,4,9,53,臺中市,北區,0,0,0,8,,,50,,,,,,,,,,,,,,,23,,,,,B12,,,1,,1,,,23,,1,21,,B12,120.686252,24.15482,3
2023,1,4,10,2,臺中市,北區,0,1,0,8,1,5,50,14,9,1,5,4,5,7,4,4,9,4,5,2,5,23,3,10,3,4,C03,7,9,1,10,2,11,,23,23,1,5,8,C03,120.681329,24.156611,2
2023,1,4,10,3,臺中市,南屯區,0,1,0,8,1,5,50,14,12,1,5,4,5,7,4,4,5,4,4,2,16,26,3,10,3,4,B03,7,5,1,8,1,2,,26,8,1,4,9,B03,120.614942,24.139255,2
2023,1,4,10,4,臺中市,西區,0,0,0,8,1,5,50,11,8,1,5,4,5,7,4,4,1,5,5,2,13,16,,,,,B03,,,1,,1,,,16,,1,21,,B03,120.659377,24.15752,3
2023,1,4,10,4,臺中市,南屯區,0,0,0,,,,50,,,,,,,,,,,,,,,7,,,,,B03,,,1,,2,,,7,7,1,4,,B03,120.619218,24.15343,3
2023,1,4,10,7,臺中市,北區,0,1,0,8,1,5,50,4,2,1,5,4,5,7,2,1,5,5,4,2,18,42,2,9,1,1,C03,7,9,1,10,2,12,,42,42,1,22,8,C03,120.671983,24.159418,2
2023,1,4,10,9,臺中市,北屯區,0,1,0,8,1,5,50,4,1,1,5,4,5,7,2,1,10,5,5,2,16,25,3,10,1,1,B03,7,5,1,8,2,8,,25,25,1,22,8,B03,120.697508,24.170168,2
2023,1,4,10,13,臺中市,沙鹿區,0,0,0,8,,,30,,,,,,,,,,,,,,,23,,,,,B03,,,1,,2,,,23,,1,21,,B03,120.560196,24.241996,3
2023,1,4,10,15,臺中市,潭子區,0,0,0,8,1,5,50,3,2,1,5,4,5,7,4,4,5,4,4,2,16,23,2,8,1,1,B12,7,5,1,8,2,8,,23,23,1,22,8,B12,120.694351,24.223154,3
2023,1,4,10,17,臺中市,霧峰區,0,2,0,8,1,5,50,14,9,1,5,4,5,7,1,1,10,5,5,2,11,8,2,9,1,1,C03,7,5,1,10,2,14,,8,8,1,22,8,C03,120.702958,24.070521,2
2023,1,4,10,18,臺中市,清水區,0,0,0,8,,,60,,,,,,,,,,,,,,,26,,,,,B03,,,1,,2,,,26,26,1,21,,B03,120.592592,24.304401,3
2023,1,4,10,18,臺中市,梧棲區,0,0,0,8,,,30,,,,,,,,,,,,,,,43,,,,,B03,,,1,,2,,,43,,1,5,,B03,120.547421,24.233878,3
2023,1,4,10,19,臺中市,霧峰區,0,1,0,8,1,5,50,14,9,1,5,4,5,7,4,4,5,2,5,1,16,19,3,10,1,1,C03,7,1,1,10,2,14,,19,19,1,22,9,C03,120.696793,24.0659,2
2023,1,4,10,19,臺中市,新社區,0,1,0,8,1,5,30,14,9,1,5,4,5,7,4,4,10,5,5,2,17,40,3,10,1,1,B12,7,14,1,8,2,4,,40,40,1,22,3,B12,120.79519,24.208298,2
2023,1,4,10,20,臺中市,南屯區,0,0,0,8,,,50,,,,,,,,,,,,,,,17,,,,,B12,,,1,,2,,,17,,1,10,,B12,120.622921,24.149786,3
2023,1,4,10,23,臺中市,大里區,0,2,0,8,1,5,60,3,1,1,5,4,5,7,1,1,10,5,5,2,13,23,2,9,1,1,C03,7,9,1,10,2,11,,23,23,1,19,8,C03,120.67783,24.10383,2
2023,1,4,10,27,臺中市,北區,0,1,0,8,1,5,50,4,1,1,5,4,5,7,4,4,10,5,5,2,17,26,3,10,1,1,C03,7,5,1,10,11,15,,26,26,1,21,1,C03,120.693331,24.160931,2
2023,1,4,10,27,臺中市,太平區,0,1,0,8,1,5,40,4,1,1,5,4,5,7,1,1,10,5,5,2,15,25,2,9,3,4,F02,7,9,8,20,2,16,,25,25,1,20,8,F02,120.712859,24.144408,2
2023,1,4,10,37,臺中市,北區,0,2,0,8,1,5,50,4,1,1,5,4,5,7,4,4,5,5,5,2,15,6,2,8,1,1,C03,7,9,1,10,2,11,,6,6,1,21,8,C03,120.677336,24.161681,2
2023,1,4,10,38,臺中市,南屯區,0,0,0,,,,50,,,,,,,,,,,,,,,19,,,,,B12,,,1,,1,,,19,,1,4,,B12,120.613076,24.12934,3
2023,1,4,10,40,臺中市,清水區,0,0,0,8,,,50,,,,,,,,,,,,,,,16,,,,,B12,,,1,,2,,,16,,1,21,,B12,120.595293,24.3006,3
2023,1,4,10,40,臺中市,后里區,0,1,0,8,1,5,30,11,9,1,5,4,5,2,4,4,10,5,5,2,17,23,2,9,1,1,C03,7,15,1,10,2,15,,23,23,1,22,8,C03,120.693989,24.291061,2
2023,1,4,10,41,臺中市,南屯區,0,0,0,8,,,50,,,,,,,,,,,,,,,12,,,,,B02,,,1,,2,,,12,,1,22,,B02,120.646629,24.140096,3
2023,1,4,10,41,臺中市,大里區,0,2,0,8,1,5,50,14,7,1,5,4,5,7,4,4,5,5,4,1,17,19,2,9,1,1,C03,7,1,1,10,2,14,,19,19,1,22,8,C03,120.683988,24.107923,2
2023,1,4,10,45,臺中市,南屯區,0,0,0,8,,,40,,,,,,,,,,,,,,,18,,,,,B12,,,1,8,2,,,18,18,1,22,,B12,120.632912,24.15106,3
2023,1,4,10,52,臺中市,東區,0,1,0,8,1,5,50,4,1,1,5,4,5,7,1,1,10,5,5,2,18,23,2,9,1,1,C03,7,9,1,10,2,14,,23,23,1,5,8,C03,120.689699,24.1328,2
2023,1,4,10,52,臺中市,龍井區,0,2,0,8,1,5,30,4,1,1,5,4,3,5,4,4,10,5,5,2,16,6,3,10,1,1,C04,7,5,1,10,2,11,,6,6,1,18,7,C04,120.576128,24.174585,2
2023,1,4,10,54,臺中市,龍井區,0,0,0,8,,,30,,,,,,,,,,,,,,,42,,,,,B12,,,1,,1,,,42,,1,2,,B12,120.586193,24.18745,3
2023,1,4,10,56,臺中市,烏日區,0,1,0,8,1,5,50,4,1,1,5,4,5,7,2,1,1,2,5,1,16,19,3,10,3,4,B03,7,1,1,8,2,4,,19,19,1,21,9,B03,120.634214,24.106336,2
2023,1,4,11,0,臺中市,南屯區,0,1,0,8,1,5,50,4,1,1,5,4,5,7,3,1,10,5,5,2,16,6,2,9,3,4,C03,7,5,1,10,2,12,,6,6,1,12,8,C03,120.641377,24.136076,2
2023,1,4,11,1,臺中市,西區,0,0,0,8,,,50,,,,,,,,,,,,,,,12,,,,,B03,,,1,,1,,,12,,1,21,,B03,120.661937,24.148871,4
2023,1,4,11,8,臺中市,東區,0,1,0,8,1,5,50,5,1,1,5,4,5,7,1,1,10,5,5,2,17,25,2,8,1,1,C03,7,9,6,10,2,11,,25,25,1,21,8,C03,120.705283,24.13163,2
2023,1,4,11,8,臺中市,北屯區,0,1,0,8,1,5,50,4,4,1,5,4,5,7,2,1,10,5,5,2,13,23,3,10,1,1,B03,7,9,1,8,2,1,,23,23,1,21,8,B03,120.704191,24.18232,2
2023,1,4,11,10,臺中市,東區,0,0,0,,,,50,,,,,,,,,,,,,,,23,,,,,A04,,,1,,2,,,23,,1,10,,A04,120.692192,24.142971,3
2023,1,4,11,12,臺中市,豐原區,0,2,0,8,1,5,50,4,1,1,5,4,5,7,4,4,5,5,4,2,15,6,2,9,1,1,C03,7,9,1,10,2,15,,6,6,1,22,8,C03,120.718823,24.250554,2
2023,1,4,11,15,臺中市,西屯區,0,0,0,8,,,50,,,,,,,,,,,,,,,7,,,,,A12,,,1,,2,,,7,,1,10,,A12,120.655025,24.200676,3
2023,1,4,11,15,臺中市,西屯區,0,1,0,8,1,5,40,14,8,1,5,4,5,7,4,4,1,4,4,2,17,23,2,9,1,1,C03,7,9,1,10,2,11,,23,23,1,21,8,C03,120.65494,24.200668,2
2023,1,4,11,16,臺中市,南屯區,0,1,0,8,1,5,50,4,1,1,5,4,5,7,2,1,10,5,5,2,18,23,2,9,1,1,C03,7,9,1,10,2,14,,23,23,1,22,8,C03,120.649817,24.150845,2
2023,1,4,11,20,臺中市,沙鹿區,0,0,0,8,,,50,,,,,,,,,,,,,,,17,,,,,A12,,,1,,2,,,17,,1,21,,A12,120.600142,24.256327,3
2023,1,4,11,21,臺中市,霧峰區,0,1,0,8,1,5,30,5,1,1,5,4,5,7,1,1,10,5,5,2,16,19,2,8,3,4,C03,7,1,1,10,2,12,,19,19,1,21,8,C03,120.713262,24.077261,2
2023,1,4,11,21,臺中市,太平區,0,1,0,8,1,5,50,4,2,1,5,4,5,7,1,1,5,5,4,1,16,26,3,10,1,1,C03,7,5,1,10,2,14,,26,26,1,22,8,C03,120.715131,24.158723,2
2023,1,4,11,22,臺中市,北屯區,0,1,0,8,1,5,50,4,1,1,5,4,5,7,4,4,10,5,5,2,15,6,3,10,1,1,B03,7,9,1,8,2,5,,6,6,1,5,8,B03,120.683905,24.181111,2
2023,1,4,11,29,臺中市,東區,0,0,0,8,,,50,,,,,,,,,,,,,,,42,,,,,C03,,,1,,2,,,42,,1,22,,C03,120.704545,24.143038,3
2023,1,4,11,30,臺中市,北區,0,0,0,,,,50,,,,,,,,,,,,,,,6,,,,,C03,,,1,,2,,,6,6,1,5,,C03,120.66806,24.154319,3
2023,1,4,11,30,臺中市,清水區,0,1,0,8,1,5,30,4,1,1,5,4,5,4,4,4,5,4,4,2,15,6,3,10,1,1,B03,7,9,6,8,2,1,,6,6,1,22,8,B03,120.546883,24.265918,2
2023,1,4,11,31,臺中市,北屯區,0,1,0,8,1,5,70,14,9,1,5,4,5,7,4,4,1,3,5,1,13,16,3,10,1,1,B03,7,9,1,8,2,5,,16,16,1,5,8,B03,120.720716,24.170376,2
2023,1,4,11,34,臺中市,西區,0,1,0,8,1,5,40,11,8,1,5,4,5,7,4,4,1,4,1,2,17,6,3,10,1,1,B03,7,6,1,8,2,5,,6,6,1,5,6,B03,120.658789,24.156918,2
2023,1,4,11,36,臺中市,潭子區,0,1,0,8,1,5,50,4,1,1,5,4,5,7,1,1,5,4,4,2,17,23,2,8,1,1,C03,7,9,1,10,2,11,,23,16,1,22,8,C03,120.699704,24.194435,2
2023,1,4,11,40,臺中市,沙鹿區,0,0,0,8,,,50,,,,,,,,,,,,,,,23,,,,,B03,,,1,,2,,,23,,1,18,,B03,120.573296,24.226217,3
2023,1,4,11,40,臺中市,清水區,0,1,0,8,1,5,60,4,1,1,5,4,5,7,2,1,1,4,4,1,16,6,3,10,1,1,B03,7,6,1,8,2,5,,6,6,1,21,8,B03,120.54416,24.268027,2
2023,1,4,11,40,臺中市,后里區,0,1,0,8,1,5,50,4,1,1,5,4,5,7,1,1,10,5,5,2,16,9,3,10,1,1,B03,7,6,1,8,2,2,,9,9,1,22,8,B03,120.725237,24.321304,2
2023,1,4,11,46,臺中市,后里區,0,0,0,8,1,5,50,3,1,1,5,4,5,7,1,1,5,5,5,2,12,6,3,10,1,1,B03,7,6,1,4,1,5,,6,6,1,21,9,B03,120.719616,24.30934,3
2023,1,4,11,47,臺中市,東區,0,0,0,,,,50,,,,,,,,,,,,,,,19,,,,,B03,,,1,,2,,,19,,1,21,,B03,120.691062,24.142794,3
2023,1,4,11,47,臺中市,南屯區,0,0,0,8,,,50,,,,,,,,,,,,,,,6,,,,,B03,,,1,,2,,,6,,1,5,,B03,120.636985,24.13331,3
2023,1,4,11,49,臺中市,西屯區,0,2,0,8,1,5,50,4,1,1,5,4,5,7,1,1,10,5,5,2,17,6,3,10,3,4,B02,7,6,3,18,2,6,,6,6,1,22,9,B02,120.625002,24.182084,2
2023,1,4,11,50,臺中市,南區,0,1,0,8,1,5,50,5,1,1,5,4,5,7,1,1,10,5,5,2,16,6,3,10,1,1,B02,7,6,1,8,2,2,6,6,6,1,21,8,B02,120.660671,24.124093,2
2023,1,4,11,50,臺中市,北屯區,0,1,0,8,1,5,50,14,9,1,5,4,5,7,4,4,1,4,5,2,20,23,2,9,1,1,C03,7,9,1,10,2,12,,23,23,1,18,8,C03,120.680223,24.200883,2
2023,1,4,11,51,臺中市,北屯區,0,0,0,8,,,80,,,,,,,,,,,,,,,16,,,,,A11,,,1,,1,,,16,,1,21,,A11,120.720783,24.172926,3
2023,1,4,11,56,臺中市,南屯區,0,1,0,8,1,5,50,3,1,1,5,4,5,7,1,1,10,5,5,2,16,6,3,10,3,4,B12,7,5,1,8,2,2,,6,6,1,22,8,B12,120.609883,24.140483,2
2023,1,4,11,57,臺中市,中區,0,1,0,8,1,5,50,4,1,1,5,4,5,7,1,1,1,5,5,2,12,16,3,10,3,4,B03,7,6,1,8,2,2,,16,16,1,21,8,B03,120.681741,24.144677,2
2023,1,4,12,0,臺中市,太平區,0,1,0,8,1,5,50,4,2,1,5,4,5,7,2,1,5,2,5,1,13,23,3,10,1,1,B03,7,1,1,8,2,1,,23,23,1,4,8,B03,120.722602,24.134024,2
2023,1,4,12,0,臺中市,清水區,0,1,0,8,1,5,60,4,9,1,5,4,5,7,4,4,1,4,5,1,11,6,3,10,1,1,A32,7,1,1,1,2,8,,6,6,1,22,8,A32,120.551596,24.29114,2
2023,1,4,12,3,臺中市,烏日區,0,1,0,8,1,5,70,3,2,1,5,4,5,7,2,1,10,5,5,2,17,7,3,10,1,1,B03,7,8,1,8,2,5,,7,7,1,5,8,B03,120.593096,24.112978,2
2023,1,4,12,4,臺中市,大里區,0,0,0,8,,,50,,,,,,,,,,,,,,,23,,,,,B03,,,1,,2,,,23,,1,22,,B03,120.69361,24.093935,3
2023,1,4,12,4,臺中市,烏日區,0,0,0,8,1,5,50,3,2,1,5,4,5,7,1,1,5,4,5,1,14,25,3,10,3,4,B03,7,14,1,8,2,5,,25,23,1,21,9,B03,120.64278,24.072904,3
2023,1,4,12,6,臺中市,神岡區,0,1,0,8,1,5,50,4,1,1,5,4,5,7,4,4,10,5,5,2,17,6,3,10,3,4,B12,7,5,1,8,2,8,,6,6,1,22,9,B12,120.700035,24.266794,2
2023,1,4,12,8,臺中市,北區,0,0,0,,,,50,,,,,,,,,,,,,,,60,,,,,H01,,,8,,10,,,60,,1,5,,H01,120.677372,24.15385,3
2023,1,4,12,12,臺中市,大雅區,0,1,0,8,1,5,50,4,1,1,5,4,5,7,1,1,1,4,4,1,16,6,3,10,1,1,B12,7,6,1,8,2,2,,6,6,1,22,9,B12,120.648356,24.221321,2