年,月,日,時,分,縣市,區,死,受傷,2-30,天候,光線,道路類別,速限,道路型態,事故位置,路面鋪裝,路面狀態,路面缺陷,障礙物,視距,號誌種類,號誌動作,分向設施,快車道或一般車道間,快慢車道間,路面邊線,事故類型及型態,主要肇因,受傷程度,主要傷處,保護裝備,行動電話,當事者區分,車輛用途,當事者行動狀態,駕駛資格情形,駕駛執照種類,飲酒情形,車輛撞擊部位最初,車輛撞擊部位其他,肇事因素個別,肇事因素主要,肇事逃逸,職業,旅次目的,車種,GPS緯度,GPS經度,事故類別
2023,1,4,21,57,臺中市,南區,0,3,0,8,3,5,50,4,1,1,5,4,5,7,1,1,9,4,4,2,11,25,2,7,1,1,B03,7,9,1,8,2,1,,23,25,1,5,1,B03,120.658551,24.117428,2
2023,1,4,22,13,臺中市,西屯區,0,1,0,8,3,5,50,14,9,1,5,4,5,7,4,4,5,5,5,2,13,28,3,10,1,1,B12,7,13,1,8,2,7,,28,28,1,22,8,B12,120.638661,24.179735,2
2023,1,4,22,15,臺中市,北區,0,1,0,8,3,5,50,4,1,1,5,4,5,7,1,1,1,2,5,2,16,26,3,10,1,1,B03,7,6,1,8,2,2,,26,26,1,5,8,B03,120.685574,24.153539,2
2023,1,4,22,15,臺中市,南區,0,0,0,,,,50,,,,,,,,,,,,,,,5,,,,,B03,,,1,,2,,,5,,1,22,,B03,120.657866,24.114063,3
2023,1,4,22,25,臺中市,南屯區,0,1,0,8,3,5,50,4,1,1,5,4,5,7,4,4,1,4,5,2,16,6,3,10,1,1,B03,7,6,1,8,2,7,,6,6,1,4,8,B03,120.646548,24.140866,2
2023,1,4,22,26,臺中市,南屯區,0,2,0,8,3,5,50,3,1,1,5,4,5,7,4,4,5,5,5,2,12,6,2,9,3,4,C03,7,5,1,10,2,14,,6,6,1,22,8,C03,120.605858,24.136258,2
2023,1,4,22,32,臺中市,中區,0,2,0,8,3,5,50,14,7,1,5,4,5,7,1,1,5,2,4,2,17,10,2,1,1,1,B03,7,11,1,8,2,7,,10,10,1,4,8,B03,120.673743,24.143297,2
2023,1,4,22,36,臺中市,太平區,0,1,0,8,3,5,40,4,1,1,5,4,5,7,1,1,10,5,5,2,16,6,3,10,1,1,B03,7,5,1,8,2,8,,6,6,1,21,8,B03,120.71524,24.108143,2
2023,1,4,22,39,臺中市,霧峰區,0,0,0,8,,,40,,,,,,,,,,,,,,,25,,,,,C03,,,1,,2,,,25,,1,12,,C03,120.662003,24.068702,3
2023,1,4,22,52,臺中市,龍井區,0,2,0,8,3,5,50,14,9,1,5,4,5,7,4,4,5,5,5,1,16,23,2,9,3,4,C03,7,9,1,10,2,11,,23,23,1,22,9,C03,120.582877,24.178744,2
2023,1,4,23,9,臺中市,大雅區,0,1,0,8,3,5,50,4,1,1,5,4,5,7,1,1,10,4,5,1,17,23,2,9,1,1,C03,7,9,3,18,2,12,,23,23,1,22,9,C03,120.641082,24.219279,2
2023,1,4,23,15,臺中市,沙鹿區,0,1,0,8,3,5,50,4,9,1,5,4,5,7,3,1,4,3,4,1,15,23,2,8,1,1,C03,7,9,1,10,2,11,,23,23,1,3,8,C03,120.614839,24.241916,2
2023,1,4,23,30,臺中市,烏日區,0,1,0,8,3,5,30,14,9,1,5,4,4,7,4,4,5,5,5,2,27,66,,,,,,,,,,,,,66,66,1,,,,120.649812,24.050961,2
2023,1,4,23,45,臺中市,東區,0,0,0,8,,,50,,,,,,,,,,,,,,,43,,,,,B03,,,1,,2,,,43,,1,22,,B03,120.698239,24.150434,3
2023,1,5,0,12,臺中市,東區,0,1,0,8,3,5,50,4,1,1,5,4,5,7,2,1,10,5,5,2,15,43,2,8,3,4,C03,7,9,1,8,2,11,,43,43,1,5,8,C03,120.65074,24.11976,2
2023,1,5,0,57,臺中市,南區,0,2,0,8,3,5,30,4,1,1,5,4,5,3,4,4,10,5,5,2,15,6,2,9,1,1,C03,7,9,1,10,2,12,,6,6,1,21,8,C03,120.681755,24.130292,2
2023,1,5,0,58,臺中市,太平區,0,0,0,8,,,40,,,,,,,,,,,,,,,43,,,,,,,,,,,,,43,,1,,,,120.721886,24.155358,3
2023,1,5,1,15,臺中市,中區,0,0,0,8,,,50,,,,,,,,,,,,,,,23,,,,,B12,,,1,,2,,,23,23,1,22,,B12,120.67737,24.144232,3
2023,1,5,1,20,臺中市,南區,0,1,0,8,3,5,50,4,1,1,5,4,5,6,2,1,10,5,5,2,17,25,3,10,3,4,B03,7,9,1,8,2,15,,25,25,1,5,8,B03,120.650353,24.120811,2
2023,1,5,1,41,臺中市,南屯區,0,1,0,8,3,5,50,4,1,1,5,4,5,7,2,1,5,2,5,2,20,23,2,9,1,1,C03,7,9,1,10,2,11,,23,23,1,18,8,C03,120.63423,24.144422,2
2023,1,5,1,55,臺中市,霧峰區,0,1,0,8,1,5,30,14,9,1,5,4,5,7,4,4,10,5,5,1,29,42,2,9,1,1,C03,7,9,1,10,2,14,,42,42,1,22,8,C03,120.680631,24.05571,2
2023,1,5,2,40,臺中市,中區,0,1,0,8,3,5,50,4,1,1,5,4,5,7,1,1,10,5,5,2,16,9,3,10,1,1,B01,7,6,1,4,2,2,,9,9,1,10,8,B01,120.682211,24.140111,2
2023,1,5,6,6,臺中市,北區,0,1,0,8,1,5,50,4,1,1,5,4,5,7,1,1,5,2,5,2,25,42,2,9,1,1,C03,7,15,4,11,2,11,,42,42,1,5,8,C03,120.677944,24.167048,2
2023,1,5,6,17,臺中市,中區,0,1,0,8,2,5,50,4,18,1,5,4,5,7,2,1,10,5,5,2,3,15,3,10,1,1,B01,7,5,1,4,2,1,,15,15,1,22,8,B01,120.678782,24.147212,2
2023,1,5,6,36,臺中市,西屯區,0,1,0,8,2,5,50,14,9,1,5,4,5,7,4,4,1,4,5,2,18,42,2,9,1,4,C03,7,9,1,10,2,12,,42,42,1,22,8,C03,120.64695,24.158779,2
2023,1,5,6,38,臺中市,南區,0,0,0,8,,,50,,,,,,,,,,,,,,,44,,,,,A12,,,1,1,2,,,44,44,1,5,,A12,120.64964,24.12138,3
2023,1,5,6,44,臺中市,北屯區,0,0,0,8,,,50,,,,,,,,,,,,,,,23,,,,,B03,,,1,,2,,,23,,1,21,,B03,120.670074,24.177842,3
2023,1,5,6,48,臺中市,東區,0,2,0,8,1,5,50,5,1,1,5,4,5,7,1,1,10,5,5,2,16,8,2,9,1,1,F02,7,5,8,20,2,16,,8,8,1,22,8,F02,120.68948,24.138854,2
2023,1,5,6,50,臺中市,后里區,0,2,0,8,1,5,30,5,1,1,5,4,5,7,4,4,10,5,5,2,16,6,2,9,1,1,C03,7,9,3,18,11,11,,6,6,1,22,8,C03,120.677447,24.313114,2
2023,1,5,7,2,臺中市,南屯區,0,1,0,8,1,5,50,4,1,1,5,4,5,7,2,1,3,4,4,2,15,25,3,10,3,4,C03,7,9,1,10,2,11,,25,23,1,4,9,C03,120.651393,24.150876,2
2023,1,5,7,9,臺中市,東區,0,1,0,8,1,5,50,4,1,1,5,4,5,7,1,1,10,5,5,2,16,6,3,10,1,1,B03,7,6,1,8,2,6,,6,6,1,5,8,B03,120.700082,24.132455,2
2023,1,5,7,10,臺中市,龍井區,0,1,0,8,1,5,30,3,1,1,5,4,5,7,4,4,10,5,5,2,17,6,3,10,1,1,A31,7,6,1,1,2,4,,6,6,1,12,8,A31,120.509698,24.208906,2
2023,1,5,7,11,臺中市,豐原區,0,1,0,8,1,5,50,3,1,1,5,4,5,7,4,4,10,5,5,2,16,6,3,10,3,4,B12,7,6,1,8,2,2,,6,6,1,22,8,B12,120.71473,24.261799,2
2023,1,5,7,12,臺中市,北屯區,0,1,0,8,1,5,50,4,1,1,5,4,5,7,4,4,10,5,5,2,15,6,2,9,1,1,C03,7,9,1,10,2,12,,6,6,1,22,8,C03,120.699705,24.185926,2
2023,1,5,7,12,臺中市,新社區,0,0,0,,,,50,,,,,,,,,,,,,,,23,,,,,B03,,,1,,2,,,23,,1,22,,B03,120.791605,24.206066,3
2023,1,5,7,15,臺中市,龍井區,0,2,0,8,1,5,40,14,9,1,5,4,5,7,4,4,5,4,5,1,11,26,2,9,1,1,C03,7,9,1,10,2,11,,26,26,1,12,8,C03,120.559339,24.1848,2
2023,1,5,7,19,臺中市,沙鹿區,0,1,0,8,1,5,30,11,9,1,5,4,5,3,4,4,9,5,5,2,17,42,3,10,1,1,C03,7,9,1,10,2,15,,42,42,1,4,8,C03,120.572673,24.231614,2
2023,1,5,7,20,臺中市,西屯區,0,1,0,8,1,5,50,5,1,1,5,4,5,7,1,1,5,5,4,1,17,26,3,10,1,1,B01,7,5,1,8,2,15,,26,26,1,1,9,B01,120.643413,24.178482,2
2023,1,5,7,21,臺中市,東勢區,0,1,0,8,1,5,40,4,1,1,5,4,5,7,4,4,10,5,5,2,17,17,3,10,1,1,B12,7,4,1,6,2,2,,17,17,1,22,8,B12,120.836395,24.251103,2
2023,1,5,7,22,臺中市,沙鹿區,0,1,0,8,1,5,50,3,3,1,5,4,5,7,2,1,10,5,5,2,17,42,3,10,1,1,C03,7,9,1,10,2,12,,42,42,1,19,7,C03,120.556893,24.22259,2
2023,1,5,7,23,臺中市,霧峰區,0,1,0,8,1,5,30,3,1,1,5,4,5,7,4,4,10,5,5,2,16,6,3,10,1,1,C03,7,5,1,10,2,11,,6,6,1,4,8,C03,120.670738,24.077913,2
2023,1,5,7,24,臺中市,西屯區,0,0,0,8,,,50,,,,,,,,,,,,,,,43,,,,,B12,,,1,,1,,,43,,1,22,,B12,120.647658,24.19667,3
2023,1,5,7,25,臺中市,豐原區,0,2,0,8,1,5,50,5,1,1,5,4,5,7,1,1,10,5,5,2,16,23,2,9,1,1,C03,7,9,1,10,2,11,,23,23,1,22,8,C03,120.716422,24.244174,2
2023,1,5,7,26,臺中市,太平區,0,2,0,8,1,5,50,3,1,1,5,4,5,7,4,4,10,5,5,2,16,6,2,8,1,1,C03,7,5,1,10,2,14,,6,6,1,22,5,C03,120.731506,24.139739,2
2023,1,5,7,27,臺中市,北屯區,0,0,0,8,,,60,,,,,,,,,,,,,,,42,,,,,B03,,,1,,1,,,42,,1,21,,B03,120.719475,24.163003,3
2023,1,5,7,29,臺中市,神岡區,0,2,0,8,1,5,30,14,9,1,5,4,5,7,4,4,10,5,5,1,11,42,2,8,3,4,C03,7,4,1,10,2,14,,42,42,1,22,1,C03,120.641561,24.243927,2
2023,1,5,7,30,臺中市,西屯區,0,1,0,8,1,5,50,3,1,1,5,4,5,7,4,4,10,5,5,2,17,42,3,10,1,1,B03,7,5,1,8,1,4,,42,42,1,21,8,B03,120.622918,24.183653,2
2023,1,5,7,30,臺中市,梧棲區,0,0,0,8,,,30,,,,,,,,,,,,,,,17,,,,,B03,,,1,,2,,,17,,1,4,,B03,120.546454,24.232559,3
2023,1,5,7,30,臺中市,后里區,0,1,0,8,1,5,50,3,1,1,5,4,5,7,1,1,1,4,4,1,17,42,3,10,1,1,B03,7,9,1,8,2,2,,42,42,1,21,8,B03,120.722553,24.28422,2
2023,1,5,7,32,臺中市,后里區,0,0,0,,,,50,,,,,,,,,,,,,,,23,,,,,B03,,,1,,2,,,23,,1,22,,B03,120.720395,24.30637,3
2023,1,5,7,33,臺中市,南屯區,0,2,0,8,1,5,50,14,9,1,5,4,5,7,4,4,1,2,5,2,17,26,3,10,1,1,B03,7,8,1,8,2,2,,26,26,1,5,1,B03,120.622843,24.145023,2
2023,1,5,7,33,臺中市,大里區,0,2,0,8,1,5,50,14,9,1,5,4,5,7,4,4,5,5,5,1,16,19,2,9,1,1,C03,7,1,1,10,2,11,,19,19,1,5,8,C03,120.678208,24.111653,2
2023,1,5,7,37,臺中市,南區,0,1,0,8,1,5,50,14,7,1,5,4,5,7,4,4,9,5,4,2,17,19,2,9,1,1,C03,7,1,1,10,2,14,,19,19,1,21,8,C03,120.650653,24.115533,2
2023,1,5,7,38,臺中市,西屯區,0,2,0,8,1,5,50,4,1,1,5,4,5,7,1,1,10,5,5,2,16,6,2,9,2,1,F01,7,5,8,20,2,16,,6,6,1,22,8,F01,120.64784,24.169588,2
2023,1,5,7,41,臺中市,北屯區,0,2,0,8,1,5,40,14,8,1,5,4,5,7,4,4,4,5,4,2,12,23,2,9,1,1,F01,7,9,8,20,2,16,,23,23,1,22,9,F01,120.674564,24.182212,2
2023,1,5,7,41,臺中市,西屯區,0,0,0,8,,,50,,,,,,,,,,,,,,,6,,,,,B03,,,1,,1,,,6,,1,22,,B03,120.642743,24.172443,3
2023,1,5,7,41,臺中市,沙鹿區,0,0,0,8,,,60,,,,,,,,,,,,,,,42,,,,,B03,,,1,,2,,,42,,1,21,,B03,120.583333,24.249846,3
2023,1,5,7,43,臺中市,南屯區,0,0,0,8,,,80,,,,,,,,,,,,,,,42,,,,,A41,,,1,,11,,,42,,1,22,,A41,120.623033,24.140267,3
2023,1,5,7,44,臺中市,豐原區,0,1,0,8,1,5,50,14,8,1,5,4,5,7,4,4,5,5,4,2,2,17,3,10,3,4,B03,7,9,1,8,2,2,,17,17,1,22,8,B03,120.71128,24.243024,2
2023,1,5,7,45,臺中市,大雅區,0,0,0,8,,,30,,,,,,,,,,,,,,,16,,,,,C03,,,1,,2,,,16,,1,22,,C03,120.664873,24.225848,3
2023,1,5,7,45,臺中市,北區,0,2,0,8,1,5,30,4,1,1,5,4,5,7,4,4,5,5,5,2,16,6,2,9,1,1,C03,7,9,1,10,2,12,,6,6,1,21,1,C03,120.695763,24.152462,2
2023,1,5,7,45,臺中市,北屯區,0,0,0,8,,,50,,,,,,,,,,,,,,,42,,,,,B03,,,1,,2,,,42,,1,5,,B03,120.68373,24.175777,3
2023,1,5,7,45,臺中市,大甲區,0,0,0,8,,,50,,,,,,,,,,,,,,,6,,,,,B03,,,1,,1,,,6,,1,21,,B03,120.61786,24.347531,3
2023,1,5,7,45,臺中市,豐原區,0,0,0,8,1,6,30,14,9,1,5,4,5,7,4,4,10,5,5,1,11,7,,,,,B12,,,1,,2,,,7,,1,9,,B12,120.742579,24.26198,3
2023,1,5,7,46,臺中市,南屯區,0,0,0,,,,50,,,,,,,,,,,,,,,7,,,,,B03,,,1,8,1,,,7,7,1,22,,B03,120.635711,24.143383,3
2023,1,5,7,49,臺中市,北屯區,0,0,0,8,,,50,,,,,,,,,,,,,,,23,,,,,B03,,,1,,1,,,23,,1,21,,B03,120.671456,24.17374,3
2023,1,5,7,49,臺中市,太平區,0,3,0,8,1,5,50,14,9,1,5,4,5,7,4,4,1,4,5,2,17,42,3,10,1,1,C03,7,9,1,10,2,15,,42,42,1,22,8,C03,120.723059,24.149009,2
2023,1,5,7,50,臺中市,西區,0,2,0,8,1,5,50,4,1,1,5,4,5,7,2,1,10,5,5,2,15,25,2,9,3,4,C03,7,9,4,11,9,11,,25,25,1,5,5,C03,120.657245,24.136592,2
2023,1,5,7,50,臺中市,烏日區,0,0,0,8,,,40,,,,,,,,,,,,,,,16,,,,,C03,,,1,,2,,,16,,1,21,,C03,120.651038,24.098154,3
2023,1,5,7,50,臺中市,后里區,0,0,0,8,,,50,,,,,,,,,,,,,,,26,,,,,B03,,,1,,2,,,26,,1,22,,B03,120.716885,24.309752,3
2023,1,5,7,51,臺中市,北區,0,0,0,,,,50,,,,,,,,,,,,,,,23,,,,,B03,,,1,,2,,,23,,1,5,,B03,120.694331,24.159247,3
2023,1,5,7,51,臺中市,大里區,0,0,0,8,,,80,,,,,,,,,,,,,,,23,,,,,B03,,,1,,2,,,23,,1,21,,B03,120.692641,24.102747,3
2023,1,5,7,52,臺中市,潭子區,0,2,0,8,1,5,40,14,9,1,5,4,5,7,4,4,4,4,5,1,16,19,2,9,1,1,C03,7,1,1,10,2,14,,19,19,1,22,8,C03,120.673872,24.208694,2
2023,1,5,7,52,臺中市,潭子區,0,2,0,8,1,5,60,14,7,1,5,4,5,7,4,4,1,4,4,1,17,7,2,9,1,1,C03,7,7,1,10,2,14,,7,7,1,22,8,C03,120.70511,24.206427,2
2023,1,5,7,53,臺中市,太平區,0,1,0,8,1,5,50,14,9,1,5,4,5,7,4,4,5,4,5,1,27,66,,,,,,,,,,,,,66,66,1,,,,120.711971,24.160993,2
2023,1,5,7,53,臺中市,烏日區,0,2,0,8,1,5,30,14,9,1,5,4,5,7,4,4,10,5,5,1,16,6,2,9,1,1,C03,7,6,1,10,2,12,,6,6,1,21,1,C03,120.658177,24.054522,2
2023,1,5,7,53,臺中市,豐原區,0,0,0,,,,60,,,,,,,,,,,,,,,16,,,,,C03,,,1,,2,,,16,,1,22,,C03,120.714363,24.251726,3
2023,1,5,7,55,臺中市,大雅區,0,2,0,8,1,5,50,3,2,1,5,4,5,7,4,4,5,5,5,1,3,51,2,9,4,5,H01,8,16,8,20,2,16,,51,51,1,22,8,H01,120.64686,24.218832,2
2023,1,5,7,55,臺中市,太平區,0,0,0,8,1,5,50,4,1,1,5,4,5,7,1,1,10,5,5,2,15,25,,,,,C03,,,1,,2,,,25,,1,22,,C03,120.7101,24.134809,3
2023,1,5,7,56,臺中市,豐原區,0,2,0,8,1,5,50,3,1,1,5,4,5,7,4,4,10,5,5,2,16,6,2,9,1,1,C03,7,5,1,10,2,11,,6,6,1,22,8,C03,120.739691,24.24898,2
2023,1,5,7,57,臺中市,西區,0,1,0,8,1,5,50,4,1,1,5,4,5,7,1,1,1,5,5,2,16,25,3,10,3,4,B03,7,5,1,8,2,2,,25,25,1,21,8,B03,120.672809,24.146914,2
2023,1,5,7,57,臺中市,西區,0,2,0,8,1,5,50,14,8,1,5,4,5,7,4,4,3,4,4,2,17,19,2,9,1,1,C03,7,1,1,10,2,14,,19,19,1,4,1,C03,120.672519,24.146971,2
2023,1,5,7,57,臺中市,北屯區,0,2,0,8,1,5,50,14,9,1,5,4,1,7,4,4,5,5,5,2,2,23,2,9,1,1,C03,7,9,1,10,2,11,,23,23,1,22,8,C03,120.747031,24.19666,2
2023,1,5,7,58,臺中市,北屯區,0,1,0,8,1,5,50,4,1,1,5,4,5,7,3,1,10,5,5,2,15,6,3,10,1,1,B03,7,9,1,8,2,5,,6,6,1,21,8,B03,120.683396,24.19724,2
2023,1,5,7,58,臺中市,西屯區,0,2,0,8,1,5,50,4,1,1,5,4,5,7,2,1,5,4,4,2,16,6,2,9,3,4,C03,7,5,1,10,2,12,,6,6,1,22,8,C03,120.637915,24.17282,2
2023,1,5,7,59,臺中市,北屯區,0,2,0,8,1,5,50,4,1,1,5,4,5,7,4,4,5,2,5,2,16,26,2,8,1,1,C03,7,9,1,10,2,11,,26,26,1,22,8,C03,120.719476,24.179588,2
2023,1,5,8,0,臺中市,西屯區,0,2,0,8,1,5,30,3,1,1,5,4,5,7,4,4,10,5,5,2,16,8,2,9,1,1,C03,7,5,1,10,3,14,,8,8,1,22,8,C03,120.635191,24.187668,2
2023,1,5,8,0,臺中市,霧峰區,0,0,0,8,,,50,,,,,,,,,,,,,,,18,,,,,B03,,,1,,2,,,18,,1,22,,B03,120.699695,24.072694,3
2023,1,5,8,0,臺中市,神岡區,0,0,0,8,,,50,,,,,,,,,,,,,,,26,,,,,C03,,,1,,1,,,26,,1,12,,C03,120.654103,24.280445,3
2023,1,5,8,1,臺中市,新社區,0,1,0,8,1,5,50,3,1,1,5,4,5,7,4,4,10,5,5,2,17,17,3,10,1,1,D03,7,6,1,14,2,5,,23,17,1,22,8,D03,120.834899,24.169193,2
2023,1,5,8,2,臺中市,大里區,0,1,0,8,1,5,50,11,9,1,5,4,5,7,4,4,5,2,5,1,16,26,3,10,1,1,B03,7,5,1,8,2,8,,26,26,1,22,9,B03,120.672513,24.081593,2
2023,1,5,8,6,臺中市,西屯區,0,1,0,8,1,5,50,14,9,1,5,4,5,7,4,4,9,5,5,1,17,8,3,10,1,1,B03,7,5,1,8,2,8,,8,8,1,1,9,B03,120.654215,24.158784,2
2023,1,5,8,6,臺中市,大里區,0,1,0,8,1,5,50,4,1,1,5,4,5,7,1,1,10,5,5,1,16,25,3,10,1,1,B03,7,9,1,8,2,4,,25,25,1,5,8,B03,120.694041,24.113835,2
2023,1,5,8,7,臺中市,西屯區,0,1,0,8,1,5,50,4,1,1,5,4,5,7,1,1,10,5,5,2,17,6,3,10,1,1,C03,7,5,1,10,2,11,,6,6,1,21,8,C03,120.662691,24.163466,2
2023,1,5,8,10,臺中市,西屯區,0,0,0,8,,,30,,,,,,,,,,,,,,,23,,,,,B03,,,1,,1,,,23,,1,22,,B03,120.65535,24.170028,3
2023,1,5,8,10,臺中市,西屯區,0,0,0,8,,,50,,,,,,,,,,,,,,,16,,,,,B03,,,1,,1,,,16,,1,22,,B03,120.656983,24.200596,3
2023,1,5,8,12,臺中市,大雅區,0,1,0,8,1,5,50,3,2,1,5,4,5,7,1,1,1,4,4,1,13,16,3,10,1,1,C03,7,9,1,10,2,11,,16,16,1,22,9,C03,120.670969,24.215823,2
2023,1,5,8,15,臺中市,北屯區,0,0,0,8,,,50,,,,,,,,,,,,,,,23,,,,,B03,,,1,,1,,,23,,1,22,,B03,120.688316,24.162963,3
2023,1,5,8,15,臺中市,西屯區,0,0,0,8,,,60,,,,,,,,,,,,,,,23,,,,,B03,,,1,,1,,,23,,1,22,,B03,120.653572,24.160522,3
2023,1,5,8,15,臺中市,太平區,0,0,0,8,,,30,,,,,,,,,,,,,,,6,,,,,C03,,,1,,2,,,6,,1,22,,C03,120.717803,24.102825,3
2023,1,5,8,18,臺中市,南屯區,0,0,0,8,,,50,,,,,,,,,,,,,,,6,,,,,B03,,,1,,1,,,6,,1,22,,B03,120.610748,24.14588,3
2023,1,5,8,20,臺中市,南屯區,0,2,0,8,1,5,50,4,1,1,5,4,5,7,4,4,10,5,5,2,15,6,2,9,1,4,C03,7,9,1,10,2,11,,6,6,1,22,8,C03,120.613598,24.151993,2
2023,1,5,8,21,臺中市,新社區,0,0,0,8,,,40,,,,,,,,,,,,,,,23,,,,,B12,,,1,,2,,,23,23,1,22,,B12,120.809141,24.241987,3
2023,1,5,8,25,臺中市,大雅區,0,0,0,8,,,50,,,,,,,,,,,,,,,8,,,,,B12,,,1,,3,,,8,,1,22,,B12,120.6325,24.224418,3
2023,1,5,8,25,臺中市,北區,0,2,0,8,1,5,50,3,1,1,5,4,5,7,4,4,5,5,4,2,16,6,2,9,1,1,C03,7,5,1,10,2,12,,6,6,1,21,8,C03,120.66664,24.155552,2
2023,1,5,8,26,臺中市,西屯區,0,2,0,8,1,5,80,14,9,1,5,4,5,7,4,4,10,4,5,2,12,7,2,9,1,1,B03,7,7,1,8,2,7,,7,7,1,22,8,B03,120.62689,24.159517,2
2023,1,5,8,28,臺中市,西屯區,0,2,0,8,1,5,50,4,1,1,5,4,5,7,2,1,1,4,1,2,12,7,2,5,3,4,C03,7,8,1,10,2,12,,7,7,1,22,8,C03,120.646086,24.164348,2
2023,1,5,8,30,臺中市,北區,0,1,0,8,1,5,50,4,1,1,5,4,5,7,2,1,3,5,5,2,17,6,3,10,1,1,B03,7,5,1,8,2,15,,6,6,1,21,8,B03,120.668095,24.162861,2
2023,1,5,8,30,臺中市,太平區,0,1,0,8,1,5,40,3,1,1,5,4,5,7,4,4,10,5,5,1,16,16,2,9,1,1,C03,7,9,1,10,2,11,,16,16,1,22,8,C03,120.729711,24.140475,2
2023,1,5,8,33,臺中市,霧峰區,0,2,0,8,1,5,50,5,1,1,5,4,5,7,1,1,5,5,5,1,16,26,2,9,1,1,C03,7,9,1,10,2,12,,26,26,1,18,8,C03,120.715219,24.073443,2
2023,1,5,8,34,臺中市,南屯區,0,0,0,,,,50,,,,,,,,,,,,,,,6,,,,,B03,,,1,,1,,,6,,1,22,,B03,120.651165,24.156135,3
2023,1,5,8,36,臺中市,西屯區,0,1,0,8,1,5,50,14,9,1,5,4,5,7,4,4,5,4,5,1,17,19,3,10,1,1,B12,7,1,1,8,2,4,,19,19,1,1,9,B12,120.62091,24.190107,2
2023,1,5,8,37,臺中市,龍井區,0,1,0,8,1,5,30,4,1,1,5,4,5,7,4,4,10,5,5,2,15,6,2,9,1,1,C03,7,9,1,10,2,12,,6,6,1,12,8,C03,120.528581,24.201915,2
2023,1,5,8,38,臺中市,南區,0,0,0,8,,,50,,,,,,,,,,,,,,,23,,,,,B03,,,1,,2,,,23,,1,22,,B03,120.658281,24.117432,3
2023,1,5,8,38,臺中市,南屯區,0,0,0,8,,,50,,,,,,,,,,,,,,,23,,,,,C03,,,1,,9,,,23,,1,22,,C03,120.611758,24.135931,3
2023,1,5,8,40,臺中市,太平區,0,3,0,8,1,5,50,4,1,1,5,4,5,7,1,1,10,5,5,2,15,25,2,9,1,1,C03,7,9,1,10,2,11,,25,25,1,22,8,C03,120.719885,24.121204,2
2023,1,5,8,41,臺中市,東區,0,0,0,,,,50,,,,,,,,,,,,,,,42,,,,,B03,,,6,,2,,,42,,1,21,,B03,120.699337,24.147092,3
2023,1,5,8,42,臺中市,霧峰區,0,0,0,8,,,60,,,,,,,,,,,,,,,23,,,,,B12,,,1,,2,,,23,,1,22,,B12,120.696059,24.055473,3
2023,1,5,8,42,臺中市,烏日區,0,2,0,8,1,5,50,4,1,1,5,4,5,7,1,1,10,5,5,2,16,9,2,8,1,1,C03,7,6,1,10,2,12,13,9,9,1,21,8,C03,120.64545,24.057853,2
2023,1,5,8,45,臺中市,大雅區,0,0,0,8,,,30,,,,,,,,,,,,,,,37,,,,,B12,,,1,,2,,,37,,1,22,,B12,120.669451,24.236586,3
2023,1,5,8,45,臺中市,后里區,0,1,0,8,1,5,50,4,1,1,5,4,5,7,1,1,10,5,5,2,16,1,2,7,1,1,C01,7,4,1,9,2,12,,1,1,1,22,8,C01,120.71763,24.306864,2
2023,1,5,8,47,臺中市,西屯區,0,1,0,8,1,5,50,5,1,1,5,4,5,7,1,1,5,5,5,2,16,6,3,10,1,1,B03,7,6,1,8,2,6,,6,6,1,22,8,B03,120.664322,24.164708,2
2023,1,5,8,48,臺中市,東區,0,1,0,8,1,5,40,4,1,1,5,4,5,7,1,1,10,5,5,2,16,26,2,8,1,1,C03,7,5,6,10,2,13,,26,26,1,5,8,C03,120.696509,24.136899,2
2023,1,5,8,48,臺中市,大肚區,0,0,0,8,,,30,,,,,,,,,,,,,,,6,,,,,C03,,,1,,2,,,6,,1,2,,C03,120.573048,24.163643,3
2023,1,5,8,49,臺中市,南屯區,0,1,0,8,1,5,50,4,1,1,5,4,5,7,1,1,5,4,4,2,13,23,3,10,3,4,B03,7,9,1,8,2,8,,23,23,1,4,9,B03,120.63407,24.158252,2
2023,1,5,8,50,臺中市,大里區,0,1,0,8,1,5,30,3,1,1,5,4,5,7,4,4,10,5,5,2,16,6,3,10,1,1,B03,7,5,1,8,2,1,,6,6,1,21,9,B03,120.698346,24.106048,2
2023,1,5,8,53,臺中市,北屯區,0,0,0,8,,,50,,,,,,,,,,,,,,,23,,,,,B03,,,1,,1,,,23,,1,21,,B03,120.69723,24.170455,3
2023,1,5,8,54,臺中市,豐原區,0,0,0,8,,,50,,,,,,,,,,,,,,,7,,,,,B03,,,1,,2,,,7,,1,22,,B03,120.701483,24.249372,3
2023,1,5,8,56,臺中市,太平區,0,1,0,8,1,5,50,3,1,1,5,4,5,7,4,4,10,5,5,1,16,6,3,10,1,1,B12,7,5,1,8,2,4,,6,6,1,22,5,B12,120.732484,24.115181,2
2023,1,5,9,0,臺中市,太平區,0,0,0,8,,,40,,,,,,,,,,,,,,,16,,,,,A41,,,1,,1,,,16,,1,10,,A41,120.712385,24.1065,3
2023,1,5,9,1,臺中市,西屯區,0,1,0,8,1,5,50,4,1,1,5,4,5,7,2,1,10,5,5,2,16,44,2,9,1,1,C03,7,5,1,10,2,12,,44,44,1,18,8,C03,120.650398,24.156533,2
2023,1,5,9,1,臺中市,西屯區,0,1,0,8,1,5,50,4,1,1,5,4,5,7,1,1,10,5,5,2,15,25,3,10,1,1,B03,7,9,1,8,2,1,,25,25,1,21,8,B03,120.651801,24.177113,2
2023,1,5,9,5,臺中市,西屯區,0,0,0,8,,,80,,,,,,,,,,,,,,,23,,,,,A41,,,1,,1,,,23,23,1,22,,A41,120.631325,24.168338,3