年,月,日,時,分,縣市,區,死,受傷,2-30,天候,光線,道路類別,速限,道路型態,事故位置,路面鋪裝,路面狀態,路面缺陷,障礙物,視距,號誌種類,號誌動作,分向設施,快車道或一般車道間,快慢車道間,路面邊線,事故類型及型態,主要肇因,受傷程度,主要傷處,保護裝備,行動電話,當事者區分,車輛用途,當事者行動狀態,駕駛資格情形,駕駛執照種類,飲酒情形,車輛撞擊部位最初,車輛撞擊部位其他,肇事因素個別,肇事因素主要,肇事逃逸,職業,旅次目的,車種,GPS緯度,GPS經度,事故類別
2023,1,5,9,8,臺中市,太平區,0,1,0,8,1,5,50,4,1,1,5,4,5,7,4,4,10,5,5,2,16,6,2,9,1,1,C03,7,5,1,10,2,12,,6,6,1,22,5,C03,120.719297,24.103128,2
2023,1,5,9,9,臺中市,西屯區,0,1,0,8,1,5,50,14,9,1,5,4,5,7,4,4,5,5,5,2,13,23,2,9,3,4,C03,7,9,1,10,2,14,,23,23,1,22,8,C03,120.589186,24.176148,2
2023,1,5,9,11,臺中市,清水區,0,0,0,8,1,5,50,4,2,1,5,4,5,7,1,1,8,3,4,1,13,23,3,10,1,1,B03,7,9,1,8,11,1,,23,23,1,21,8,B03,120.590333,24.304186,3
2023,1,5,9,18,臺中市,北區,0,3,0,8,1,5,50,4,1,1,5,4,5,7,4,4,10,5,5,2,16,6,2,9,3,4,C03,7,9,6,10,2,11,,6,6,1,5,8,C03,120.701261,24.15709,2
2023,1,5,9,20,臺中市,北屯區,0,2,0,8,1,5,50,4,2,1,5,4,5,7,1,1,5,4,5,2,16,26,3,10,1,1,B03,7,6,1,8,2,2,,26,26,1,20,8,B03,120.694259,24.16491,2
2023,1,5,9,20,臺中市,太平區,0,2,0,8,1,5,30,3,1,1,5,4,5,7,4,4,10,5,5,2,16,6,2,9,1,1,C03,7,6,1,10,2,14,,6,6,1,22,8,C03,120.720224,24.150454,2
2023,1,5,9,25,臺中市,太平區,0,1,0,8,1,5,50,4,1,1,5,4,5,7,1,1,10,5,5,2,16,26,3,10,3,4,B12,7,6,1,8,2,2,,26,26,1,9,8,B12,120.714329,24.149276,2
2023,1,5,9,27,臺中市,南屯區,0,0,0,8,,,60,,,,,,,,,,,,,,,16,,,,,B12,,,1,,1,,,16,,1,5,,B12,120.633028,24.124075,3
2023,1,5,9,29,臺中市,太平區,0,1,0,8,1,5,50,14,9,1,5,4,5,7,4,4,10,5,5,2,14,12,3,10,1,1,B03,7,2,1,7,2,4,,12,12,1,22,5,B03,120.723264,24.12318,2
2023,1,5,9,30,臺中市,南區,0,1,0,8,1,5,50,4,1,1,5,4,5,7,1,1,10,5,5,2,17,9,3,10,1,1,B03,7,6,1,8,2,6,,9,9,1,22,8,B03,120.675528,24.131328,2
2023,1,5,9,30,臺中市,神岡區,0,1,0,7,1,5,50,5,1,1,5,4,5,7,1,1,10,5,5,2,17,23,3,10,3,4,B03,6,6,1,8,2,5,,23,23,1,22,9,B03,120.663669,24.258353,2
2023,1,5,9,34,臺中市,西區,0,1,0,8,1,5,50,4,1,1,5,4,5,7,2,1,10,5,5,2,18,43,2,9,1,1,C03,7,9,1,10,2,14,,43,43,1,18,7,C03,120.655632,24.154807,2
2023,1,5,9,35,臺中市,北屯區,0,1,0,8,1,5,50,4,1,1,5,4,5,7,1,1,5,5,5,2,12,6,3,10,1,1,B03,7,6,1,8,2,2,,6,6,1,22,8,B03,120.664634,24.182663,2
2023,1,5,9,38,臺中市,大雅區,0,1,0,8,1,5,50,4,2,1,5,4,5,7,1,1,5,5,5,2,16,25,3,10,1,1,B12,7,9,1,8,2,8,,25,25,1,22,9,B12,120.657108,24.225182,2
2023,1,5,9,40,臺中市,東區,0,0,0,,,,50,,,,,,,,,,,,,,,42,,,,,C03,,,1,,2,,,42,,1,21,,C03,120.697039,24.147744,3
2023,1,5,9,40,臺中市,南屯區,0,0,0,8,,,50,,,,,,,,,,,,,,,30,,,,,B12,,,1,,2,,,30,,1,22,,B12,120.60999,24.144373,3
2023,1,5,9,44,臺中市,烏日區,0,1,0,8,1,5,50,3,1,1,5,4,5,7,4,4,5,5,4,1,16,10,3,10,3,4,B12,7,11,1,8,2,8,,10,10,1,21,9,B12,120.621528,24.106438,2
2023,1,5,9,45,臺中市,西屯區,0,0,0,,,,50,,,,,,,,,,,,,,,12,,,,,B03,,,1,,1,,,44,12,1,22,,B03,120.638527,24.163791,3
2023,1,5,9,46,臺中市,梧棲區,0,0,0,8,,,50,,,,,,,,,,,,,,,43,,,,,B12,,,1,,2,,,43,,1,3,,B12,120.529599,24.252619,3
2023,1,5,9,49,臺中市,東區,0,1,0,8,1,5,30,3,1,1,5,4,5,7,4,4,10,5,4,2,16,6,3,10,1,1,B03,7,5,1,8,2,4,,6,6,1,5,8,B03,120.69863,24.14278,2
2023,1,5,9,50,臺中市,西區,0,1,0,8,1,5,50,4,1,1,5,4,5,7,2,1,10,5,5,2,15,25,3,10,1,1,C03,7,9,1,10,2,12,,25,25,1,20,8,C03,120.666736,24.141067,2
2023,1,5,9,51,臺中市,西屯區,0,0,0,8,,,50,,,,,,,,,,,,,,,23,,,,,B03,,,1,,1,,,23,,1,1,,B03,120.653221,24.166774,3
2023,1,5,9,52,臺中市,烏日區,0,0,0,8,,,50,,,,,,,,,,,,,,,9,,,,,B03,,,1,,2,,,9,,1,21,,B03,120.625105,24.106933,3
2023,1,5,9,53,臺中市,北屯區,0,1,0,8,1,5,50,14,9,1,5,4,5,7,4,4,5,4,5,2,12,1,3,10,1,1,B12,7,4,1,8,4,6,,1,1,1,5,8,B12,120.745696,24.188656,2
2023,1,5,9,54,臺中市,中區,0,1,0,8,1,5,50,3,1,1,5,4,5,7,4,4,5,5,5,2,16,6,3,10,3,4,C03,7,9,1,10,2,12,,14,6,1,21,8,C03,120.680272,24.146625,2
2023,1,5,9,55,臺中市,大里區,0,0,0,8,,,50,,,,,,,,,,,,,,,23,,,,,B03,,,1,,2,,,23,,1,6,,B03,120.674176,24.097537,3
2023,1,5,9,59,臺中市,北屯區,0,1,0,8,1,5,50,4,1,1,5,4,5,7,1,1,10,5,5,2,16,19,3,10,1,1,B03,7,1,1,8,2,8,,19,19,1,22,8,B03,120.70369,24.174731,2
2023,1,5,10,0,臺中市,東區,0,0,0,8,,,50,,,,,,,,,,,,,,,43,,,,,C03,,,1,,9,,,43,,1,22,,C03,120.706571,24.13645,3
2023,1,5,10,0,臺中市,南區,0,0,0,,,,40,,,,,,,,,,,,,,,23,,,,,B12,,,1,,11,,,23,,1,21,,B12,120.676991,24.131662,3
2023,1,5,10,0,臺中市,南屯區,0,1,0,8,1,5,60,14,7,1,5,4,5,7,4,4,1,4,1,2,13,23,3,10,1,1,B03,7,9,1,8,1,1,,23,23,1,5,8,B03,120.632123,24.124975,2
2023,1,5,10,1,臺中市,北區,0,2,0,8,1,5,50,4,1,1,5,4,5,7,3,1,10,4,5,2,16,6,2,9,1,1,B03,7,9,1,8,2,5,,6,6,1,22,8,B03,120.673124,24.145288,2
2023,1,5,10,1,臺中市,烏日區,0,0,0,8,1,5,50,14,9,1,5,4,5,7,4,4,1,4,5,1,13,23,3,10,3,4,B03,7,9,6,8,2,1,,23,23,1,21,9,B03,120.618851,24.106004,3
2023,1,5,10,3,臺中市,西屯區,0,1,0,8,1,5,50,3,1,1,5,4,5,7,1,1,5,5,5,2,13,44,3,10,1,1,C03,7,6,1,10,2,13,,44,44,1,22,8,C03,120.642961,24.189568,2
2023,1,5,10,5,臺中市,沙鹿區,0,4,0,8,1,5,40,3,1,1,5,4,5,7,1,1,10,5,5,2,16,14,2,9,1,1,C03,7,9,1,10,2,14,,14,14,1,21,8,C03,120.580809,24.217315,2
2023,1,5,10,8,臺中市,大雅區,0,0,0,8,,,30,,,,,,,,,,,,,,,23,,,,,B12,,,1,,2,,,23,,1,22,,B12,120.648412,24.22629,3
2023,1,5,10,9,臺中市,南屯區,0,2,0,8,1,5,40,4,1,1,5,4,5,7,1,1,10,5,5,2,16,6,2,9,3,4,C03,7,5,1,10,2,12,,6,6,1,22,8,C03,120.653038,24.134957,2
2023,1,5,10,16,臺中市,烏日區,0,1,0,8,1,5,50,14,9,1,5,4,5,7,4,4,5,4,5,1,14,12,3,10,1,1,B03,7,2,1,8,2,3,,12,12,1,21,8,B03,120.648504,24.075485,2
2023,1,5,10,25,臺中市,北屯區,0,1,0,8,1,5,50,11,9,1,5,4,5,7,4,4,1,4,5,1,26,23,2,9,1,1,C03,7,9,1,10,2,11,,23,23,1,21,8,C03,120.787866,24.206184,2
2023,1,5,10,29,臺中市,南屯區,0,0,0,,,,50,,,,,,,,,,,,,,,17,,,,,B03,,,1,,1,,,17,,1,4,,B03,120.649702,24.152914,3
2023,1,5,10,32,臺中市,北屯區,0,1,0,8,1,5,50,4,1,1,5,4,5,7,4,4,4,5,5,1,16,1,2,9,1,1,C03,7,4,1,10,2,14,,1,1,1,19,8,C03,120.675773,24.202354,2
2023,1,5,10,34,臺中市,北屯區,0,0,0,8,,,50,,,,,,,,,,,,,,,23,,,,,C03,,,1,,1,,,23,,1,22,,C03,120.68538,24.16775,3
2023,1,5,10,36,臺中市,大里區,0,2,0,8,1,5,50,3,1,1,5,4,5,7,1,1,10,5,5,2,17,23,2,9,1,1,C03,7,9,1,10,2,15,,23,23,1,22,8,C03,120.693545,24.090162,2
2023,1,5,10,37,臺中市,東區,0,1,0,8,1,5,50,4,1,1,5,4,5,7,1,1,10,5,5,2,17,10,2,9,1,1,C03,7,11,4,11,2,14,,10,10,1,19,8,C03,120.687674,24.138815,2
2023,1,5,10,39,臺中市,西區,0,1,0,8,1,5,50,14,9,1,5,4,5,7,4,4,5,2,5,2,17,19,3,10,1,1,B03,7,1,1,8,2,1,,19,19,1,4,7,B03,120.664115,24.146317,2
2023,1,5,10,40,臺中市,北區,0,0,0,8,,,50,,,,,,,,,,,,,,,23,,,,,B12,,,1,,1,,,23,,1,21,,B12,120.670253,24.15941,3
2023,1,5,10,40,臺中市,龍井區,0,0,0,8,,,70,,,,,,,,,,,,,,,35,,,,,A12,,,1,,2,,,35,,1,12,,A12,120.537383,24.19333,3
2023,1,5,10,41,臺中市,豐原區,0,1,0,8,1,5,50,3,1,1,5,4,5,7,4,4,5,5,4,2,16,6,3,10,1,1,B03,7,5,1,8,2,5,,6,6,1,22,8,B03,120.7129,24.250258,2
2023,1,5,10,43,臺中市,北屯區,0,0,0,8,,,50,,,,,,,,,,,,,,,23,,,,,B02,,,1,,9,,,23,23,2,21,,B02,120.72129,24.172618,3
2023,1,5,10,44,臺中市,梧棲區,0,1,0,8,1,5,50,4,2,1,5,4,5,7,1,1,5,4,5,1,16,6,2,9,1,1,C03,7,6,4,8,2,12,,6,6,1,4,8,C03,120.53477,24.257724,2
2023,1,5,10,45,臺中市,大雅區,0,0,0,8,,,50,,,,,,,,,,,,,,,19,,,,,B12,,,1,,2,,,19,19,1,22,,B12,120.650052,24.21208,3
2023,1,5,10,50,臺中市,南屯區,0,1,0,8,1,5,30,3,9,1,5,4,5,7,4,4,10,5,5,2,12,6,2,9,3,4,C03,7,6,1,10,2,14,,6,6,1,22,8,C03,120.640931,24.138351,2
2023,1,5,10,57,臺中市,北屯區,0,1,0,8,1,5,50,4,1,1,5,4,5,7,4,4,10,5,5,2,16,6,3,10,1,1,C03,7,5,1,10,2,14,13,6,6,1,5,8,C03,120.71691,24.179943,2
2023,1,5,10,58,臺中市,太平區,0,1,0,8,1,5,30,3,1,1,5,4,5,7,3,1,10,5,5,2,16,6,2,9,1,1,C03,7,6,1,10,2,14,,6,6,1,22,8,C03,120.733422,24.118615,2
2023,1,5,11,10,臺中市,北區,0,1,0,8,1,5,50,5,1,1,5,4,5,7,1,1,1,2,5,2,16,7,2,6,1,1,C03,7,10,1,10,2,14,,7,7,1,21,8,C03,120.686252,24.15482,2
2023,1,5,11,11,臺中市,西屯區,0,1,0,8,1,5,40,14,8,1,5,4,5,7,4,4,1,4,1,2,17,6,3,10,1,1,B03,7,6,1,8,2,5,,6,6,1,21,8,B03,120.642433,24.16658,2
2023,1,5,11,15,臺中市,烏日區,0,3,0,8,1,5,60,3,7,1,5,4,5,7,2,1,1,2,1,2,13,43,2,9,3,3,B12,7,9,1,8,2,1,,43,43,1,21,9,B12,120.608704,24.1037,2
2023,1,5,11,20,臺中市,大肚區,0,1,0,8,1,5,50,4,1,1,5,4,5,7,1,1,10,5,5,2,16,23,3,10,1,1,C03,7,9,1,10,2,12,,23,23,1,2,8,C03,120.580539,24.172668,2
2023,1,5,11,29,臺中市,西屯區,0,0,0,8,,,50,,,,,,,,,,,,,,,23,,,,,A11,,,1,,1,,,23,,1,22,,A11,120.605821,24.160484,3
2023,1,5,11,30,臺中市,大雅區,0,2,0,8,1,5,30,4,1,1,5,4,5,7,3,1,5,5,5,1,15,6,2,9,1,1,C03,7,9,4,11,2,11,,6,6,1,22,9,C03,120.642527,24.231022,2
2023,1,5,11,32,臺中市,烏日區,0,0,0,8,,,60,,,,,,,,,,,,,,,16,,,,,B03,,,1,,2,,,16,,1,21,,B03,120.62734,24.10404,3
2023,1,5,11,35,臺中市,清水區,0,2,0,8,1,5,50,4,1,1,5,4,5,7,2,1,1,4,4,2,15,25,2,9,1,1,C03,7,9,1,10,2,12,,25,25,1,21,8,C03,120.574345,24.266405,2
2023,1,5,11,35,臺中市,神岡區,0,0,0,8,,,50,,,,,,,,,,,,,,,18,,,,,B03,,,1,,1,,,18,,1,12,,B03,120.661243,24.25853,3
2023,1,5,11,38,臺中市,北區,0,2,0,8,1,5,50,3,2,1,5,4,5,7,2,1,5,5,5,2,16,26,2,9,1,1,C03,7,5,1,10,2,12,,26,26,1,22,8,C03,120.687683,24.155576,2
2023,1,5,11,38,臺中市,西屯區,0,0,0,8,,,50,,,,,,,,,,,,,,,12,,,,,B12,,,1,,1,,,12,,1,22,,B12,120.605116,24.162672,3
2023,1,5,11,40,臺中市,后里區,0,0,0,8,1,5,50,14,9,1,5,4,5,7,4,4,5,5,4,1,14,12,,,,,B03,,,1,,2,,,12,,1,9,,B03,120.717828,24.309006,3
2023,1,5,11,41,臺中市,南區,0,2,0,8,1,5,50,14,7,1,5,4,5,7,4,4,5,4,5,2,3,23,2,1,1,1,C03,7,9,1,10,2,11,,23,23,1,22,8,C03,120.666948,24.116022,2
2023,1,5,11,42,臺中市,西區,0,2,0,8,1,5,50,4,1,1,5,4,5,7,1,1,10,5,5,2,13,23,2,9,1,1,C03,7,9,1,10,1,11,,23,23,1,21,8,C03,120.669792,24.143996,2
2023,1,5,11,46,臺中市,東區,0,0,0,,,,50,,,,,,,,,,,,,,,7,,,,,B03,,,1,,2,,,7,,1,5,,B03,120.693248,24.13329,3
2023,1,5,11,48,臺中市,清水區,0,1,0,8,1,5,50,4,1,1,5,4,5,7,1,1,8,3,4,1,16,26,3,10,1,1,B03,7,6,1,8,2,2,,26,26,1,21,8,B03,120.567408,24.270311,2
2023,1,5,11,51,臺中市,北屯區,0,1,0,8,1,5,40,3,1,1,5,4,5,7,4,4,10,5,5,2,12,7,3,10,1,1,B11,7,7,1,2,2,2,,7,7,1,10,7,B11,120.683421,24.181918,2
2023,1,5,11,55,臺中市,太平區,0,2,0,8,1,5,50,4,1,1,5,4,5,7,4,4,10,5,5,2,15,6,2,9,3,4,C03,7,9,1,10,2,11,,6,6,1,5,8,C03,120.716986,24.115385,2
2023,1,5,12,3,臺中市,大里區,0,1,0,8,1,5,30,4,2,1,5,4,5,7,4,4,5,5,5,2,16,8,2,8,1,1,C03,7,5,1,10,2,11,,8,8,1,22,9,C03,120.69293,24.113541,2
2023,1,5,12,8,臺中市,大雅區,0,0,0,8,,,50,,,,,,,,,,,,,,,44,,,,,B03,,,1,,2,,,44,,1,22,,B03,120.64851,24.224735,3
2023,1,5,12,12,臺中市,西區,0,1,0,8,1,5,50,14,9,1,5,4,5,7,4,4,4,5,5,2,12,44,3,10,3,4,B03,7,9,1,8,2,2,,44,23,1,21,8,B03,120.666066,24.152379,2
2023,1,5,12,14,臺中市,西屯區,0,4,0,8,1,5,40,3,1,1,5,4,5,7,2,1,10,5,5,2,13,23,2,9,1,1,C03,7,9,1,10,2,11,,23,23,1,22,8,C03,120.612647,24.184656,2
2023,1,5,12,15,臺中市,東區,0,1,0,8,1,5,50,4,1,1,5,4,5,7,2,1,10,5,5,2,17,43,2,8,1,1,C03,7,9,1,10,2,15,,43,43,1,21,8,C03,120.698031,24.147951,2
2023,1,5,12,15,臺中市,西屯區,0,1,0,8,1,5,30,14,9,1,5,4,5,7,4,4,10,5,5,2,29,43,2,9,1,1,C03,7,9,1,10,2,15,,43,43,1,1,9,C03,120.615931,24.181214,2
2023,1,5,12,15,臺中市,龍井區,0,0,0,8,,,30,,,,,,,,,,,,,,,17,,,,,B12,,,1,,2,,,17,,1,2,,B12,120.593027,24.181287,3
2023,1,5,12,16,臺中市,西區,0,1,0,8,1,5,50,4,1,1,5,4,5,7,2,1,10,5,5,2,17,6,2,9,1,1,C03,7,9,1,10,2,11,,14,6,1,20,8,C03,120.669784,24.13844,2
2023,1,5,12,18,臺中市,東區,0,1,0,8,1,5,50,4,1,1,5,4,5,7,1,1,10,5,5,2,16,26,3,10,1,1,B02,7,6,1,8,2,2,,26,26,1,5,8,B02,120.698031,24.147951,2
2023,1,5,12,18,臺中市,東區,0,1,0,8,1,5,40,14,8,1,5,4,5,7,4,4,1,4,4,2,13,16,2,8,1,1,C03,7,9,1,10,2,11,,16,16,1,22,8,C03,120.691475,24.132373,2
2023,1,5,12,19,臺中市,烏日區,0,0,0,8,1,5,30,14,9,1,5,4,5,7,4,4,10,5,5,2,12,44,3,10,3,4,B03,7,9,1,8,2,6,,44,44,1,21,9,B03,120.637532,24.111054,3
2023,1,5,12,23,臺中市,南屯區,0,0,0,8,,,50,,,,,,,,,,,,,,,19,,,,,B03,,,1,,1,,,19,,1,5,,B03,120.636643,24.149923,3
2023,1,5,12,23,臺中市,西屯區,0,2,0,8,1,5,50,4,1,1,5,4,5,7,1,1,5,5,4,2,16,44,2,8,1,1,C03,7,5,1,10,2,14,,44,44,1,22,8,C03,120.65082,24.170843,2
2023,1,5,12,24,臺中市,石岡區,0,0,0,8,,,70,,,,,,,,,,,,,,,23,,,,,B03,,,1,,2,,,23,,1,19,,B03,120.780186,24.274141,3
2023,1,5,12,30,臺中市,南屯區,0,0,0,,,,50,,,,,,,,,,,,,,,23,,,,,B03,,,1,8,2,,,23,23,1,22,,B03,120.648676,24.150814,3
2023,1,5,12,30,臺中市,外埔區,0,0,0,8,,,30,,,,,,,,,,,,,,,12,,,,,B12,,,1,,2,,,12,,1,22,,B12,120.627114,24.334868,3
2023,1,5,12,35,臺中市,霧峰區,0,0,0,8,1,5,60,14,9,1,5,4,5,7,4,4,1,4,4,1,17,17,,,,,A42,,,1,,2,,,17,,1,10,,A42,120.695819,24.057128,3
2023,1,5,12,36,臺中市,豐原區,0,1,0,8,1,5,30,14,9,1,5,4,5,7,4,4,10,5,5,2,14,12,3,10,1,1,B03,7,2,1,8,2,3,,12,12,1,22,8,B03,120.747841,24.253091,2
2023,1,5,12,45,臺中市,西屯區,0,2,0,8,1,5,30,4,1,1,5,4,5,7,4,4,10,5,5,2,15,6,2,9,1,1,C03,7,9,1,10,2,12,,6,6,1,21,8,C03,120.644211,24.180215,2
2023,1,5,12,45,臺中市,大甲區,0,1,0,8,1,5,50,3,1,1,5,4,5,7,4,4,10,5,5,2,17,6,3,10,1,1,B01,7,5,1,4,2,8,,6,6,1,10,8,B01,120.62098,24.349401,2
2023,1,5,12,47,臺中市,西屯區,0,0,0,8,,,50,,,,,,,,,,,,,,,16,,,,,B03,,,1,,2,,,16,,1,22,,B03,120.660703,24.171407,3
2023,1,5,12,57,臺中市,東區,0,1,0,8,1,5,50,4,1,1,5,4,5,7,1,1,10,5,5,2,17,23,2,6,1,1,C03,7,6,1,10,2,11,,23,23,1,21,8,C03,120.700571,24.127361,2
2023,1,5,12,58,臺中市,南屯區,0,1,0,8,1,5,50,14,8,1,5,4,5,7,4,4,1,4,4,2,13,16,2,9,3,4,C04,7,9,1,11,2,11,,16,16,1,4,9,C04,120.633465,24.153861,2
2023,1,5,12,59,臺中市,豐原區,0,1,0,8,1,5,50,4,1,1,5,4,5,7,4,4,5,5,5,1,9,8,3,10,1,1,B03,7,5,1,8,2,4,,8,8,1,22,8,B03,120.71879,24.268113,2
2023,1,5,13,0,臺中市,西屯區,0,3,0,8,1,5,40,3,4,1,5,4,5,7,2,1,1,4,1,2,13,23,2,9,3,4,C03,7,9,1,10,2,11,,23,23,1,22,8,C03,120.609211,24.18424,2
2023,1,5,13,4,臺中市,梧棲區,0,1,0,8,1,5,50,14,9,1,5,4,3,5,4,4,5,4,5,1,16,19,2,8,1,1,C03,7,1,1,10,2,13,,19,19,1,5,8,C03,120.531639,24.253248,2
2023,1,5,13,11,臺中市,西區,0,0,0,8,,,50,,,,,,,,,,,,,,,17,,,,,B03,,,1,,11,,,17,,1,21,,B03,120.659558,24.14893,3
2023,1,5,13,11,臺中市,南屯區,0,2,0,8,1,5,50,4,1,1,5,4,5,7,1,1,5,5,5,2,17,23,3,10,1,1,C03,7,9,1,10,2,11,,23,23,1,22,8,C03,120.609707,24.138486,2
2023,1,5,13,17,臺中市,西屯區,0,1,0,8,1,5,50,4,1,1,5,4,5,7,2,1,10,5,5,2,16,9,3,10,1,1,C03,7,6,1,10,2,12,,9,9,1,22,8,C03,120.614693,24.186863,2
2023,1,5,13,24,臺中市,西屯區,0,1,0,8,1,5,40,5,1,1,5,4,5,7,3,1,5,5,4,1,17,10,3,10,1,1,B03,7,11,1,8,1,4,,10,10,1,1,9,B03,120.638228,24.181468,2
2023,1,5,13,26,臺中市,霧峰區,0,0,0,8,,,30,,,,,,,,,,,,,,,12,,,,,B03,,,1,,2,,,12,,1,22,,B03,120.668281,24.041522,3
2023,1,5,13,30,臺中市,東區,0,0,0,8,,,50,,,,,,,,,,,,,,,42,,,,,C03,,,1,,1,,,42,,1,22,,C03,120.695461,24.147504,3
2023,1,5,13,35,臺中市,西屯區,0,1,0,8,1,5,50,3,1,1,5,4,5,7,1,1,10,5,5,2,17,12,3,10,1,1,B03,7,2,1,8,2,2,,12,12,1,21,8,B03,120.610496,24.190058,2
2023,1,5,13,37,臺中市,中區,0,0,0,8,,,50,,,,,,,,,,,,,,,12,,,,,B03,,,1,4,1,,,12,12,1,22,,B03,120.67747,24.140031,3
2023,1,5,13,38,臺中市,東區,0,0,0,,,,50,,,,,,,,,,,,,,,16,,,,,B12,,,1,,2,,,16,,1,5,,B12,120.706117,24.12978,3
2023,1,5,13,40,臺中市,西屯區,0,0,0,8,,,50,,,,,,,,,,,,,,,26,,,,,B03,,,1,,1,,,26,,1,22,,B03,120.624988,24.181846,3
2023,1,5,13,45,臺中市,北區,0,0,0,8,,,50,,,,,,,,,,,,,,,12,,,,,B03,,,1,,2,,,12,,1,22,,B03,120.666222,24.166921,3
2023,1,5,13,45,臺中市,梧棲區,0,0,0,,,,70,,,,,,,,,,,,,,,16,,,,,A41,,,1,,2,,,16,,1,4,,A41,120.531137,24.268797,3
2023,1,5,13,47,臺中市,大雅區,0,1,0,8,1,5,50,14,9,1,5,4,5,7,4,4,3,4,4,1,16,19,3,10,1,1,B03,7,1,1,8,2,5,,19,19,1,22,9,B03,120.646829,24.222527,2
2023,1,5,13,48,臺中市,神岡區,0,0,0,8,,,50,,,,,,,,,,,,,,,16,,,,,B12,,,1,,1,,,16,,1,22,,B12,120.655727,24.25522,3
2023,1,5,13,50,臺中市,龍井區,0,1,0,8,1,5,50,3,1,1,5,4,5,7,4,4,10,5,5,2,16,23,2,8,1,1,C03,7,9,1,10,2,11,,23,23,1,18,8,C03,120.588335,24.180917,2
2023,1,5,13,56,臺中市,西區,0,0,0,,,,50,,,,,,,,,,,,,,,19,,,,,B03,,,1,,1,,,19,,1,20,,B03,120.662983,24.150864,3
2023,1,5,14,0,臺中市,霧峰區,0,0,0,8,,,50,,,,,,,,,,,,,,,9,,,,,B12,,,1,,2,,,9,,1,22,,B12,120.699052,24.077985,3
2023,1,5,14,1,臺中市,北屯區,0,0,0,8,,,50,,,,,,,,,,,,,,,23,,,,,B03,,,1,,1,,,23,,1,5,,B03,120.6906,24.1822,3
2023,1,5,14,6,臺中市,南屯區,0,0,0,,,,50,,,,,,,,,,,,,,,23,,,,,B03,,,1,,1,,,23,,1,22,,B03,120.646808,24.148836,3
2023,1,5,14,8,臺中市,西屯區,0,1,0,8,1,5,50,4,1,1,5,4,5,7,2,1,10,5,5,2,16,25,3,10,1,1,B03,7,5,1,8,2,2,,25,25,1,22,8,B03,120.593171,24.182803,2
2023,1,5,14,9,臺中市,豐原區,0,0,0,8,,,50,,,,,,,,,,,,,,,7,,,,,B12,,,1,,2,,,7,,1,22,,B12,120.721003,24.26908,3
2023,1,5,14,11,臺中市,北屯區,0,0,0,8,,,30,,,,,,,,,,,,,,,23,,,,,B12,,,1,,1,,,23,,1,22,,B12,120.68443,24.19042,3
2023,1,5,14,11,臺中市,梧棲區,0,2,0,8,1,5,50,4,1,1,5,4,5,7,4,4,10,5,5,2,15,6,2,9,1,1,B12,7,9,1,3,2,5,,6,6,1,11,8,B12,120.533674,24.265289,2
2023,1,5,14,17,臺中市,北屯區,0,1,0,8,1,5,30,14,9,1,5,4,5,7,4,4,10,5,5,2,16,23,2,9,1,1,C03,7,9,3,18,8,12,,23,23,1,21,8,C03,120.715183,24.174858,2
2023,1,5,14,22,臺中市,南區,0,1,0,8,1,5,50,11,7,1,5,4,5,7,4,4,1,4,4,2,17,19,3,10,1,1,B12,7,1,1,8,2,8,,19,19,1,21,8,B12,120.666171,24.12745,2
2023,1,5,14,22,臺中市,西屯區,0,0,0,8,,,50,,,,,,,,,,,,,,,23,,,,,B11,,,1,,1,,,23,,1,22,,B11,120.629118,24.205094,3
2023,1,5,14,24,臺中市,西區,0,1,0,8,1,5,50,4,1,1,5,4,5,7,1,1,5,5,5,2,18,23,2,9,3,4,C03,7,9,1,10,2,11,,23,23,1,21,8,C03,120.659098,24.150852,2
2023,1,5,14,25,臺中市,神岡區,0,0,0,8,,,50,,,,,,,,,,,,,,,40,,,,,B12,,,1,,1,,,40,,1,12,,B12,120.682534,24.243346,3
2023,1,5,14,26,臺中市,南區,0,1,0,8,1,5,30,4,1,1,5,4,5,7,4,4,10,5,5,2,15,6,2,9,1,1,C03,7,9,1,9,2,11,,6,6,1,21,8,C03,120.683096,24.130132,2
2023,1,5,14,29,臺中市,西屯區,0,0,0,8,,,50,,,,,,,,,,,,,,,23,,,,,B03,,,6,,2,,,23,,1,22,,B03,120.645956,24.171946,3
2023,1,5,14,30,臺中市,南區,0,1,0,8,1,5,50,4,1,1,5,4,5,7,1,1,10,5,5,2,13,16,2,9,1,1,C03,7,9,1,10,2,11,,16,16,1,22,8,C03,120.655457,24.115199,2
2023,1,5,14,33,臺中市,太平區,0,1,0,8,1,5,50,4,1,1,5,4,5,7,1,1,10,5,5,2,13,25,3,10,1,1,B03,7,5,1,8,2,8,,25,25,1,22,5,B03,120.715119,24.138346,2
2023,1,5,14,36,臺中市,南區,0,0,0,,,,50,,,,,,,,,,,,,,,42,,,,,B12,,,1,,2,,,42,,1,5,,B12,120.67098,24.12665,3
2023,1,5,14,37,臺中市,神岡區,0,0,0,8,,,50,,,,,,,,,,,,,,,23,,,,,C03,,,1,,1,,,23,,1,22,,C03,120.65776,24.272152,3
2023,1,5,14,40,臺中市,西屯區,0,0,0,8,,,30,,,,,,,,,,,,,,,18,,,,,B03,,,1,,1,,,18,,1,22,,B03,120.662668,24.174236,3