年,月,日,時,分,縣市,區,死,受傷,2-30,天候,光線,道路類別,速限,道路型態,事故位置,路面鋪裝,路面狀態,路面缺陷,障礙物,視距,號誌種類,號誌動作,分向設施,快車道或一般車道間,快慢車道間,路面邊線,事故類型及型態,主要肇因,受傷程度,主要傷處,保護裝備,行動電話,當事者區分,車輛用途,當事者行動狀態,駕駛資格情形,駕駛執照種類,飲酒情形,車輛撞擊部位最初,車輛撞擊部位其他,肇事因素個別,肇事因素主要,肇事逃逸,職業,旅次目的,車種,GPS緯度,GPS經度,事故類別
2023,1,5,14,43,臺中市,北屯區,0,1,0,8,1,5,50,11,9,1,5,4,5,7,4,4,9,5,5,2,17,23,2,9,1,1,C03,7,7,1,10,2,11,,23,23,1,21,8,C03,120.713306,24.175944,2
2023,1,5,14,49,臺中市,北屯區,0,2,0,8,1,5,50,4,1,1,5,4,5,7,3,1,10,5,5,2,16,6,2,9,1,1,C03,7,9,1,10,2,12,,6,6,1,21,8,C03,120.69449,24.186873,2
2023,1,5,14,50,臺中市,西區,0,1,0,8,1,5,30,4,9,1,5,4,5,7,4,4,10,5,5,2,15,6,3,10,1,1,C03,7,9,1,10,2,11,,6,6,1,21,8,C03,120.660865,24.150187,2
2023,1,5,14,52,臺中市,西屯區,0,0,0,8,,,40,,,,,,,,,,,,,,,17,,,,,B03,,,1,,1,,,17,,1,22,,B03,120.645191,24.162759,3
2023,1,5,14,53,臺中市,西區,0,0,0,8,,,50,,,,,,,,,,,,,,,18,,,,,B03,,,1,,1,,,18,,1,21,,B03,120.6655,24.135392,3
2023,1,5,15,0,臺中市,大雅區,0,1,0,8,1,5,50,14,9,1,5,4,5,7,4,4,1,4,5,1,17,23,2,9,1,1,C03,7,9,1,10,2,14,,23,23,1,22,9,C03,120.670948,24.238132,2
2023,1,5,15,0,臺中市,北區,0,0,0,8,,,50,,,,,,,,,,,,,,,6,,,,,B03,,,1,,1,,,6,,1,22,,B03,120.673337,24.166906,3
2023,1,5,15,0,臺中市,龍井區,0,0,0,8,,,60,,,,,,,,,,,,,,,43,,,,,B12,,,1,,2,,,43,,1,22,,B12,120.582605,24.187417,3
2023,1,5,15,0,臺中市,梧棲區,0,0,0,,,,50,,,,,,,,,,,,,,,23,,,,,C03,,,1,,2,,,23,,1,4,,C03,120.539785,24.262727,3
2023,1,5,15,1,臺中市,西區,0,0,0,,,,50,,,,,,,,,,,,,,,23,,,,,B03,,,1,,1,,,23,,1,20,,B03,120.675422,24.133556,3
2023,1,5,15,4,臺中市,西屯區,0,1,0,8,1,5,50,3,1,1,5,4,5,7,2,1,10,5,5,2,18,6,3,10,1,1,B03,7,5,1,8,2,15,,6,6,1,22,8,B03,120.653122,24.168733,2
2023,1,5,15,5,臺中市,北屯區,0,0,0,8,,,40,,,,,,,,,,,,,,,23,,,,,B12,,,1,,2,,,23,,1,21,,B12,120.69606,24.20098,3
2023,1,5,15,5,臺中市,西屯區,0,2,0,8,1,5,50,4,1,1,5,4,5,7,1,1,10,5,5,2,12,17,2,9,1,1,C03,7,5,1,10,2,12,,17,17,1,22,8,C03,120.652141,24.179143,2
2023,1,5,15,6,臺中市,潭子區,0,0,0,8,,,50,,,,,,,,,,,,,,,12,,,,,B03,,,1,,2,,,12,,1,21,,B03,120.694687,24.219619,3
2023,1,5,15,8,臺中市,潭子區,0,1,0,8,1,5,50,3,1,1,5,4,5,7,4,4,10,5,5,2,16,1,3,10,1,1,C03,7,4,1,10,2,14,,1,1,1,22,8,C03,120.704639,24.209768,2
2023,1,5,15,9,臺中市,西區,0,1,0,8,1,5,50,4,1,1,5,4,5,7,1,1,5,5,5,2,13,16,3,10,3,4,B03,7,9,1,8,2,1,,16,16,1,21,8,B03,120.665634,24.139262,2
2023,1,5,15,14,臺中市,南屯區,0,2,0,8,1,5,40,4,1,1,5,4,5,7,1,1,5,4,5,2,17,7,2,9,1,1,C03,7,8,1,10,2,12,,7,7,1,22,8,C03,120.633076,24.123653,2
2023,1,5,15,14,臺中市,南屯區,0,1,0,8,1,5,50,4,9,1,5,4,5,7,1,1,8,3,5,2,3,15,3,10,1,1,B03,7,5,1,8,2,5,,16,15,1,22,9,B03,120.61653,24.153576,2
2023,1,5,15,15,臺中市,中區,0,0,0,,,,50,,,,,,,,,,,,,,,7,,,,,B12,,,1,,1,,,7,,1,21,,B12,120.685026,24.137669,3
2023,1,5,15,16,臺中市,西屯區,0,0,0,8,,,50,,,,,,,,,,,,,,,42,,,,,B12,,,1,,1,,,42,,1,22,,B12,120.596066,24.17253,3
2023,1,5,15,16,臺中市,太平區,0,1,0,8,1,5,30,3,1,1,5,4,5,7,4,4,10,5,5,2,16,6,3,10,1,1,B03,7,6,1,8,2,4,,6,6,1,22,8,B03,120.734976,24.125674,2
2023,1,5,15,19,臺中市,大雅區,0,0,0,8,,,30,,,,,,,,,,,,,,,35,,,,,A11,,,1,,2,,,35,,1,22,,A11,120.671519,24.221877,3
2023,1,5,15,23,臺中市,南屯區,0,0,0,8,,,50,,,,,,,,,,,,,,,12,,,,,B12,,,1,,1,,,12,,1,22,,B12,120.623136,24.135365,3
2023,1,5,15,26,臺中市,西區,0,0,0,8,,,50,,,,,,,,,,,,,,,23,,,,,B03,,,1,8,1,,,23,23,1,22,,B03,120.665987,24.141458,3
2023,1,5,15,30,臺中市,北區,0,2,0,8,1,5,50,3,2,1,5,4,5,7,4,4,10,5,5,2,12,6,2,8,1,1,C03,7,5,1,10,2,12,,6,6,1,18,8,C03,120.683236,24.157905,2
2023,1,5,15,36,臺中市,西區,0,1,0,8,1,5,50,4,1,1,5,4,5,7,2,1,10,5,5,2,3,15,3,10,1,1,B03,7,5,1,8,2,1,,15,15,1,20,8,B03,120.657259,24.135114,2
2023,1,5,15,40,臺中市,西屯區,0,0,0,8,,,50,,,,,,,,,,,,,,,7,,,,,B03,,,1,,1,,,7,,1,22,,B03,120.655911,24.158976,3
2023,1,5,15,45,臺中市,西屯區,0,0,0,8,,,50,,,,,,,,,,,,,,,6,,,,,B03,,,1,,2,,,6,,1,22,,B03,120.61966,24.181891,3
2023,1,5,15,45,臺中市,龍井區,0,1,0,8,1,5,30,14,9,1,5,4,5,7,4,4,10,5,5,1,11,23,3,10,1,1,A05,7,9,1,1,2,5,,23,23,1,10,8,A05,120.522645,24.194072,2
2023,1,5,15,46,臺中市,沙鹿區,0,0,0,8,,,70,,,,,,,,,,,,,,,23,,,,,A12,,,1,,2,,,23,,1,10,,A12,120.608651,24.246364,3
2023,1,5,15,48,臺中市,豐原區,0,2,0,8,1,5,50,14,9,1,5,4,5,7,4,4,5,5,5,1,16,19,2,9,1,1,C03,7,1,1,10,2,12,,19,19,1,21,8,C03,120.719186,24.242941,2
2023,1,5,15,51,臺中市,北屯區,0,1,0,8,1,5,50,4,1,1,5,4,5,7,1,1,10,5,5,2,18,42,2,9,1,1,C03,7,9,1,10,2,14,,42,42,1,22,5,C03,120.70774,24.182337,2
2023,1,5,16,5,臺中市,霧峰區,0,1,0,8,1,5,30,14,9,1,5,4,5,7,4,4,10,5,5,2,16,27,3,10,1,1,C03,7,5,1,10,2,15,,27,27,1,4,8,C03,120.696412,24.062704,2
2023,1,5,16,10,臺中市,霧峰區,0,1,0,8,1,5,50,4,9,1,5,4,5,7,1,1,9,5,5,1,16,8,3,10,1,1,B03,7,5,6,8,2,8,,8,8,1,22,8,B03,120.678951,24.064676,2
2023,1,5,16,14,臺中市,大里區,0,1,0,8,1,5,50,3,2,1,5,4,5,7,4,4,5,4,4,2,17,6,2,1,1,1,C03,7,6,1,10,2,14,,6,6,1,22,8,C03,120.687343,24.108288,2
2023,1,5,16,17,臺中市,大雅區,0,0,0,8,,,30,,,,,,,,,,,,,,,6,,,,,B03,,,1,,2,,,6,6,1,22,,B03,120.642802,24.243308,3
2023,1,5,16,20,臺中市,霧峰區,0,1,0,8,1,5,50,4,1,1,5,4,5,7,1,1,10,5,5,2,16,19,3,10,1,1,B03,7,1,1,8,2,8,,19,19,1,18,8,B03,120.715528,24.076374,2
2023,1,5,16,20,臺中市,霧峰區,0,0,0,8,,,50,,,,,,,,,,,,,,,23,,,,,A02,,,1,,2,,,23,,1,10,,A02,120.71555,24.076291,3
2023,1,5,16,20,臺中市,太平區,0,2,0,8,1,5,50,14,9,1,5,4,5,7,4,4,5,5,5,1,17,26,2,9,3,4,C03,7,11,1,10,2,14,,26,26,1,19,8,C03,120.731369,24.13985,2
2023,1,5,16,21,臺中市,南屯區,0,0,0,8,,,80,,,,,,,,,,,,,,,16,,,,,B03,,,1,,2,,,16,,1,5,,B03,120.623376,24.148841,3
2023,1,5,16,24,臺中市,西屯區,0,0,0,8,,,50,,,,,,,,,,,,,,,7,,,,,B03,,,1,,2,,,7,,1,22,,B03,120.615649,24.183241,3
2023,1,5,16,24,臺中市,西屯區,0,0,0,8,,,50,,,,,,,,,,,,,,,44,,,,,B03,,,1,,1,,,44,,1,22,,B03,120.658669,24.195226,3
2023,1,5,16,27,臺中市,北區,0,0,0,8,,,50,,,,,,,,,,,,,,,23,,,,,B03,,,6,8,2,,,23,23,1,22,,B03,120.684085,24.149878,3
2023,1,5,16,28,臺中市,太平區,0,0,0,8,,,50,,,,,,,,,,,,,,,7,,,,,B03,,,1,,2,,,7,,1,22,,B03,120.713298,24.159886,3
2023,1,5,16,30,臺中市,大里區,0,0,0,8,,,40,,,,,,,,,,,,,,,12,,,,,B03,,,1,,2,,,12,,1,22,,B03,120.705173,24.104569,3
2023,1,5,16,30,臺中市,清水區,0,1,0,8,1,5,50,14,9,1,5,4,5,7,4,4,5,5,5,2,17,40,3,10,1,1,B03,7,13,1,8,2,4,,40,40,1,21,8,B03,120.57443,24.270013,2
2023,1,5,16,30,臺中市,大甲區,0,0,0,8,,,50,,,,,,,,,,,,,,,23,,,,,B03,,,1,,2,,,44,23,1,4,,B03,120.62777,24.3474,3
2023,1,5,16,31,臺中市,南屯區,0,1,0,8,1,5,50,4,2,1,5,4,5,7,1,1,5,4,4,2,13,16,3,10,3,4,C03,7,9,3,18,2,11,,16,16,1,22,9,C03,120.648639,24.153609,2
2023,1,5,16,38,臺中市,西區,0,1,0,8,1,5,50,4,1,1,5,4,5,7,1,1,10,5,5,2,18,23,2,9,1,1,C03,7,9,1,10,2,12,,23,23,1,21,8,C03,120.667346,24.131637,2
2023,1,5,16,40,臺中市,東區,0,2,0,8,1,5,50,4,1,1,5,4,5,7,4,4,10,5,5,2,15,6,2,9,1,1,C03,7,9,1,10,2,12,,6,6,1,22,8,C03,120.683747,24.134097,2
2023,1,5,16,42,臺中市,沙鹿區,0,1,0,8,1,5,50,14,9,1,5,4,5,7,4,4,4,4,4,2,17,8,3,10,1,1,B03,7,5,1,8,2,8,,8,8,1,4,9,B03,120.57497,24.239158,2
2023,1,5,16,43,臺中市,西屯區,0,0,0,8,,,40,,,,,,,,,,,,,,,7,,,,,B03,,,1,,1,,,7,7,1,22,,B03,120.634581,24.179626,3
2023,1,5,16,45,臺中市,豐原區,0,1,0,8,1,5,30,14,9,1,5,4,5,7,4,4,10,5,5,2,10,42,3,10,4,1,G03,7,9,7,19,2,1,,42,42,1,22,8,G03,120.723358,24.276616,2
2023,1,5,16,49,臺中市,霧峰區,0,0,0,8,,,30,,,,,,,,,,,,,,,6,,,,,B12,,,1,,2,,,6,,1,4,,B12,120.654398,24.065637,3
2023,1,5,16,51,臺中市,西屯區,0,0,0,8,,,50,,,,,,,,,,,,,,,17,,,,,B03,,,1,,1,,,17,,1,22,,B03,120.620012,24.187632,3
2023,1,5,16,52,臺中市,北屯區,0,1,0,8,1,5,50,5,9,1,5,4,5,6,1,1,5,5,5,2,13,23,3,10,1,1,B03,7,9,1,8,2,5,,23,23,1,4,8,B03,120.7128,24.1691,2
2023,1,5,16,58,臺中市,西屯區,0,2,0,8,3,5,50,3,2,1,5,4,5,7,4,4,10,5,5,2,17,6,2,8,1,1,C03,7,6,1,10,2,13,,6,6,1,22,8,C03,120.646803,24.157393,2
2023,1,5,17,0,臺中市,北屯區,0,1,0,8,2,5,50,4,1,1,5,4,5,7,1,1,10,5,5,2,16,1,2,8,1,1,C03,7,9,1,10,2,11,,1,1,1,22,8,C03,120.694977,24.179862,2
2023,1,5,17,0,臺中市,霧峰區,0,3,0,8,1,5,50,4,1,1,5,4,5,7,1,1,9,5,5,1,16,8,2,9,1,1,C04,7,5,1,11,2,11,,8,8,1,22,8,C04,120.692656,24.05837,2
2023,1,5,17,0,臺中市,沙鹿區,0,2,0,8,1,5,30,4,9,1,5,4,5,7,3,1,4,3,5,1,16,8,2,9,1,1,C03,7,5,1,10,2,14,,8,8,1,22,8,C03,120.561973,24.235857,2
2023,1,5,17,3,臺中市,南區,0,1,0,8,1,5,50,3,1,1,5,4,5,7,1,1,9,4,5,2,12,23,2,9,1,1,C03,7,9,1,10,2,11,14,23,23,1,5,1,C03,120.659885,24.116561,2
2023,1,5,17,7,臺中市,沙鹿區,0,1,0,8,3,5,30,4,1,1,5,4,5,7,4,4,10,5,5,2,15,6,3,10,1,1,B12,7,9,1,8,2,5,,6,6,1,22,8,B12,120.574267,24.206855,2
2023,1,5,17,10,臺中市,西屯區,0,1,0,8,2,5,35,14,8,1,5,4,5,7,4,4,10,5,5,2,13,16,2,9,1,1,C03,7,9,1,10,1,11,,16,16,1,22,8,C03,120.6281,24.176561,2
2023,1,5,17,10,臺中市,大里區,0,0,0,8,1,5,50,4,1,1,5,4,5,7,1,1,10,5,5,2,14,67,,,,,,,,,,,,,,,,,,,120.698496,24.079669,3
2023,1,5,17,10,臺中市,霧峰區,0,1,0,8,2,5,60,14,7,1,5,4,5,7,4,4,3,4,4,1,13,23,2,9,1,1,C03,7,9,1,10,2,11,,23,23,1,4,8,C03,120.696106,24.022082,2
2023,1,5,17,10,臺中市,太平區,0,0,0,8,,,50,,,,,,,,,,,,,,,16,,,,,B03,,,1,,2,,,16,,1,9,,B03,120.720995,24.113842,3
2023,1,5,17,10,臺中市,神岡區,0,0,0,8,,,50,,,,,,,,,,,,,,,42,,,,,C03,,,1,,1,,,42,,1,12,,C03,120.687074,24.246997,3
2023,1,5,17,13,臺中市,豐原區,0,1,0,8,2,5,60,4,1,1,5,4,5,7,1,1,1,4,4,1,12,26,3,10,1,1,C03,7,9,1,10,2,12,,26,26,1,22,8,C03,120.720235,24.264005,2
2023,1,5,17,14,臺中市,北區,0,1,0,8,1,5,50,3,1,1,5,4,5,7,1,1,10,5,5,2,16,6,3,10,1,1,C03,7,6,1,10,9,13,,6,6,1,22,8,C03,120.687169,24.148841,2
2023,1,5,17,15,臺中市,太平區,0,1,0,8,1,5,50,14,12,1,5,4,5,7,4,4,5,5,4,1,16,26,2,8,1,1,C03,7,11,1,10,2,12,,26,26,1,22,8,C03,120.727094,24.150068,2
2023,1,5,17,15,臺中市,大甲區,0,1,0,8,3,5,50,14,9,1,5,4,5,7,4,4,5,5,5,1,29,23,2,9,1,1,C03,7,9,1,10,2,11,,23,23,1,4,1,C03,120.622324,24.349796,2
2023,1,5,17,17,臺中市,西屯區,0,1,0,8,2,5,40,5,2,1,5,4,5,7,1,1,10,5,5,2,13,16,3,10,1,1,B03,7,9,1,8,2,1,,16,16,1,22,8,B03,120.659995,24.164041,2
2023,1,5,17,20,臺中市,北區,0,0,0,8,,,50,,,,,,,,,,,,,,,26,,,,,B03,,,1,,2,,,26,,1,22,,B03,120.673773,24.165153,3
2023,1,5,17,22,臺中市,沙鹿區,0,1,0,8,1,5,50,3,1,1,5,4,5,7,4,4,4,4,4,2,17,19,3,10,1,1,B03,7,1,1,8,2,8,,19,19,1,4,9,B03,120.570023,24.237063,2
2023,1,5,17,24,臺中市,大里區,0,0,0,8,,,50,,,,,,,,,,,,,,,12,,,,,B12,,,1,,2,,,12,,1,22,,B12,120.700516,24.09633,3
2023,1,5,17,25,臺中市,大雅區,0,1,0,8,3,5,50,4,1,1,5,4,5,7,1,1,10,4,5,1,1,23,3,10,1,1,B03,7,5,1,8,2,1,,23,23,1,22,9,B03,120.656598,24.226077,2
2023,1,5,17,25,臺中市,大里區,0,0,0,8,,,50,,,,,,,,,,,,,,,23,,,,,A05,,,1,,2,,,23,,1,10,,A05,120.688388,24.102841,3
2023,1,5,17,25,臺中市,沙鹿區,0,0,0,8,3,5,50,14,9,1,5,4,5,7,1,1,4,1,4,1,12,40,,,,,A12,,,1,,2,,,40,40,1,3,,A12,120.561424,24.242629,3
2023,1,5,17,28,臺中市,北區,0,0,0,8,,,50,,,,,,,,,,,,,,,23,,,,,B03,,,1,,2,,,23,,1,5,,B03,120.69218,24.160493,3
2023,1,5,17,30,臺中市,北屯區,0,1,0,8,3,5,50,4,18,1,5,4,5,7,2,1,10,5,5,2,3,15,3,10,1,1,C03,7,9,1,10,2,11,,15,15,1,21,8,C03,120.6988,24.172497,2
2023,1,5,17,30,臺中市,西屯區,0,0,0,8,,,80,,,,,,,,,,,,,,,23,,,,,B03,,,1,,1,,,23,,1,22,,B03,120.634948,24.179291,3
2023,1,5,17,32,臺中市,烏日區,0,1,0,8,3,5,30,11,9,1,5,4,5,1,4,4,10,5,5,1,16,6,3,10,3,4,B03,7,5,1,6,2,8,,6,6,1,21,9,B03,120.643946,24.069587,2
2023,1,5,17,33,臺中市,霧峰區,0,0,0,8,,,50,,,,,,,,,,,,,,,23,,,,,B03,,,1,,2,,,23,,1,4,,B03,120.691718,24.057879,3
2023,1,5,17,39,臺中市,后里區,0,2,0,8,3,5,50,3,1,1,5,4,5,7,1,1,10,5,5,2,3,25,2,9,1,1,C03,7,9,1,10,2,11,,25,25,1,4,8,C03,120.73096,24.304738,2
2023,1,5,17,40,臺中市,北區,0,0,0,8,3,5,50,14,9,1,5,4,5,7,4,4,8,3,5,2,13,16,,,,,C03,,,1,,1,,,16,,1,22,,C03,120.675735,24.157944,3
2023,1,5,17,40,臺中市,西屯區,0,1,0,8,2,5,50,4,1,1,5,4,5,7,2,1,10,5,5,2,16,9,3,10,1,1,B03,7,6,1,8,2,5,,9,9,1,22,8,B03,120.655417,24.199859,2
2023,1,5,17,41,臺中市,南區,0,1,0,7,3,5,50,3,1,1,5,4,5,7,4,4,10,5,5,2,16,6,3,10,1,1,C03,7,5,1,10,2,11,,6,6,1,22,9,C03,120.659725,24.117073,2
2023,1,5,17,41,臺中市,太平區,0,0,0,8,,,30,,,,,,,,,,,,,,,12,,,,,B12,,,1,,1,,,12,,1,5,,B12,120.727082,24.127578,3
2023,1,5,17,42,臺中市,南屯區,0,1,0,8,3,5,50,3,9,1,5,4,5,7,1,1,9,5,5,2,17,6,3,10,1,1,B03,7,5,1,8,2,5,,6,6,1,22,9,B03,120.610591,24.131987,2
2023,1,5,17,42,臺中市,大里區,0,1,0,8,3,5,40,3,1,1,1,4,5,7,1,1,1,4,5,1,12,23,2,9,1,1,C03,7,9,1,10,2,11,,23,23,1,21,1,C03,120.67624,24.085868,2
2023,1,5,17,43,臺中市,龍井區,0,0,0,8,,,30,,,,,,,,,,,,,,,19,,,,,B03,,,1,,11,,,19,19,1,22,,B03,120.587847,24.179675,3
2023,1,5,17,44,臺中市,潭子區,0,0,0,8,,,60,,,,,,,,,,,,,,,23,,,,,B03,,,1,,2,,,23,,1,22,,B03,120.708212,24.228966,3
2023,1,5,17,50,臺中市,西區,0,2,0,8,3,5,50,14,7,1,5,4,5,7,4,4,1,4,4,2,12,7,2,8,1,1,C03,7,7,1,10,1,14,,7,7,1,22,9,C03,120.657058,24.151427,2
2023,1,5,17,50,臺中市,北區,0,1,0,8,1,5,50,4,2,1,5,4,5,7,2,1,5,4,4,1,18,23,2,9,3,4,C03,7,9,1,10,2,14,,23,23,1,22,9,C03,120.694326,24.155623,2
2023,1,5,17,50,臺中市,大里區,0,0,0,8,,,50,,,,,,,,,,,,,,,23,,,,,B03,,,1,,9,,,23,,1,4,,B03,120.677073,24.116405,3
2023,1,5,17,50,臺中市,豐原區,0,1,0,8,3,5,50,4,1,1,5,4,5,7,1,1,10,5,5,2,29,65,,,,,,,,,,,,,65,65,1,,,,120.722633,24.255952,2
2023,1,5,17,51,臺中市,清水區,0,0,0,,,,70,,,,,,,,,,,,,,,16,,,,,B12,,,1,,2,,,16,16,1,5,,B12,120.59013,24.30421,3
2023,1,5,17,52,臺中市,北屯區,0,0,0,8,,,50,,,,,,,,,,,,,,,23,,,,,B03,,,1,,1,,,23,,1,4,,B03,120.7005,24.17,3
2023,1,5,17,55,臺中市,西屯區,0,0,0,,,,50,,,,,,,,,,,,,,,7,,,,,B03,,,1,,1,,,7,7,1,22,,B03,120.661043,24.171538,3
2023,1,5,17,55,臺中市,沙鹿區,0,0,0,8,3,5,60,8,7,1,5,4,5,7,4,4,2,3,2,1,13,16,,,,,B03,,,1,,2,,,16,,1,22,,B03,120.558331,24.241923,3
2023,1,5,17,55,臺中市,清水區,0,0,0,,,,60,,,,,,,,,,,,,,,9,,,,,B12,,,1,,2,,,9,,1,5,,B12,120.552306,24.294273,3
2023,1,5,17,56,臺中市,北區,0,0,0,8,,,50,,,,,,,,,,,,,,,26,,,,,B03,,,1,,1,,,26,,1,22,,B03,120.680313,24.149364,3
2023,1,5,17,56,臺中市,東區,0,1,0,8,3,5,50,4,1,1,5,4,5,7,2,1,5,5,5,2,13,16,3,10,1,1,B12,7,9,1,8,2,5,,16,16,1,3,5,B12,120.683068,24.134453,2
2023,1,5,18,0,臺中市,潭子區,0,0,0,8,,,30,,,,,,,,,,,,,,,19,,,,,B03,,,1,,2,,,19,19,1,22,,B03,120.701857,24.206815,3
2023,1,5,18,0,臺中市,潭子區,0,0,0,8,,,60,,,,,,,,,,,,,,,23,,,,,B03,,,1,,2,,,23,,1,22,,B03,120.68822,24.215174,3
2023,1,5,18,0,臺中市,豐原區,0,1,0,8,3,5,50,4,1,1,5,4,5,7,2,1,10,5,5,2,17,26,3,10,1,1,B03,7,9,1,8,2,4,,26,26,1,22,8,B03,120.709051,24.250488,2
2023,1,5,18,2,臺中市,大里區,0,2,0,8,3,5,50,14,8,1,5,4,5,7,4,4,5,4,4,1,2,23,2,9,3,4,C03,7,9,1,10,2,11,,23,23,1,22,9,C03,120.682453,24.115246,2
2023,1,5,18,5,臺中市,北區,0,0,0,8,3,5,50,14,9,1,5,4,5,7,2,1,6,1,5,2,12,26,,,,,B12,,,1,,1,,,26,,1,22,,B12,120.663821,24.154143,3
2023,1,5,18,6,臺中市,南區,0,1,0,8,3,5,50,14,8,1,5,4,5,7,1,1,9,4,4,2,12,25,3,10,1,1,B03,7,9,1,8,2,2,,25,25,1,5,1,B03,120.65669,24.13005,2
2023,1,5,18,6,臺中市,南屯區,0,0,0,8,,,50,,,,,,,,,,,,,,,23,,,,,B03,,,1,,1,,,23,,1,5,,B03,120.636938,24.128085,3
2023,1,5,18,9,臺中市,北區,0,0,0,8,,,50,,,,,,,,,,,,,,,23,,,,,B03,,,1,,1,,,23,,1,22,,B03,120.675785,24.163221,3
2023,1,5,18,10,臺中市,西區,0,1,0,8,3,5,50,4,1,1,5,4,5,7,4,4,10,5,5,2,17,6,3,10,1,1,C03,7,5,1,10,2,13,,6,6,1,21,8,C03,120.655145,24.149782,2
2023,1,5,18,10,臺中市,西屯區,0,0,0,8,,,50,,,,,,,,,,,,,,,42,,,,,B03,,,1,,1,,,42,,1,22,,B03,120.607549,24.195596,3
2023,1,5,18,10,臺中市,霧峰區,0,2,0,8,3,5,50,3,9,1,5,4,5,7,1,1,7,5,5,1,16,23,2,8,1,1,C03,7,9,1,10,2,11,,23,23,1,22,8,C03,120.676085,24.06415,2
2023,1,5,18,10,臺中市,沙鹿區,0,0,0,8,,,60,,,,,,,,,,,,,,,43,,,,,B03,,,1,,9,,,43,,1,9,,B03,120.576463,24.2264,3
2023,1,5,18,13,臺中市,西屯區,0,1,0,8,2,5,50,5,9,1,5,4,5,7,1,1,5,5,5,2,13,23,3,10,1,1,F03,7,9,8,20,2,16,,23,23,1,22,8,F03,120.618918,24.178908,2
2023,1,5,18,17,臺中市,大雅區,0,0,0,8,,,60,,,,,,,,,,,,,,,23,,,,,B03,,,1,,2,,,23,,1,22,,B03,120.647221,24.221429,3
2023,1,5,18,17,臺中市,南屯區,0,0,0,8,,,50,,,,,,,,,,,,,,,25,,,,,B03,,,1,,1,,,25,,1,5,,B03,120.643826,24.146854,3
2023,1,5,18,18,臺中市,豐原區,0,1,0,8,3,5,60,4,1,1,5,4,5,7,1,1,1,4,5,2,12,9,3,10,1,1,B12,7,6,1,8,2,6,,9,9,1,22,8,B12,120.703161,24.242965,2
2023,1,5,18,20,臺中市,清水區,0,1,0,8,3,5,50,4,1,1,5,4,5,7,1,1,10,5,5,2,16,6,3,10,1,1,B03,7,6,1,8,2,5,,6,6,1,5,5,B03,120.577132,24.275718,2
2023,1,5,18,21,臺中市,南區,0,0,0,,,,50,,,,,,,,,,,,,,,23,,,,,B03,,,1,,2,,,23,,1,22,,B03,120.678947,24.124966,3
2023,1,5,18,22,臺中市,西屯區,0,1,0,8,3,5,50,5,1,1,5,4,5,7,1,1,10,5,5,2,12,42,3,10,1,1,B03,7,6,1,8,2,5,,42,42,1,22,8,B03,120.606273,24.161809,2
2023,1,5,18,24,臺中市,南區,0,0,0,,,,50,,,,,,,,,,,,,,,23,,,,,C03,,,1,,2,,,23,,1,22,,C03,120.667995,24.114485,3
2023,1,5,18,24,臺中市,沙鹿區,0,1,0,8,3,5,60,14,7,1,5,4,5,7,4,4,2,4,5,1,13,16,3,10,1,1,B12,7,9,1,8,2,1,,16,16,1,22,9,B12,120.559748,24.241433,2
2023,1,5,18,25,臺中市,西屯區,0,0,0,8,,,30,,,,,,,,,,,,,,,6,,,,,B03,,,1,,1,,,6,,1,22,,B03,120.63882,24.172066,3
2023,1,5,18,26,臺中市,后里區,0,2,0,8,3,5,50,14,9,1,5,4,5,7,4,4,5,5,5,1,3,51,2,9,1,1,H01,8,16,8,20,10,16,,51,51,1,14,5,H01,120.718681,24.306963,2
2023,1,5,18,27,臺中市,西屯區,0,1,0,8,3,5,50,3,1,1,5,4,5,7,4,4,10,5,5,2,13,16,2,9,1,1,C03,7,9,1,10,2,11,,16,16,1,22,8,C03,120.643716,24.18228,2
2023,1,5,18,28,臺中市,東區,0,0,0,8,,,50,,,,,,,,,,,,,,,26,,,,,B03,,,1,,2,,,26,,1,19,,B03,120.69451,24.142756,3
2023,1,5,18,28,臺中市,龍井區,0,1,0,8,3,5,60,14,7,1,5,4,5,7,4,4,1,4,3,1,13,23,3,10,1,1,B03,7,9,1,8,2,1,,23,23,1,21,8,B03,120.582777,24.172777,2
2023,1,5,18,29,臺中市,西區,0,1,0,8,3,5,50,4,1,1,5,4,5,7,4,4,10,5,5,2,16,17,2,8,1,1,C03,7,9,1,10,1,14,,17,17,1,21,8,C03,120.663124,24.153679,2
2023,1,5,18,30,臺中市,大肚區,0,0,0,8,,,60,,,,,,,,,,,,,,,26,,,,,B03,,,1,,2,,,26,,1,21,,B03,120.582591,24.171886,3
2023,1,5,18,30,臺中市,烏日區,0,1,0,8,3,5,50,4,1,1,5,4,5,7,1,1,1,4,5,1,13,16,3,10,1,1,C03,7,9,1,10,2,11,,16,16,1,21,8,C03,120.646559,24.11031,2
2023,1,5,18,31,臺中市,梧棲區,0,2,0,8,3,5,50,4,1,1,5,4,5,7,1,1,10,5,5,2,15,25,3,10,1,1,B03,7,9,1,8,2,5,,25,25,1,9,8,B03,120.530061,24.253812,2
2023,1,5,18,32,臺中市,大雅區,0,0,0,8,,,50,,,,,,,,,,,,,,,23,,,,,B12,,,1,,2,,,23,,1,22,,B12,120.668332,24.215041,3