年,月,日,時,分,縣市,區,死,受傷,2-30,天候,光線,道路類別,速限,道路型態,事故位置,路面鋪裝,路面狀態,路面缺陷,障礙物,視距,號誌種類,號誌動作,分向設施,快車道或一般車道間,快慢車道間,路面邊線,事故類型及型態,主要肇因,受傷程度,主要傷處,保護裝備,行動電話,當事者區分,車輛用途,當事者行動狀態,駕駛資格情形,駕駛執照種類,飲酒情形,車輛撞擊部位最初,車輛撞擊部位其他,肇事因素個別,肇事因素主要,肇事逃逸,職業,旅次目的,車種,GPS緯度,GPS經度,事故類別
2023,1,6,8,0,臺中市,烏日區,0,1,0,8,1,5,30,14,9,1,5,4,5,7,4,4,10,5,5,2,17,42,2,9,1,1,C03,7,9,1,10,2,15,,42,23,1,22,8,C03,120.58858,24.11449,2
2023,1,6,8,0,臺中市,神岡區,0,0,0,8,,,30,,,,,,,,,,,,,,,42,,,,,A12,,,1,,2,,,42,,1,10,,A12,120.698393,24.267255,3
2023,1,6,8,2,臺中市,霧峰區,0,2,0,8,1,5,30,14,9,1,5,4,5,7,4,4,10,5,5,1,16,23,2,9,1,1,C03,7,9,1,10,2,11,,23,23,1,3,8,C03,120.662944,24.063028,2
2023,1,6,8,2,臺中市,清水區,0,1,0,8,1,5,60,4,1,1,5,4,5,7,2,1,1,4,4,1,16,6,2,7,1,1,C03,7,5,1,10,2,11,,6,6,1,21,8,C03,120.540185,24.289216,2
2023,1,6,8,4,臺中市,東區,0,0,0,,,,50,,,,,,,,,,,,,,,23,,,,,B03,,,1,,2,,,23,,1,21,,B03,120.698976,24.133906,3
2023,1,6,8,8,臺中市,北屯區,0,0,0,8,,,50,,,,,,,,,,,,,,,16,,,,,B03,,,1,,1,,,16,,1,5,,B03,120.676075,24.2016,3
2023,1,6,8,10,臺中市,霧峰區,0,0,0,8,1,5,30,14,9,1,5,4,5,7,4,4,10,5,5,2,17,23,,,,,B12,,,1,,2,,,23,,1,10,,B12,120.675277,24.036716,3
2023,1,6,8,10,臺中市,龍井區,0,1,0,8,1,5,30,4,1,1,5,4,5,7,4,4,10,5,5,2,15,6,2,9,2,1,F03,7,9,8,20,2,15,,6,6,1,12,8,F03,120.533118,24.187189,2
2023,1,6,8,12,臺中市,太平區,0,1,0,8,1,5,50,4,2,1,5,4,5,7,1,1,5,5,5,2,17,23,3,10,3,4,B02,7,6,1,8,2,8,,23,23,1,9,8,B02,120.713181,24.124619,2
2023,1,6,8,16,臺中市,太平區,0,1,0,8,1,5,50,3,1,1,5,4,5,7,4,4,9,5,5,2,18,23,2,9,1,1,C03,7,9,1,10,2,14,,23,23,1,22,5,C03,120.703644,24.112422,2
2023,1,6,8,20,臺中市,西屯區,0,1,0,8,1,5,50,3,1,1,5,4,5,7,1,1,5,3,5,2,16,44,3,10,1,1,B03,7,5,1,8,2,1,,44,44,1,22,9,B03,120.642535,24.164224,2
2023,1,6,8,20,臺中市,梧棲區,0,0,0,8,,,50,,,,,,,,,,,,,,,23,,,,,B03,,,1,,2,,,23,23,1,12,,B03,120.534477,24.247661,3
2023,1,6,8,22,臺中市,西屯區,0,1,0,8,1,5,40,4,1,1,5,4,5,7,1,1,10,5,5,2,17,30,3,10,3,4,C04,7,9,1,10,2,15,,30,30,1,22,8,C04,120.6559,24.170471,2
2023,1,6,8,28,臺中市,潭子區,0,1,0,8,1,5,50,14,9,1,5,4,5,7,4,4,1,4,5,1,12,17,3,10,1,1,B03,7,4,1,8,2,2,,17,17,1,22,8,B03,120.712757,24.215985,2
2023,1,6,8,28,臺中市,霧峰區,0,2,0,8,1,5,50,5,1,1,5,4,5,7,1,1,10,5,5,1,16,6,3,10,1,1,B03,7,5,1,8,2,8,,6,6,1,22,9,B03,120.712048,24.077256,2
2023,1,6,8,30,臺中市,潭子區,0,0,0,8,,,50,,,,,,,,,,,,,,,43,,,,,,,,,,,,,43,,2,,,,120.726666,24.203741,3
2023,1,6,8,33,臺中市,西屯區,0,2,0,8,1,5,50,14,9,1,5,4,5,7,4,4,5,4,5,2,16,10,2,1,3,4,B03,7,11,1,8,2,4,,10,10,1,22,8,B03,120.624493,24.194938,2
2023,1,6,8,36,臺中市,南區,0,1,0,8,1,5,50,3,2,1,5,4,5,7,4,4,5,5,4,2,17,6,3,10,1,1,C03,7,6,1,10,2,13,,6,6,1,5,8,C03,120.673518,24.129781,2
2023,1,6,8,36,臺中市,大里區,0,0,0,8,,,50,,,,,,,,,,,,,,,6,,,,,B12,,,1,,2,,,6,,1,22,,B12,120.697194,24.100588,3
2023,1,6,8,47,臺中市,大雅區,0,1,0,8,1,5,30,14,9,1,5,4,5,7,4,4,10,5,5,2,14,12,3,10,1,1,B03,7,2,1,8,2,7,,12,12,1,22,8,B03,120.654206,24.223589,2
2023,1,6,8,49,臺中市,北屯區,0,0,0,8,,,50,,,,,,,,,,,,,,,23,,,,,B03,,,1,,2,,,23,,1,22,,B03,120.697443,24.170723,3
2023,1,6,8,53,臺中市,霧峰區,0,1,0,8,1,5,50,4,1,1,5,4,5,7,1,1,10,5,5,2,16,9,3,10,3,4,B03,7,6,1,8,2,5,,9,9,1,3,8,B03,120.695089,24.059684,2
2023,1,6,9,0,臺中市,大雅區,0,1,0,8,1,5,50,3,1,1,5,4,5,7,4,4,3,4,4,2,12,23,2,9,1,1,B03,7,9,1,10,2,15,,23,23,1,22,9,B03,120.630007,24.205934,2
2023,1,6,9,14,臺中市,潭子區,0,0,0,8,,,40,,,,,,,,,,,,,,,23,,,,,B03,,,1,,2,,,23,,1,22,,B03,120.696555,24.201,3
2023,1,6,9,15,臺中市,南區,0,0,0,8,1,5,50,3,1,1,5,4,5,7,4,1,1,4,4,2,13,16,3,10,1,1,C03,7,9,1,10,2,11,,16,16,1,22,8,C03,120.655055,24.115622,3
2023,1,6,9,15,臺中市,神岡區,0,0,0,8,,,50,,,,,,,,,,,,,,,23,,,,,F03,,,8,,2,,,23,,1,22,,F03,120.6951,24.236543,3
2023,1,6,9,16,臺中市,大甲區,0,1,0,7,1,5,30,3,2,1,5,4,5,7,4,4,10,5,5,2,18,43,2,8,1,1,C02,7,9,1,9,2,14,,43,43,1,21,8,C02,120.616011,24.349991,2
2023,1,6,9,17,臺中市,潭子區,0,0,0,8,,,50,,,,,,,,,,,,,,,7,,,,,B03,,,1,,2,,,7,,1,22,,B03,120.705553,24.216735,3
2023,1,6,9,18,臺中市,太平區,0,0,0,8,,,50,,,,,,,,,,,,,,,23,,,,,A12,,,1,,1,,,23,,1,22,,A12,120.721499,24.149396,3
2023,1,6,9,25,臺中市,南屯區,0,1,0,8,1,5,50,3,1,1,5,4,5,7,4,4,1,4,1,2,16,6,3,10,1,1,B01,7,6,1,1,2,5,,6,6,1,22,8,B01,120.623924,24.153693,2
2023,1,6,9,27,臺中市,豐原區,0,1,0,8,1,5,50,4,1,1,5,4,5,7,1,1,10,5,5,2,17,25,2,9,1,1,C03,7,9,3,18,2,14,,25,25,1,22,8,C03,120.735912,24.260557,2
2023,1,6,9,29,臺中市,北屯區,0,0,0,8,,,50,,,,,,,,,,,,,,,23,,,,,B03,,,1,,2,,,23,,1,21,,B03,120.689741,24.165071,3
2023,1,6,9,35,臺中市,西區,0,1,0,8,1,5,50,4,1,1,5,4,5,7,2,1,10,5,5,2,15,25,3,10,1,1,B03,7,9,1,8,2,1,,25,25,1,20,8,B03,120.669414,24.138753,2
2023,1,6,9,35,臺中市,大甲區,0,1,0,7,1,5,50,14,9,1,5,4,5,7,4,4,1,5,5,1,17,1,2,9,1,1,C03,7,4,1,10,2,14,,1,1,1,21,8,C03,120.622728,24.348858,2
2023,1,6,9,36,臺中市,龍井區,0,0,0,8,,,50,,,,,,,,,,,,,,,23,,,,,C03,,,1,,2,,,23,,1,2,,C03,120.571031,24.177801,3
2023,1,6,9,38,臺中市,和平區,0,0,0,,,,25,,,,,,,,,,,,,,,17,,,,,B03,,,1,,1,,,17,17,1,21,,B03,120.898599,24.229219,3
2023,1,6,9,38,臺中市,豐原區,0,0,0,8,,,30,,,,,,,,,,,,,,,12,,,,,B03,,,1,,2,,,12,,1,22,,B03,120.701333,24.231924,3
2023,1,6,9,42,臺中市,南區,0,1,0,8,1,5,50,5,1,1,5,4,5,7,2,1,10,5,5,2,16,26,3,10,1,1,B03,7,6,1,8,2,5,,26,26,1,5,8,B03,120.657849,24.11258,2
2023,1,6,9,48,臺中市,西屯區,0,0,0,8,,,40,,,,,,,,,,,,,,,23,,,,,C03,,,1,,1,,,23,,1,22,,C03,120.647166,24.173926,3
2023,1,6,9,48,臺中市,西屯區,0,0,0,8,,,50,,,,,,,,,,,,,,,44,,,,,B03,,,1,,1,,,44,,1,1,,B03,120.660892,24.167633,3
2023,1,6,9,50,臺中市,北區,0,0,0,8,,,50,,,,,,,,,,,,,,,23,,,,,B03,,,1,,2,,,23,,1,20,,B03,120.682848,24.165422,3
2023,1,6,9,50,臺中市,大甲區,0,1,0,7,1,5,50,4,1,1,5,4,5,7,1,1,10,5,5,2,16,8,3,10,1,1,C03,7,5,3,18,2,15,,8,8,1,21,8,C03,120.627708,24.34679,2
2023,1,6,9,51,臺中市,北區,0,0,0,8,,,50,,,,,,,,,,,,,,,16,,,,,B03,,,1,,2,,,16,,1,22,,B03,120.686252,24.15482,3
2023,1,6,9,51,臺中市,南屯區,0,0,0,8,,,50,,,,,,,,,,,,,,,23,,,,,B03,,,1,,2,,,23,,1,22,,B03,120.64762,24.15064,3
2023,1,6,9,53,臺中市,西屯區,0,1,0,8,1,5,30,5,1,1,5,4,5,7,1,1,10,5,5,2,17,43,3,10,1,1,F06,7,9,8,20,2,16,,43,43,1,21,8,F06,120.667771,24.174576,2
2023,1,6,9,56,臺中市,北屯區,0,0,0,8,,,50,,,,,,,,,,,,,,,23,,,,,B03,,,1,,1,,,23,23,1,21,,B03,120.723462,24.165481,3
2023,1,6,9,57,臺中市,西屯區,0,0,0,8,,,40,,,,,,,,,,,,,,,43,,,,,B03,,,1,,2,,,43,,1,22,,B03,120.619757,24.180631,3
2023,1,6,10,0,臺中市,南屯區,0,0,0,8,,,50,,,,,,,,,,,,,,,19,,,,,B12,,,1,,1,,,19,19,1,22,,B12,120.62863,24.151891,3
2023,1,6,10,0,臺中市,北屯區,0,0,0,8,,,50,,,,,,,,,,,,,,,23,,,,,B03,,,3,,1,,,23,,1,22,,B03,120.736646,24.178238,3
2023,1,6,10,1,臺中市,南屯區,0,1,0,8,1,5,30,3,1,1,5,4,5,7,1,1,10,5,5,2,16,19,3,10,1,1,B03,7,5,1,8,2,1,,44,19,1,22,8,B03,120.61181,24.14869,2
2023,1,6,10,3,臺中市,大甲區,0,0,0,8,1,5,60,14,9,1,5,4,5,7,1,1,4,3,5,1,13,23,3,10,1,1,B03,7,9,1,8,2,1,,23,23,1,22,9,B03,120.639336,24.362772,3
2023,1,6,10,3,臺中市,豐原區,0,0,0,8,1,2,50,4,1,1,5,4,5,7,1,1,1,4,4,1,11,2,3,10,1,1,B12,7,9,1,8,1,4,4,2,2,1,21,8,B12,120.714402,24.245084,3
2023,1,6,10,11,臺中市,北區,0,0,0,8,,,50,,,,,,,,,,,,,,,23,,,,,B12,,,1,,2,,,23,,1,21,,B12,120.676611,24.150897,3
2023,1,6,10,12,臺中市,中區,0,1,0,8,1,5,50,4,1,1,5,4,5,7,1,1,5,5,5,2,12,6,3,10,3,4,B03,7,6,1,8,2,2,,6,6,1,21,8,B03,120.679537,24.142525,2
2023,1,6,10,16,臺中市,東區,0,1,0,8,1,5,50,4,1,1,5,4,5,7,1,1,10,5,5,2,16,6,3,10,1,1,B03,7,11,1,8,2,1,8,6,6,1,21,8,B03,120.70564,24.142756,2
2023,1,6,10,17,臺中市,潭子區,0,0,0,8,,,60,,,,,,,,,,,,,,,23,,,,,B03,,,1,,2,,,23,,1,22,,B03,120.702513,24.194427,3
2023,1,6,10,22,臺中市,烏日區,0,0,0,8,,,50,,,,,,,,,,,,,,,23,,,,,B11,,,1,,2,,,23,,1,10,,B11,120.643815,24.060967,3
2023,1,6,10,24,臺中市,烏日區,0,0,0,8,1,5,50,14,9,1,5,4,5,7,4,4,1,4,5,1,16,7,,,,,B03,,,1,,2,,,7,,1,22,,B03,120.616684,24.113986,3
2023,1,6,10,25,臺中市,南區,0,1,0,8,1,5,40,4,1,1,5,4,5,7,2,1,10,5,5,2,17,42,2,9,2,1,F01,7,15,8,20,2,16,,42,42,1,20,8,F01,120.676208,24.132644,2
2023,1,6,10,30,臺中市,西屯區,0,1,0,8,1,5,50,14,8,1,5,4,5,7,4,4,1,3,4,2,16,9,3,10,1,1,B03,7,6,1,8,2,2,,9,9,1,22,9,B03,120.626236,24.178337,2
2023,1,6,10,30,臺中市,霧峰區,0,0,0,8,1,5,30,14,2,1,5,4,5,7,4,4,10,5,5,2,16,23,,,,,B03,,,1,,2,,,23,,1,5,,B03,120.696296,24.067132,3
2023,1,6,10,34,臺中市,南屯區,0,0,0,8,,,50,,,,,,,,,,,,,,,23,,,,,B12,,,1,,1,,,23,23,1,22,,B12,120.622345,24.140928,3
2023,1,6,10,34,臺中市,西屯區,0,0,0,8,,,50,,,,,,,,,,,,,,,7,,,,,B03,,,1,,2,,,7,,1,22,,B03,120.65723,24.163241,3
2023,1,6,10,35,臺中市,大里區,0,1,0,8,1,5,50,4,1,1,5,4,5,7,1,1,10,5,5,1,16,23,3,10,1,1,B02,7,9,1,8,2,8,,23,23,1,5,8,B02,120.691343,24.100826,2
2023,1,6,10,40,臺中市,沙鹿區,0,1,0,8,1,5,50,4,1,1,5,4,5,7,1,1,10,5,5,2,16,6,3,10,1,1,B03,7,6,1,8,2,5,,6,6,1,21,8,B03,120.560438,24.240129,2
2023,1,6,10,42,臺中市,后里區,0,1,0,8,1,5,50,11,9,1,5,4,5,7,4,4,5,4,5,2,13,38,3,10,1,1,C03,7,14,1,10,2,13,,38,38,1,4,8,C03,120.715602,24.302667,2
2023,1,6,10,50,臺中市,沙鹿區,0,0,0,8,,,60,,,,,,,,,,,,,,,23,,,,,A05,,,1,,2,,,23,,1,10,,A05,120.574295,24.229982,3
2023,1,6,10,53,臺中市,北屯區,0,0,0,8,,,60,,,,,,,,,,,,,,,23,,,,,B03,,,1,,1,,,23,,1,21,,B03,120.71875,24.163153,3
2023,1,6,10,54,臺中市,北區,0,2,0,8,1,5,40,14,8,1,5,4,5,7,4,4,3,4,3,2,18,43,2,9,1,1,C03,7,12,1,10,2,15,,43,43,1,22,8,C03,120.664499,24.154644,2
2023,1,6,10,54,臺中市,南屯區,0,1,0,8,1,5,50,5,1,1,5,4,5,7,1,1,10,5,5,2,16,7,2,9,1,1,C03,7,8,1,10,2,12,,7,7,1,22,8,C03,120.628305,24.140206,2
2023,1,6,10,55,臺中市,太平區,0,0,0,8,,,80,,,,,,,,,,,,,,,16,,,,,B03,,,6,,1,,,16,,1,22,,B03,120.714985,24.151464,3
2023,1,6,11,0,臺中市,西區,0,1,0,8,1,5,50,14,8,1,5,4,5,7,4,4,5,4,4,2,13,23,2,8,1,1,C03,7,9,1,10,2,11,,23,23,1,21,8,C03,120.665277,24.14715,2
2023,1,6,11,0,臺中市,新社區,0,0,0,8,,,30,,,,,,,,,,,,,,,23,,,,,B02,,,2,,2,,,23,,1,21,,B02,120.774862,24.216862,3
2023,1,6,11,0,臺中市,豐原區,0,1,0,8,1,5,50,14,9,1,5,4,5,7,4,4,5,5,4,1,12,7,2,9,1,1,C03,7,7,1,10,2,14,,7,7,1,22,8,C03,120.718426,24.251742,2
2023,1,6,11,2,臺中市,西區,0,1,0,8,1,5,50,4,1,1,5,4,5,7,2,1,10,5,5,2,13,23,2,9,1,1,C03,7,9,1,10,2,11,,23,23,1,20,8,C03,120.661687,24.146708,2
2023,1,6,11,3,臺中市,北區,0,1,0,8,1,5,50,4,1,1,5,4,5,7,2,1,1,5,5,2,13,23,3,10,1,1,C03,7,9,1,10,2,11,,23,23,1,21,8,C03,120.675858,24.159215,2
2023,1,6,11,5,臺中市,石岡區,0,0,0,8,,,50,,,,,,,,,,,,,,,23,,,,,C03,,,1,,2,,,23,,1,22,,C03,120.792987,24.275492,3
2023,1,6,11,7,臺中市,西區,0,2,0,8,1,5,50,14,9,1,5,4,5,7,4,4,1,5,5,2,12,23,3,10,3,4,B01,7,9,1,4,2,2,,23,23,1,21,8,B01,120.672469,24.146724,2
2023,1,6,11,10,臺中市,南屯區,0,0,0,8,,,50,,,,,,,,,,,,,,,23,,,,,B03,,,1,,1,,,23,,1,22,,B03,120.601138,24.143055,3
2023,1,6,11,10,臺中市,豐原區,0,2,0,8,1,5,50,5,1,1,5,4,5,7,1,1,10,5,5,2,17,17,2,9,1,1,C03,7,9,1,10,1,14,,17,17,1,22,8,C03,120.71447,24.248051,2
2023,1,6,11,14,臺中市,北區,0,2,0,8,1,5,50,4,1,1,5,4,5,7,4,4,5,5,5,2,15,6,2,9,1,1,C03,7,9,1,10,2,11,,6,6,1,21,8,C03,120.667541,24.163975,2
2023,1,6,11,15,臺中市,北區,0,0,0,8,,,50,,,,,,,,,,,,,,,23,,,,,B03,,,1,,11,,,23,,1,22,,B03,120.686053,24.163999,3
2023,1,6,11,19,臺中市,西屯區,0,1,0,8,1,5,40,3,1,1,5,4,5,7,1,1,1,5,1,1,13,16,3,10,1,4,C03,7,9,1,10,2,11,,16,16,1,22,8,C03,120.602633,24.182917,2
2023,1,6,11,19,臺中市,太平區,0,1,0,8,1,5,50,14,9,1,5,4,5,7,1,1,5,4,5,2,18,42,2,9,1,1,C03,7,9,1,9,2,14,,42,42,1,21,8,C03,120.707115,24.129138,2
2023,1,6,11,23,臺中市,烏日區,0,0,0,8,1,5,50,14,7,1,5,4,5,7,4,4,1,4,5,1,17,43,,,,,A11,,,1,,11,,,43,,1,4,,A11,120.616521,24.107356,3
2023,1,6,11,23,臺中市,大甲區,0,1,0,8,1,5,30,5,2,1,5,4,5,7,4,4,10,5,5,2,12,5,3,10,1,1,C03,7,9,1,10,2,12,,5,5,1,4,8,C03,120.632045,24.35603,2
2023,1,6,11,24,臺中市,西區,0,0,0,,,,40,,,,,,,,,,,,,,,23,,,,,C03,,,1,,1,,,23,,1,21,,C03,120.661303,24.140026,3
2023,1,6,11,30,臺中市,大里區,0,1,0,8,1,5,50,14,8,1,5,4,5,7,4,4,5,2,4,1,13,23,3,10,1,1,C03,7,9,1,10,2,11,,23,23,1,5,8,C03,120.68688,24.115087,2
2023,1,6,11,30,臺中市,神岡區,0,0,0,8,,,50,,,,,,,,,,,,,,,23,,,,,C03,,,1,,2,,,23,23,1,12,,C03,120.654801,24.258909,3
2023,1,6,11,37,臺中市,烏日區,0,0,0,8,,,50,,,,,,,,,,,,,,,12,,,,,B12,,,1,,2,,,12,,1,21,,B12,120.605031,24.107441,3
2023,1,6,11,38,臺中市,西屯區,0,0,0,8,,,60,,,,,,,,,,,,,,,16,,,,,B03,,,1,,1,,,16,,1,22,,B03,120.648741,24.163294,3
2023,1,6,11,38,臺中市,西屯區,0,0,0,8,,,30,,,,,,,,,,,,,,,17,,,,,B12,,,1,,1,,,17,,1,21,,B12,120.616563,24.171,3
2023,1,6,11,39,臺中市,南區,0,1,0,8,1,5,40,3,1,1,5,4,5,7,1,1,10,5,5,2,12,42,2,9,1,1,C03,7,15,1,10,2,14,,42,42,1,5,8,C03,120.68414,24.119235,2
2023,1,6,11,43,臺中市,太平區,0,0,0,8,,,50,,,,,,,,,,,,,,,23,,,,,B03,,,1,,2,,,23,,1,22,,B03,120.716794,24.127846,3
2023,1,6,11,45,臺中市,南屯區,0,0,0,8,,,50,,,,,,,,,,,,,,,23,,,,,B03,,,1,,1,,,23,,1,22,,B03,120.611949,24.149333,3
2023,1,6,11,45,臺中市,西屯區,0,0,0,8,,,50,,,,,,,,,,,,,,,7,,,,,A11,,,1,,1,,,7,,1,22,,A11,120.619201,24.175167,3
2023,1,6,11,47,臺中市,太平區,0,0,0,8,1,5,50,5,1,1,5,4,5,7,2,1,10,5,5,2,13,16,,,,,C03,,,1,,2,,,16,,1,22,,C03,120.72451,24.149571,3
2023,1,6,11,48,臺中市,潭子區,0,1,0,8,1,5,60,3,4,1,5,4,5,7,1,1,1,4,4,1,13,23,2,7,1,1,C03,7,14,1,10,2,12,,23,23,1,22,8,C03,120.702511,24.187087,2
2023,1,6,11,48,臺中市,北屯區,0,0,0,8,,,50,,,,,,,,,,,,,,,23,,,,,B02,,,1,,1,,,23,,1,22,,B02,120.685533,24.171928,3
2023,1,6,11,48,臺中市,西屯區,0,0,0,8,,,50,,,,,,,,,,,,,,,42,,,,,C03,,,1,,1,,,42,,1,1,,C03,120.647045,24.169968,3
2023,1,6,11,49,臺中市,大里區,0,2,0,8,1,5,50,4,1,1,5,4,5,7,1,1,10,5,5,2,16,7,2,2,1,1,F01,7,10,8,20,2,16,,7,7,1,22,5,F01,120.686176,24.121446,2
2023,1,6,11,55,臺中市,南屯區,0,0,0,8,1,5,50,14,9,1,5,4,5,7,4,4,5,4,5,2,14,12,3,10,1,1,B02,7,2,1,8,1,3,,12,12,1,22,8,B02,120.633956,24.145093,3
2023,1,6,12,2,臺中市,南屯區,0,0,0,8,,,50,,,,,,,,,,,,,,,23,,,,,A12,,,1,,9,,,23,,1,22,,A12,120.630034,24.146235,3
2023,1,6,12,2,臺中市,霧峰區,0,0,0,8,,,30,,,,,,,,,,,,,,,23,,,,,C03,,,1,,2,,,23,,1,22,,C03,120.69543,24.052786,3
2023,1,6,12,5,臺中市,南區,0,0,0,8,1,5,50,14,9,1,5,4,5,7,4,4,9,5,5,2,14,12,3,10,1,1,B03,7,2,1,8,1,3,,12,12,1,22,8,B03,120.660449,24.128592,3
2023,1,6,12,8,臺中市,北屯區,0,0,0,8,,,50,,,,,,,,,,,,,,,7,,,,,B03,,,1,,2,,,7,7,1,5,,B03,120.70333,24.169643,3
2023,1,6,12,8,臺中市,西屯區,0,0,0,8,,,50,,,,,,,,,,,,,,,23,,,,,B03,,,1,,2,,,23,,1,22,,B03,120.641241,24.168193,3
2023,1,6,12,10,臺中市,北區,0,0,0,8,,,50,,,,,,,,,,,,,,,17,,,,,B12,,,1,,2,,,17,,1,9,,B12,120.695911,24.160532,3
2023,1,6,12,12,臺中市,霧峰區,0,0,0,8,,,30,,,,,,,,,,,,,,,6,,,,,C03,,,1,,1,,,6,6,1,3,,C03,120.684782,24.034625,3
2023,1,6,12,14,臺中市,南屯區,0,0,0,8,1,5,50,4,1,1,5,4,5,7,4,4,10,5,5,2,16,23,3,10,1,1,B03,7,6,1,8,1,8,,23,23,1,22,8,B03,120.639724,24.138853,3
2023,1,6,12,14,臺中市,西屯區,0,1,0,8,1,5,30,4,1,1,5,4,5,7,3,1,1,5,5,2,15,6,3,10,3,4,B03,7,9,1,8,2,2,,6,6,1,22,8,B03,120.647105,24.191682,2
2023,1,6,12,30,臺中市,大里區,0,0,0,8,1,5,50,4,1,1,5,4,5,7,1,1,10,5,5,2,16,6,,,,,B03,,,1,,2,,,6,,1,5,,B03,120.71366,24.094267,3
2023,1,6,12,32,臺中市,大里區,0,1,0,8,1,5,50,4,1,1,5,4,5,7,1,1,10,5,5,1,16,9,3,10,1,1,B03,7,6,1,8,2,6,,9,9,1,5,8,B03,120.688638,24.11999,2
2023,1,6,12,33,臺中市,北區,0,1,0,8,1,5,30,3,1,1,5,4,5,7,4,4,10,5,5,2,16,6,3,10,1,1,C03,7,5,1,10,2,13,,6,6,1,21,8,C03,120.673834,24.160449,2
2023,1,6,12,43,臺中市,太平區,0,2,0,8,1,5,50,14,9,1,5,4,5,7,4,4,9,4,5,2,16,16,2,8,1,1,C03,7,9,1,10,2,11,,16,16,1,21,8,C03,120.703052,24.155843,2
2023,1,6,12,44,臺中市,烏日區,0,0,0,8,,,80,,,,,,,,,,,,,,,33,,,,,A12,,,1,,2,,,33,,1,21,,A12,120.616521,24.107356,3
2023,1,6,13,7,臺中市,北屯區,0,0,0,8,,,40,,,,,,,,,,,,,,,43,,,,,B12,,,1,,1,,,43,,1,22,,B12,120.720835,24.162544,3
2023,1,6,13,10,臺中市,大里區,0,0,0,8,,,50,,,,,,,,,,,,,,,18,,,,,B12,,,1,,2,,,18,,1,22,,B12,120.688891,24.104353,3
2023,1,6,13,12,臺中市,東區,0,0,0,,,,50,,,,,,,,,,,,,,,23,,,,,B12,,,1,,9,,,23,,2,5,,B12,120.688166,24.14145,3
2023,1,6,13,13,臺中市,霧峰區,0,1,0,8,1,5,50,4,1,1,5,4,5,7,4,4,10,5,5,1,16,6,3,10,1,1,B12,7,11,1,8,2,4,,6,6,1,22,9,B12,120.695072,24.06337,2
2023,1,6,13,19,臺中市,東區,0,2,0,8,1,5,50,3,2,1,5,4,5,7,4,4,9,5,5,2,17,19,2,8,1,1,C03,7,1,1,10,2,14,,19,19,1,21,8,C03,120.685055,24.122055,2
2023,1,6,13,20,臺中市,太平區,0,0,0,8,,,50,,,,,,,,,,,,,,,42,,,,,C03,,,1,,11,,,42,,1,21,,C03,120.717441,24.124718,3
2023,1,6,13,28,臺中市,西屯區,0,1,0,8,1,5,50,4,1,1,5,4,5,7,1,1,10,5,5,2,16,8,3,10,3,4,B03,7,5,1,8,2,5,,8,8,1,22,8,B03,120.663295,24.167619,2
2023,1,6,13,30,臺中市,大里區,0,0,0,8,1,5,50,3,1,1,5,4,5,7,4,4,10,5,5,2,29,23,,,,,B12,,,1,,2,,,23,,1,10,,B12,120.696401,24.090762,3
2023,1,6,13,30,臺中市,沙鹿區,0,1,0,8,1,5,50,15,9,1,5,4,5,7,4,4,5,5,5,1,29,23,3,10,1,1,B03,7,15,1,8,2,8,,23,23,1,19,7,B03,120.559637,24.240434,2
2023,1,6,13,32,臺中市,梧棲區,0,1,0,8,1,5,50,4,1,1,5,4,5,7,4,4,10,5,5,2,16,6,3,10,1,1,B12,7,5,6,8,2,5,,6,6,1,11,1,B12,120.535951,24.246827,2
2023,1,6,13,34,臺中市,北屯區,0,1,0,8,1,5,30,4,1,1,5,4,5,7,4,4,10,5,5,2,16,6,3,10,1,1,B03,7,6,1,8,2,5,,6,6,1,21,8,B03,120.697213,24.16592,2
2023,1,6,13,37,臺中市,北區,0,1,0,8,1,5,50,4,1,1,5,4,5,7,4,4,10,5,5,2,15,6,3,10,1,1,B02,7,9,1,8,2,5,,6,6,1,22,9,B02,120.666724,24.16043,2
2023,1,6,13,38,臺中市,霧峰區,0,1,0,8,1,5,50,14,9,1,5,4,5,7,4,4,9,5,5,2,16,8,3,10,3,4,B03,7,5,1,8,2,7,,8,8,1,3,8,B03,120.698641,24.065352,2
2023,1,6,13,39,臺中市,北屯區,0,0,0,8,,,50,,,,,,,,,,,,,,,7,,,,,B03,,,1,,2,,,7,7,1,22,,B03,120.663188,24.187266,3
2023,1,6,13,40,臺中市,南屯區,0,0,0,8,,,50,,,,,,,,,,,,,,,23,,,,,C03,,,3,,1,,,23,,1,22,,C03,120.644294,24.140294,3
2023,1,6,13,40,臺中市,沙鹿區,0,1,0,8,1,5,30,14,9,1,5,4,5,7,4,4,4,3,4,1,18,19,2,9,1,1,C03,7,1,1,10,2,14,,19,19,1,22,8,C03,120.558693,24.236814,2
2023,1,6,13,50,臺中市,中區,0,1,0,8,1,5,50,14,9,1,5,4,5,7,4,4,5,4,5,2,13,42,2,8,1,1,C03,7,15,1,10,1,11,,42,42,1,5,8,C03,120.680769,24.143806,2
2023,1,6,13,58,臺中市,沙鹿區,0,2,0,8,1,5,50,14,7,1,5,4,5,7,4,4,9,5,4,2,16,23,2,9,1,1,C03,7,9,1,10,2,12,,23,23,1,22,9,C03,120.577197,24.223431,2
2023,1,6,14,0,臺中市,太平區,0,0,0,8,,,40,,,,,,,,,,,,,,,12,,,,,B03,,,1,,2,,,12,,1,20,,B03,120.720005,24.157324,3