年,月,日,時,分,縣市,區,死,受傷,2-30,天候,光線,道路類別,速限,道路型態,事故位置,路面鋪裝,路面狀態,路面缺陷,障礙物,視距,號誌種類,號誌動作,分向設施,快車道或一般車道間,快慢車道間,路面邊線,事故類型及型態,主要肇因,受傷程度,主要傷處,保護裝備,行動電話,當事者區分,車輛用途,當事者行動狀態,駕駛資格情形,駕駛執照種類,飲酒情形,車輛撞擊部位最初,車輛撞擊部位其他,肇事因素個別,肇事因素主要,肇事逃逸,職業,旅次目的,車種,GPS緯度,GPS經度,事故類別
2023,1,6,18,0,臺中市,北屯區,0,1,0,8,3,5,50,4,1,1,5,4,5,7,1,1,10,5,5,2,17,6,3,10,1,1,B03,7,5,1,8,2,2,,6,6,1,21,8,B03,120.733653,24.176993,2
2023,1,6,18,0,臺中市,西屯區,0,1,0,8,3,5,50,4,1,1,5,4,5,7,4,4,10,5,5,2,16,6,3,10,1,1,B11,7,5,1,8,2,5,,6,6,1,22,8,B11,120.601661,24.174798,2
2023,1,6,18,1,臺中市,梧棲區,0,0,0,8,,,30,,,,,,,,,,,,,,,6,,,,,B12,,,1,,2,,,6,,1,22,,B12,120.547973,24.258645,3
2023,1,6,18,3,臺中市,龍井區,0,2,0,8,4,5,30,4,1,1,5,4,5,7,4,4,10,5,5,2,15,6,2,9,1,1,C03,7,9,1,10,2,11,,6,6,1,8,1,C03,120.546251,24.19402,2
2023,1,6,18,4,臺中市,北區,0,2,0,8,3,5,50,4,1,1,5,4,5,7,1,1,5,2,5,2,16,25,3,10,1,1,B03,7,5,1,8,2,6,,25,25,1,5,8,B03,120.690207,24.156245,2
2023,1,6,18,8,臺中市,烏日區,0,1,0,8,3,5,50,14,9,1,5,4,5,7,4,4,5,4,5,1,17,11,3,10,1,1,F03,7,11,8,20,2,16,,11,11,1,21,8,F03,120.65804,24.058217,2
2023,1,6,18,11,臺中市,梧棲區,0,0,0,8,,,30,,,,,,,,,,,,,,,6,,,,,B03,,,1,,2,,,14,14,1,22,,B03,120.547557,24.257189,3
2023,1,6,18,13,臺中市,南屯區,0,1,0,8,3,5,50,14,8,1,5,4,5,7,4,4,9,5,4,2,11,6,2,9,3,4,C03,7,5,1,10,1,12,,6,6,1,22,8,C03,120.635391,24.150763,2
2023,1,6,18,13,臺中市,太平區,0,1,0,8,3,5,50,14,9,1,5,4,5,7,4,4,9,5,5,2,16,19,3,10,1,1,B03,7,1,1,8,2,4,,19,19,1,5,8,B03,120.725419,24.108673,2
2023,1,6,18,13,臺中市,龍井區,0,1,0,8,3,5,50,4,19,1,5,4,5,7,1,1,9,5,5,2,3,23,3,10,1,1,C03,7,9,1,10,2,11,,23,23,1,21,8,C03,120.581333,24.175481,2
2023,1,6,18,13,臺中市,豐原區,0,1,0,8,3,5,50,4,8,1,5,4,5,7,4,4,5,5,4,2,3,23,2,9,3,4,C03,7,9,6,18,2,11,,23,23,1,22,8,C03,120.722747,24.240075,2
2023,1,6,18,14,臺中市,西屯區,0,1,0,8,3,5,50,4,1,1,5,4,5,7,1,1,10,5,5,2,17,23,3,10,1,1,B12,7,5,1,8,2,2,,6,23,1,22,8,B12,120.629336,24.183726,2
2023,1,6,18,14,臺中市,西屯區,0,1,0,8,3,5,50,3,1,1,5,4,5,7,4,4,1,4,5,2,16,6,3,10,1,1,B03,7,6,1,8,2,5,,6,6,1,22,8,B03,120.651967,24.16539,2
2023,1,6,18,14,臺中市,豐原區,0,2,0,8,1,5,50,4,1,1,5,4,5,7,2,1,5,4,4,1,13,44,2,9,1,1,C03,7,14,1,10,2,14,,44,44,1,22,8,C03,120.720805,24.251745,2
2023,1,6,18,15,臺中市,西屯區,0,0,0,8,,,50,,,,,,,,,,,,,,,42,,,,,B12,,,1,,2,,,42,,1,22,,B12,120.638426,24.172278,3
2023,1,6,18,15,臺中市,沙鹿區,0,1,0,8,3,5,40,14,8,1,5,4,5,7,4,4,10,5,5,2,18,23,2,9,1,1,C03,7,9,4,8,2,14,,23,23,1,22,9,C03,120.570566,24.200361,2
2023,1,6,18,16,臺中市,西屯區,0,1,0,8,1,5,50,4,1,1,5,4,5,7,1,1,1,3,1,2,16,43,3,10,1,1,C03,7,9,6,10,2,11,,43,43,1,22,8,C03,120.653258,24.160817,2
2023,1,6,18,19,臺中市,西區,0,0,0,8,,,50,,,,,,,,,,,,,,,7,,,,,B03,,,1,8,2,,,7,7,1,5,,B03,120.661743,24.16016,3
2023,1,6,18,21,臺中市,南屯區,0,1,0,8,3,5,50,14,9,1,5,4,5,7,4,4,10,5,5,2,16,7,2,9,1,1,C03,7,7,1,10,2,12,,7,7,1,22,8,C03,120.651251,24.151723,2
2023,1,6,18,22,臺中市,烏日區,0,2,0,8,3,5,50,3,1,1,5,4,5,7,1,1,10,5,5,2,16,6,3,10,1,1,B03,7,5,1,8,2,1,,6,6,1,21,7,B03,120.64278,24.072904,2
2023,1,6,18,23,臺中市,中區,0,0,0,,,,50,,,,,,,,,,,,,,,17,,,,,A04,,,1,,2,,,17,,1,10,,A04,120.684249,24.13682,3
2023,1,6,18,23,臺中市,北屯區,0,0,0,8,,,50,,,,,,,,,,,,,,,23,,,,,B03,,,1,,2,,,23,,1,22,,B03,120.706344,24.186517,3
2023,1,6,18,25,臺中市,大雅區,0,2,0,8,3,5,50,4,1,1,5,4,5,7,1,1,5,5,5,1,16,6,2,9,1,1,C03,7,5,1,10,2,12,,6,6,1,22,9,C03,120.629563,24.208645,2
2023,1,6,18,27,臺中市,東區,0,0,0,,,,50,,,,,,,,,,,,,,,23,,,,,C03,,,1,,2,,,23,,1,22,,C03,120.701513,24.138102,3
2023,1,6,18,28,臺中市,南區,0,0,0,8,,,50,,,,,,,,,,,,,,,6,,,,,B03,,,1,,2,,,6,6,1,22,,B03,120.661484,24.121688,3
2023,1,6,18,28,臺中市,西屯區,0,0,0,8,,,40,,,,,,,,,,,,,,,23,,,,,B03,,,1,,1,,,23,,1,22,,B03,120.634792,24.161384,3
2023,1,6,18,29,臺中市,西屯區,0,0,0,8,,,50,,,,,,,,,,,,,,,12,,,,,C03,,,1,,1,,,12,12,1,22,,C03,120.656091,24.170545,3
2023,1,6,18,30,臺中市,西屯區,0,1,0,8,3,5,40,14,20,2,5,4,5,7,4,4,1,5,1,2,18,42,2,9,1,1,C03,7,9,1,10,2,14,,42,42,1,22,8,C03,120.615946,24.182604,2
2023,1,6,18,30,臺中市,大里區,0,2,0,8,3,5,50,4,1,1,5,4,5,7,1,1,5,4,4,2,12,23,2,9,1,1,C03,7,9,1,10,2,12,,23,23,1,23,1,C03,120.681312,24.11285,2
2023,1,6,18,31,臺中市,西屯區,0,0,0,8,,,50,,,,,,,,,,,,,,,6,,,,,B01,,,1,,1,,,6,,1,10,,B01,120.645196,24.172165,3
2023,1,6,18,32,臺中市,西屯區,0,1,0,8,3,5,50,14,9,1,5,4,5,7,4,4,1,4,5,2,16,19,3,10,3,4,C03,7,1,1,10,11,11,,19,19,1,22,8,C03,120.617678,24.182586,2
2023,1,6,18,32,臺中市,烏日區,0,1,0,8,3,5,50,4,1,1,5,4,5,7,4,4,10,5,5,2,16,6,3,10,1,1,B03,7,9,1,8,2,4,,14,6,1,22,8,B03,120.634865,24.110685,2
2023,1,6,18,40,臺中市,西屯區,0,2,0,8,3,5,50,14,9,1,5,4,5,7,4,4,1,4,5,2,3,51,2,9,4,5,H01,8,16,8,20,1,16,,51,51,1,22,8,H01,120.649018,24.161562,2
2023,1,6,18,40,臺中市,烏日區,0,1,0,8,3,5,50,14,9,1,5,4,5,7,4,4,5,5,5,2,16,10,3,10,1,1,B03,7,11,1,8,2,8,,10,10,1,21,8,B03,120.614083,24.110325,2
2023,1,6,18,42,臺中市,大里區,0,0,0,8,,,50,,,,,,,,,,,,,,,23,,,,,B03,,,1,,2,,,23,,1,22,,B03,120.700571,24.093983,3
2023,1,6,18,45,臺中市,霧峰區,0,0,0,8,,,50,,,,,,,,,,,,,,,44,,,,,B03,,,1,,10,,,44,,1,22,,B03,120.691418,24.057855,3
2023,1,6,18,47,臺中市,西屯區,0,1,0,8,1,5,40,14,8,1,5,4,5,7,4,4,1,5,1,2,16,6,3,10,1,1,B03,7,6,1,8,2,5,,6,6,1,22,8,B03,120.619859,24.180546,2
2023,1,6,18,48,臺中市,西屯區,0,1,0,8,3,5,50,14,9,1,5,4,5,7,4,4,5,4,5,2,12,17,2,8,1,1,C03,7,9,1,10,2,14,,17,17,1,22,8,C03,120.621373,24.186465,2
2023,1,6,18,52,臺中市,潭子區,0,0,0,8,,,60,,,,,,,,,,,,,,,23,,,,,B03,,,1,,2,,,23,,1,22,,B03,120.704651,24.209461,3
2023,1,6,18,53,臺中市,豐原區,0,0,0,8,,,50,,,,,,,,,,,,,,,17,,,,,B03,,,1,,9,,,17,,1,22,,B03,120.718872,24.24383,3
2023,1,6,18,58,臺中市,西屯區,0,0,0,8,,,50,,,,,,,,,,,,,,,9,,,,,B03,,,1,,1,,,9,,1,22,,B03,120.655099,24.176141,3
2023,1,6,19,2,臺中市,西屯區,0,1,0,8,3,5,50,14,9,1,5,4,5,7,4,4,5,4,5,2,17,26,3,10,1,1,B03,7,1,1,8,2,8,,26,26,1,22,8,B03,120.646966,24.165371,2
2023,1,6,19,5,臺中市,太平區,0,0,0,8,,,30,,,,,,,,,,,,,,,42,,,,,B03,,,1,,1,,,42,,1,21,,B03,120.708468,24.154323,3
2023,1,6,19,10,臺中市,大雅區,0,0,0,8,,,30,,,,,,,,,,,,,,,18,,,,,B03,,,1,,2,,,18,,1,22,,B03,120.64288,24.220892,3
2023,1,6,19,11,臺中市,西區,0,2,0,8,3,5,50,14,7,1,5,4,5,7,4,4,5,5,4,2,17,19,3,10,1,1,B03,7,1,1,8,2,8,,19,19,1,4,8,B03,120.665246,24.132296,2
2023,1,6,19,13,臺中市,南屯區,0,0,0,8,,,50,,,,,,,,,,,,,,,26,,,,,C03,,,1,,2,,,26,,1,22,,C03,120.609316,24.138518,3
2023,1,6,19,15,臺中市,西區,0,1,0,8,3,5,50,3,1,1,5,4,5,7,4,4,10,5,5,2,16,6,3,10,1,1,B03,7,5,1,8,2,1,,6,6,1,5,8,B03,120.666537,24.136564,2
2023,1,6,19,18,臺中市,霧峰區,0,0,0,8,,,50,,,,,,,,,,,,,,,19,,,,,C03,,,1,,2,,,19,,1,22,,C03,120.699103,24.069552,3
2023,1,6,19,18,臺中市,大肚區,0,0,0,8,,,50,,,,,,,,,,,,,,,23,,,,,C03,,,1,,2,,,23,23,1,22,,C03,120.58113,24.175078,3
2023,1,6,19,19,臺中市,東區,0,0,0,8,,,50,,,,,,,,,,,,,,,19,,,,,C03,,,1,,2,,,19,19,1,5,,C03,120.652766,24.117995,3
2023,1,6,19,19,臺中市,西屯區,0,0,0,8,,,50,,,,,,,,,,,,,,,23,,,,,B03,,,1,,1,,,23,,1,22,,B03,120.644164,24.201417,3
2023,1,6,19,20,臺中市,新社區,0,1,0,8,3,5,50,14,13,1,5,4,5,7,4,4,5,5,5,1,26,23,2,1,1,1,B03,7,9,1,8,2,1,,23,23,1,22,8,B03,120.80438,24.258145,2
2023,1,6,19,25,臺中市,西屯區,0,0,0,8,,,50,,,,,,,,,,,,,,,16,,,,,B03,,,1,,1,,,16,,1,22,,B03,120.653289,24.167253,3
2023,1,6,19,25,臺中市,太平區,0,1,0,8,3,5,40,3,1,1,5,4,5,7,1,1,10,5,5,2,16,6,3,10,1,1,B03,7,5,1,8,2,6,,6,6,1,4,8,B03,120.725972,24.120876,2
2023,1,6,19,30,臺中市,潭子區,0,1,0,8,3,5,50,4,2,1,5,4,5,7,1,1,5,4,5,2,13,23,2,8,1,1,C03,7,9,1,10,9,15,,23,23,1,22,9,C03,120.705335,24.211528,2
2023,1,6,19,30,臺中市,西屯區,0,1,0,8,3,5,50,14,9,1,5,4,5,7,4,4,5,4,5,2,17,43,2,9,1,1,C03,7,9,1,10,2,11,,43,43,1,22,8,C03,120.60893,24.19188,2
2023,1,6,19,30,臺中市,西屯區,0,0,0,8,,,30,,,,,,,,,,,,,,,23,,,,,B02,,,1,,2,,,23,,1,22,,B02,120.644481,24.175618,3
2023,1,6,19,39,臺中市,北區,0,0,0,8,3,5,50,5,9,1,5,4,5,7,1,1,2,4,5,2,12,16,3,10,1,1,B03,7,9,1,8,1,2,,16,16,1,5,5,B03,120.68612,24.154557,3
2023,1,6,19,40,臺中市,西區,0,0,0,,,,50,,,,,,,,,,,,,,,23,,,,,B03,,,1,,2,,,23,,1,21,,B03,120.661671,24.149737,3
2023,1,6,19,54,臺中市,西屯區,0,0,0,8,,,50,,,,,,,,,,,,,,,12,,,,,B03,,,1,,1,,,12,,1,22,,B03,120.638993,24.159173,3
2023,1,6,19,54,臺中市,神岡區,0,0,0,,,,,,,,,,,,,,,,,,,43,,,,,,,,,,,,,43,,2,,,,120.658911,24.263294,3
2023,1,6,19,55,臺中市,東區,0,0,0,8,,,50,,,,,,,,,,,,,,,7,,,,,B01,,,1,,2,,,7,,1,22,,B01,120.687716,24.137031,3
2023,1,6,20,5,臺中市,大雅區,0,1,0,8,3,5,50,14,9,1,5,4,5,7,4,4,5,5,5,1,17,43,3,10,1,1,B03,7,3,1,8,2,2,,43,43,1,22,9,B03,120.646295,24.229197,2
2023,1,6,20,6,臺中市,豐原區,0,0,0,8,,,30,,,,,,,,,,,,,,,17,,,,,B03,,,1,,2,,,17,,1,4,,B03,120.728691,24.253486,3
2023,1,6,20,10,臺中市,新社區,0,2,0,8,3,5,50,3,2,1,5,4,5,7,4,4,5,5,5,1,16,6,2,9,1,1,C03,7,5,1,10,2,12,,6,6,1,21,9,C03,120.809262,24.249191,2
2023,1,6,20,15,臺中市,太平區,0,2,0,8,3,5,50,3,1,1,5,4,5,7,4,4,10,5,5,2,17,19,2,9,1,1,C03,7,1,1,10,2,11,,19,19,1,21,8,C03,120.724618,24.155653,2
2023,1,6,20,16,臺中市,北屯區,0,0,0,8,,,50,,,,,,,,,,,,,,,7,,,,,B11,,,1,,1,,,7,,1,22,,B11,120.666487,24.181592,3
2023,1,6,20,17,臺中市,霧峰區,0,1,0,8,3,5,30,5,1,1,5,4,5,7,1,1,10,5,5,1,15,25,3,10,1,1,B02,7,9,1,4,2,4,,25,25,1,4,8,B02,120.713262,24.077261,2
2023,1,6,20,18,臺中市,北區,0,1,0,8,3,5,50,4,1,1,5,4,5,7,1,1,5,4,5,2,16,19,3,10,1,1,B03,7,1,1,8,2,1,,19,19,1,5,5,B03,120.686813,24.166934,2
2023,1,6,20,18,臺中市,南區,0,0,0,8,,,50,,,,,,,,,,,,,,,23,,,,,F03,,,8,,2,,,23,,1,5,,F03,120.706078,24.144417,3
2023,1,6,20,19,臺中市,豐原區,0,2,0,8,3,5,50,4,2,1,5,4,5,7,2,1,4,4,4,2,16,6,2,9,1,1,C03,7,5,1,10,2,11,,6,6,1,4,1,C03,120.720383,24.25913,2
2023,1,6,20,29,臺中市,北區,0,1,0,7,3,5,50,4,1,1,5,4,5,7,3,1,10,5,5,2,15,6,3,10,1,1,B03,7,9,1,8,2,5,,6,6,1,5,8,B03,120.697326,24.159886,2
2023,1,6,20,30,臺中市,北屯區,0,1,0,8,3,5,30,3,1,1,5,4,5,7,4,4,10,5,5,2,18,22,2,9,1,1,C03,7,9,1,10,2,11,,22,22,1,22,8,C03,120.669883,24.178988,2
2023,1,6,20,30,臺中市,西屯區,0,0,0,8,,,50,,,,,,,,,,,,,,,12,,,,,B03,,,1,,1,,,12,,1,22,,B03,120.608248,24.188992,3
2023,1,6,20,30,臺中市,西屯區,0,0,0,8,,,50,,,,,,,,,,,,,,,23,,,,,B03,,,1,,1,,,23,,1,22,,B03,120.628709,24.162945,3
2023,1,6,20,30,臺中市,西屯區,0,0,0,8,,,30,,,,,,,,,,,,,,,23,,,,,B03,,,1,,1,,,23,,1,22,,B03,120.631696,24.170736,3
2023,1,6,20,31,臺中市,烏日區,0,1,0,8,3,5,30,3,1,1,5,4,5,7,4,4,10,5,5,2,16,6,3,10,1,1,B03,7,5,1,8,2,8,,6,6,1,21,8,B03,120.641653,24.098146,2
2023,1,6,20,36,臺中市,烏日區,0,1,0,8,3,5,50,14,9,1,5,4,5,7,4,4,2,5,5,2,16,9,3,10,1,1,A21,7,6,1,1,2,5,,9,9,1,21,8,A21,120.609911,24.111966,2
2023,1,6,20,40,臺中市,沙鹿區,0,0,0,8,,,40,,,,,,,,,,,,,,,38,,,,,B12,,,1,,2,,,38,,1,5,,B12,120.566018,24.205013,3
2023,1,6,20,40,臺中市,梧棲區,0,1,0,8,1,5,50,14,8,1,5,4,5,7,4,4,8,4,4,2,17,10,3,10,3,4,B03,7,11,1,8,2,1,,10,10,1,22,8,B03,120.5309,24.255737,2
2023,1,6,20,41,臺中市,北屯區,0,1,0,8,3,5,50,4,1,1,5,4,5,7,2,1,10,5,5,2,15,25,3,10,1,1,B01,7,9,1,4,2,5,,25,25,1,21,8,B01,120.694194,24.171077,2
2023,1,6,20,45,臺中市,西屯區,0,0,0,8,,,40,,,,,,,,,,,,,,,43,,,,,B03,,,1,,2,,,43,,1,22,,B03,120.647652,24.174174,3
2023,1,6,20,50,臺中市,西屯區,0,0,0,8,,,50,,,,,,,,,,,,,,,23,,,,,C03,,,1,,1,,,23,,1,22,,C03,120.639781,24.159043,3
2023,1,6,21,0,臺中市,太平區,0,0,0,8,,,50,,,,,,,,,,,,,,,12,,,,,B03,,,1,,1,,,12,,1,21,,B03,120.708755,24.159166,3
2023,1,6,21,4,臺中市,大雅區,0,0,0,8,,,50,,,,,,,,,,,,,,,23,,,,,A12,,,1,,2,,,23,,1,22,,A12,120.62566,24.236841,3
2023,1,6,21,6,臺中市,西屯區,0,0,0,8,,,50,,,,,,,,,,,,,,,17,,,,,B03,,,1,,2,,,17,17,1,22,,B03,120.586663,24.176157,3
2023,1,6,21,11,臺中市,北區,0,1,0,8,3,5,50,4,2,1,5,4,5,7,1,1,1,5,5,2,13,23,2,8,1,1,C03,7,9,1,10,2,11,,23,23,1,22,8,C03,120.684959,24.159118,2
2023,1,6,21,13,臺中市,太平區,0,0,0,8,,,50,,,,,,,,,,,,,,,12,,,,,B03,,,1,,2,,,12,,1,5,,B03,120.716579,24.128012,3
2023,1,6,21,14,臺中市,南屯區,0,2,0,8,3,5,50,4,18,1,5,4,5,7,2,1,1,5,5,2,3,15,3,10,1,1,B12,7,5,1,8,2,8,,15,15,1,22,8,B12,120.646681,24.153613,2
2023,1,6,21,15,臺中市,西區,0,0,0,8,,,50,,,,,,,,,,,,,,,43,,,,,B03,,,1,,1,,,43,,1,22,,B03,120.661767,24.143504,3
2023,1,6,21,18,臺中市,霧峰區,0,0,0,8,,,60,,,,,,,,,,,,,,,6,,,,,B03,,,1,,2,,,6,,1,22,,B03,120.692012,24.043182,3
2023,1,6,21,20,臺中市,沙鹿區,0,0,0,8,,,60,,,,,,,,,,,,,,,16,,,,,B12,,,1,,2,,,16,,1,4,,B12,120.560952,24.209224,3
2023,1,6,21,25,臺中市,沙鹿區,0,1,0,8,3,5,40,14,8,1,5,4,5,7,1,1,1,3,1,1,14,12,3,10,1,1,B03,7,2,1,8,2,7,,12,12,1,10,9,B03,120.576659,24.225396,2
2023,1,6,21,30,臺中市,西屯區,0,0,0,8,,,30,,,,,,,,,,,,,,,12,,,,,C03,,,1,,1,,,12,,1,4,,C03,120.65379,24.159553,3
2023,1,6,21,38,臺中市,太平區,0,1,0,8,3,5,50,3,1,1,5,4,5,7,4,4,5,5,5,2,16,6,2,9,1,1,F01,7,5,8,20,1,16,,6,6,1,15,8,F01,120.710117,24.154703,2
2023,1,6,21,39,臺中市,西屯區,0,0,0,8,,,50,,,,,,,,,,,,,,,40,,,,,B03,,,1,,1,,,40,,1,22,,B03,120.650542,24.172407,3
2023,1,6,21,40,臺中市,西屯區,0,1,0,8,1,5,50,14,9,1,5,4,5,7,2,1,5,4,5,2,13,23,3,10,1,1,B03,7,9,1,8,2,1,,23,23,1,22,8,B03,120.615787,24.189068,2
2023,1,6,21,43,臺中市,西屯區,0,1,0,8,3,5,50,4,1,1,5,4,5,7,1,1,10,5,5,2,16,9,3,10,1,1,B03,7,6,1,8,2,2,,9,9,1,22,8,B03,120.632685,24.170271,2
2023,1,6,21,49,臺中市,太平區,0,2,0,8,3,5,50,3,2,1,5,4,5,7,4,4,5,5,5,1,16,42,2,9,1,1,C03,7,15,4,8,2,12,,42,42,1,5,8,C03,120.732504,24.137707,2
2023,1,6,21,52,臺中市,西區,0,1,0,8,3,5,40,14,7,1,5,4,5,7,4,4,1,4,4,2,12,7,2,9,1,1,C03,7,7,1,10,2,14,,7,7,1,5,8,C03,120.657277,24.135667,2
2023,1,6,21,52,臺中市,西屯區,0,0,0,8,3,5,40,14,8,1,5,4,5,7,4,4,1,4,4,2,13,21,3,10,1,1,B03,7,9,1,8,8,1,,21,21,1,22,8,B03,120.639204,24.166145,3
2023,1,6,22,2,臺中市,北屯區,0,0,0,8,,,50,,,,,,,,,,,,,,,43,,,,,,,,,,,,,43,43,1,,,,120.690707,24.173891,3
2023,1,6,22,17,臺中市,西屯區,0,0,0,8,,,50,,,,,,,,,,,,,,,42,,,,,B03,,,1,,1,,,42,,1,22,,B03,120.637711,24.180394,3
2023,1,6,22,19,臺中市,西屯區,0,1,0,8,1,5,40,3,1,1,5,4,5,7,1,1,4,3,4,2,16,8,2,9,1,1,C03,7,5,1,10,1,14,,8,8,1,22,8,C03,120.643134,24.178546,2
2023,1,6,22,20,臺中市,沙鹿區,0,0,0,8,,,30,,,,,,,,,,,,,,,18,,,,,B12,,,1,,1,,,18,,1,3,,B12,120.571306,24.235689,3
2023,1,6,22,26,臺中市,北屯區,0,0,0,8,,,50,,,,,,,,,,,,,,,23,,,,,B03,,,1,,2,,,23,,1,21,,B03,120.663501,24.190343,3
2023,1,6,22,30,臺中市,大里區,0,2,0,8,3,5,50,14,9,1,5,4,5,7,4,4,10,5,5,1,17,6,2,9,1,1,C03,7,11,1,10,2,11,,6,6,1,4,8,C03,120.698576,24.0896,2
2023,1,6,22,38,臺中市,東區,0,2,0,8,3,5,50,14,7,1,5,4,5,7,4,4,7,5,4,2,16,26,2,9,1,1,C03,7,9,1,10,2,11,,23,26,1,22,8,C03,120.707144,24.136338,2
2023,1,6,22,45,臺中市,北屯區,0,1,0,8,3,5,50,4,1,1,5,4,5,7,1,1,5,5,4,2,12,6,3,10,1,1,B03,7,6,1,8,2,2,,6,6,1,22,8,B03,120.694258,24.171813,2
2023,1,6,22,46,臺中市,西屯區,0,1,0,8,3,5,50,14,9,1,5,4,5,7,4,4,1,4,5,2,18,42,2,9,1,1,C03,7,9,1,10,2,14,,42,42,1,22,8,C03,120.612978,24.186948,2
2023,1,6,23,17,臺中市,后里區,0,2,0,8,3,5,50,3,1,1,5,4,5,7,4,4,1,4,5,1,16,6,2,8,1,1,B03,7,9,1,8,2,8,,6,6,1,21,8,B03,120.708396,24.326366,2
2023,1,6,23,19,臺中市,南區,0,2,0,8,3,5,50,14,9,1,5,4,5,7,4,4,5,5,5,2,3,51,2,9,4,5,H01,8,16,8,20,10,16,,51,51,1,3,5,H01,120.682868,24.129942,2
2023,1,6,23,20,臺中市,北區,0,1,0,8,3,5,50,4,2,1,5,4,5,7,1,1,5,5,5,2,17,19,3,10,1,1,C03,7,1,1,10,2,14,,19,19,1,5,8,C03,120.675059,24.161654,2
2023,1,6,23,33,臺中市,西屯區,0,0,0,8,,,60,,,,,,,,,,,,,,,7,,,,,B03,,,1,,1,,,7,,1,22,,B03,120.636439,24.160617,3
2023,1,6,23,34,臺中市,西屯區,0,1,0,8,3,5,50,4,1,1,5,4,5,7,3,1,10,5,5,2,15,6,3,10,1,1,B03,7,9,1,8,2,8,,6,6,1,21,8,B03,120.624861,24.180798,2
2023,1,6,23,39,臺中市,西區,0,1,0,8,3,5,50,4,1,1,5,4,5,7,1,1,10,5,5,2,15,25,2,8,1,1,C03,7,9,1,9,2,11,,25,25,1,22,9,C03,120.670255,24.146337,2
2023,1,6,23,41,臺中市,潭子區,0,0,0,8,,,50,,,,,,,,,,,,,,,23,,,,,B03,,,1,,2,,,23,,1,22,,B03,120.67978,24.206754,3
2023,1,6,23,41,臺中市,西屯區,0,1,0,8,3,5,35,4,1,1,5,4,5,7,4,4,10,5,5,2,18,42,2,8,1,1,C03,7,5,1,10,2,14,,42,42,1,18,8,C03,120.629134,24.17242,2
2023,1,7,1,4,臺中市,中區,0,1,0,8,3,5,50,4,1,1,5,4,5,7,3,1,10,5,5,2,15,6,2,8,1,1,C03,7,9,1,10,2,14,,6,6,1,22,8,C03,120.676532,24.142247,2
2023,1,7,1,30,臺中市,西屯區,0,1,0,8,3,5,50,4,1,1,5,4,5,7,4,4,10,5,5,2,18,42,2,8,1,1,C03,7,12,1,10,2,12,,42,42,1,18,8,C03,120.646358,24.171473,2
2023,1,7,1,32,臺中市,西屯區,0,0,0,8,,,50,,,,,,,,,,,,,,,7,,,,,B03,,,1,,2,,,7,,1,22,,B03,120.656725,24.16337,3
2023,1,7,1,33,臺中市,西屯區,0,1,0,8,3,5,50,4,1,1,5,4,5,7,3,1,10,5,5,2,15,6,3,10,1,1,B03,7,9,1,8,2,8,,6,6,1,21,8,B03,120.633943,24.167176,2
2023,1,7,1,37,臺中市,西屯區,0,2,0,8,3,5,50,4,1,1,5,4,5,7,1,1,10,5,5,2,13,16,2,9,1,4,C03,7,9,1,10,2,11,,16,16,1,22,8,C03,120.645545,24.172416,2
2023,1,7,1,55,臺中市,太平區,0,0,0,8,,,30,,,,,,,,,,,,,,,40,,,,,B02,,,1,,1,,,40,40,1,21,,B02,120.701452,24.149102,3
2023,1,7,2,58,臺中市,南屯區,0,1,0,8,3,5,40,14,8,1,5,4,5,7,4,4,1,3,1,2,16,23,2,9,1,1,C03,7,9,1,10,2,12,14,23,23,1,22,8,C03,120.622888,24.146831,2
2023,1,7,4,5,臺中市,沙鹿區,0,2,0,7,3,5,50,4,2,1,5,4,5,7,4,4,8,3,4,1,17,23,2,9,3,4,C03,7,5,1,10,9,11,,23,23,1,22,8,C03,120.582344,24.221941,2
2023,1,7,6,16,臺中市,豐原區,0,2,0,8,2,5,50,3,1,1,5,4,5,7,1,1,10,5,5,2,17,23,2,9,1,1,C03,7,9,1,10,2,11,,23,23,1,21,8,C03,120.714402,24.245084,2
2023,1,7,6,26,臺中市,南區,0,0,0,8,,,50,,,,,,,,,,,,,,,23,,,,,B03,,,1,8,2,,,23,23,1,21,,B03,120.676069,24.124925,3
2023,1,7,6,26,臺中市,梧棲區,0,0,0,8,,,50,,,,,,,,,,,,,,,22,,,,,B03,,,1,,2,,,22,,1,5,,B03,120.532281,24.261391,3
2023,1,7,6,33,臺中市,沙鹿區,0,0,0,8,,,70,,,,,,,,,,,,,,,2,,,,,B03,,,1,,2,,,2,,1,2,,B03,120.615153,24.244036,3
2023,1,7,6,41,臺中市,新社區,0,1,0,8,1,5,50,4,1,1,5,4,5,7,4,4,10,5,5,2,17,19,2,9,3,4,C03,7,1,4,8,2,11,,19,19,1,22,8,C03,120.793576,24.221897,2
2023,1,7,6,50,臺中市,西屯區,0,1,0,8,1,5,50,14,9,1,5,4,5,7,4,4,5,5,5,2,16,10,2,8,1,1,C03,7,11,1,10,1,14,,10,10,1,22,8,C03,120.650787,24.167115,2
2023,1,7,7,0,臺中市,大雅區,0,1,0,8,1,5,50,3,1,1,5,4,5,7,1,1,10,4,5,1,13,16,2,9,1,1,C03,7,9,1,10,2,11,,16,16,1,22,9,C03,120.66159,24.219813,2
2023,1,7,7,0,臺中市,南屯區,0,1,0,8,1,5,50,14,9,1,5,4,5,7,4,4,5,5,5,2,15,6,3,10,1,1,B03,7,9,1,8,2,8,,6,6,1,5,8,B03,120.647775,24.1426,2