年,月,日,時,分,縣市,區,死,受傷,2-30,天候,光線,道路類別,速限,道路型態,事故位置,路面鋪裝,路面狀態,路面缺陷,障礙物,視距,號誌種類,號誌動作,分向設施,快車道或一般車道間,快慢車道間,路面邊線,事故類型及型態,主要肇因,受傷程度,主要傷處,保護裝備,行動電話,當事者區分,車輛用途,當事者行動狀態,駕駛資格情形,駕駛執照種類,飲酒情形,車輛撞擊部位最初,車輛撞擊部位其他,肇事因素個別,肇事因素主要,肇事逃逸,職業,旅次目的,車種,GPS緯度,GPS經度,事故類別
2023,1,7,7,0,臺中市,神岡區,0,0,0,8,,,50,,,,,,,,,,,,,,,23,,,,,B03,,,1,,1,,,23,,1,22,,B03,120.679847,24.240012,4
2023,1,7,7,10,臺中市,潭子區,0,1,0,8,1,5,50,3,1,1,5,4,5,7,1,1,10,5,5,2,13,23,3,10,1,1,B03,7,9,1,8,2,1,,23,23,1,22,8,B03,120.69474,24.224513,2
2023,1,7,7,11,臺中市,豐原區,0,0,0,8,,,50,,,,,,,,,,,,,,,38,,,,,B03,,,1,,1,,,38,,1,22,,B03,120.726781,24.238391,4
2023,1,7,7,21,臺中市,太平區,0,2,0,8,1,5,50,4,1,1,5,4,5,7,1,1,10,5,5,2,16,6,3,10,1,1,B03,7,5,1,8,1,6,,6,6,1,21,8,B03,120.713563,24.141312,2
2023,1,7,7,22,臺中市,大里區,0,1,0,8,1,5,50,4,2,1,5,4,5,7,1,1,10,5,5,1,16,8,2,9,1,1,C03,7,5,1,10,2,14,,8,8,1,5,8,C03,120.689605,24.106404,2
2023,1,7,7,25,臺中市,南區,0,0,0,,,,50,,,,,,,,,,,,,,,26,,,,,B03,,,1,,2,,,26,,1,22,,B03,120.668686,24.128794,3
2023,1,7,7,25,臺中市,大里區,0,0,0,8,,,50,,,,,,,,,,,,,,,42,,,,,B03,,,1,,2,,,42,,1,22,,B03,120.679553,24.095686,3
2023,1,7,7,28,臺中市,西屯區,0,1,0,8,1,5,50,4,9,1,5,4,5,7,1,1,1,4,1,2,13,16,3,10,3,4,B03,7,9,1,8,2,1,,16,16,1,22,8,B03,120.664097,24.17259,2
2023,1,7,7,30,臺中市,龍井區,0,0,0,8,,,60,,,,,,,,,,,,,,,43,,,,,B03,,,1,,1,,,43,,1,12,,B03,120.516903,24.198095,3
2023,1,7,7,32,臺中市,北屯區,0,1,0,8,1,5,50,3,1,1,5,4,5,7,1,1,10,5,5,2,16,6,3,10,1,1,B12,7,6,1,8,2,6,,6,6,1,5,8,B12,120.710101,24.165053,2
2023,1,7,7,33,臺中市,西屯區,0,4,0,8,1,5,50,3,1,1,5,4,5,7,4,4,1,4,5,1,17,16,2,9,1,1,C03,7,9,1,10,2,11,,16,16,1,1,9,C03,120.650297,24.163835,2
2023,1,7,7,33,臺中市,沙鹿區,0,0,0,8,,,30,,,,,,,,,,,,,,,26,,,,,B03,,,1,,2,,,26,,1,11,,B03,120.563855,24.235726,3
2023,1,7,7,35,臺中市,大里區,0,0,0,8,,,40,,,,,,,,,,,,,,,7,,,,,B03,,,1,,2,,,7,,1,22,,B03,120.700036,24.11521,3
2023,1,7,7,36,臺中市,西屯區,0,1,0,8,1,5,50,4,1,1,5,4,5,7,1,1,1,4,5,2,17,43,2,9,1,1,C03,7,9,1,10,2,15,,43,43,1,22,8,C03,120.652231,24.166255,2
2023,1,7,7,39,臺中市,豐原區,0,1,0,8,1,5,60,11,9,1,5,4,5,7,4,4,8,3,5,1,17,23,3,10,1,1,B03,7,13,1,8,2,15,,40,23,1,22,5,B03,120.703435,24.253121,2
2023,1,7,7,45,臺中市,西屯區,0,1,0,8,1,5,30,14,9,1,5,4,5,7,4,4,10,5,5,2,17,23,2,9,1,4,C03,7,9,1,10,2,11,,23,23,1,4,8,C03,120.649993,24.160297,2
2023,1,7,7,45,臺中市,龍井區,0,1,0,8,1,5,30,14,9,1,5,4,5,7,4,4,10,5,5,2,16,19,2,9,1,1,C03,7,1,1,10,2,11,,19,19,1,22,9,C03,120.590851,24.182454,2
2023,1,7,7,47,臺中市,西區,0,0,0,,,,50,,,,,,,,,,,,,,,43,,,,,B03,,,1,,1,,,43,,1,20,,B03,120.660455,24.156501,3
2023,1,7,7,48,臺中市,中區,0,0,0,,,,50,,,,,,,,,,,,,,,6,,,,,B03,,,1,,2,,,6,6,1,5,,B03,120.681345,24.142198,3
2023,1,7,7,48,臺中市,西屯區,0,0,0,8,,,50,,,,,,,,,,,,,,,9,,,,,B03,,,1,,1,,,9,,1,22,,B03,120.611832,24.193146,3
2023,1,7,7,50,臺中市,西區,0,1,0,8,1,5,40,14,8,1,5,4,5,7,4,4,4,4,4,2,17,40,3,10,1,1,B03,7,15,1,8,2,2,,40,40,1,22,8,B03,120.66588,24.151902,2
2023,1,7,7,50,臺中市,南屯區,0,1,0,8,1,5,50,4,1,1,5,4,5,7,2,1,10,5,5,2,16,6,3,10,1,1,B03,7,5,1,8,2,2,,6,6,1,22,8,B03,120.649871,24.144947,2
2023,1,7,7,54,臺中市,西屯區,0,2,0,8,1,5,50,4,1,1,5,4,5,7,2,1,10,5,5,2,13,16,2,9,1,1,C03,7,9,1,10,2,11,,16,16,1,22,8,C03,120.63834,24.203176,2
2023,1,7,7,54,臺中市,神岡區,0,1,0,8,1,5,50,15,9,1,5,4,5,7,4,4,7,5,5,1,17,19,3,10,1,1,A12,7,1,1,7,2,4,,19,19,1,22,1,A12,120.685219,24.258858,2
2023,1,7,7,56,臺中市,大雅區,0,2,0,8,1,5,30,4,1,1,5,4,5,7,3,1,10,5,5,1,15,6,2,9,1,1,C03,7,9,1,10,2,14,,6,6,1,21,8,C03,120.630965,24.220085,2
2023,1,7,8,2,臺中市,西區,0,0,0,8,,,50,,,,,,,,,,,,,,,23,,,,,B03,,,1,,1,,,23,,1,21,,B03,120.657262,24.140026,4
2023,1,7,8,2,臺中市,北區,0,0,0,8,,,50,,,,,,,,,,,,,,,16,,,,,C03,,,1,,1,,,16,,1,22,,C03,120.672139,24.171275,3
2023,1,7,8,2,臺中市,北屯區,0,0,0,8,,,50,,,,,,,,,,,,,,,25,,,,,B03,,,1,,2,,,25,,1,5,,B03,120.690581,24.192763,3
2023,1,7,8,6,臺中市,北區,0,1,0,8,1,5,50,4,1,1,5,4,5,7,4,4,10,5,5,2,15,6,3,10,1,1,B03,7,9,1,8,2,1,,6,6,1,22,9,B03,120.680467,24.154684,2
2023,1,7,8,9,臺中市,西屯區,0,1,0,8,1,5,50,4,1,1,5,4,5,7,1,2,1,4,5,2,15,6,2,8,3,4,B03,7,9,1,8,2,1,,6,6,1,22,8,B03,120.648857,24.194084,2
2023,1,7,8,9,臺中市,龍井區,0,0,0,,,,50,,,,,,,,,,,,,,,12,,,,,C03,,,1,,9,,,12,,1,22,,C03,120.582136,24.177268,3
2023,1,7,8,15,臺中市,北屯區,0,0,0,8,,,50,,,,,,,,,,,,,,,16,,,,,B03,,,1,,1,,,16,16,1,5,,B03,120.685795,24.179698,3
2023,1,7,8,15,臺中市,太平區,0,1,0,8,1,5,50,3,2,1,5,4,5,7,4,4,5,5,5,1,16,26,3,10,1,1,B03,7,11,1,8,2,7,,26,26,1,9,5,B03,120.73431,24.14418,2
2023,1,7,8,16,臺中市,太平區,0,0,0,8,,,50,,,,,,,,,,,,,,,16,,,,,C03,,,1,,2,,,16,,1,21,,C03,120.714804,24.120826,3
2023,1,7,8,17,臺中市,龍井區,0,1,0,8,1,5,30,3,1,1,5,4,5,7,4,4,10,5,5,2,16,6,3,10,1,1,B03,7,5,1,8,2,5,,6,6,1,12,8,B03,120.547078,24.197934,2
2023,1,7,8,20,臺中市,東區,0,0,0,8,1,5,50,14,7,1,5,4,5,7,4,4,5,4,5,2,13,23,3,10,1,1,B03,7,9,1,8,2,1,,23,23,1,22,8,B03,120.699216,24.147489,3
2023,1,7,8,20,臺中市,大甲區,0,4,0,8,1,5,50,4,1,1,5,4,5,7,4,4,10,5,5,2,15,6,2,9,1,1,B03,7,9,1,8,2,5,,6,6,1,21,8,B03,120.626373,24.37496,2
2023,1,7,8,24,臺中市,北屯區,0,1,0,8,1,5,50,4,1,1,5,4,5,7,2,1,10,5,5,2,16,6,3,10,1,1,B03,7,6,1,8,2,5,,6,6,1,22,8,B03,120.70426,24.164981,2
2023,1,7,8,25,臺中市,大雅區,0,1,0,8,1,5,50,4,9,1,5,4,5,7,2,1,10,4,5,1,12,1,3,10,1,1,C04,7,4,1,10,2,12,,1,1,1,22,9,C04,120.645429,24.221915,2
2023,1,7,8,25,臺中市,西區,0,1,0,8,1,5,50,4,1,1,5,4,5,7,4,4,10,5,5,2,15,6,2,9,1,1,C03,7,9,1,10,2,12,,6,6,1,5,5,C03,120.658823,24.141264,2
2023,1,7,8,25,臺中市,后里區,0,1,0,8,1,5,50,3,1,1,5,4,5,7,4,4,10,5,5,2,16,8,3,10,1,1,B03,7,5,1,8,2,4,,8,8,1,21,1,B03,120.694288,24.309345,2
2023,1,7,8,27,臺中市,潭子區,0,1,0,8,1,5,50,14,7,1,5,4,5,7,4,4,9,4,4,2,17,16,2,9,1,1,C03,7,12,1,10,2,11,,16,16,1,22,8,C03,120.68785,24.210416,2
2023,1,7,8,28,臺中市,神岡區,0,1,0,8,1,5,50,14,9,5,5,4,5,7,4,4,10,5,5,2,16,19,3,10,1,1,B12,7,1,1,8,2,8,,19,19,1,22,4,B12,120.66693,24.257586,2
2023,1,7,8,30,臺中市,和平區,0,0,0,8,,,50,,,,,,,,,,,,,,,42,,,,,B03,,,2,,1,,,42,42,1,22,,B03,120.938708,24.172952,3
2023,1,7,8,32,臺中市,南屯區,0,2,0,8,1,5,50,14,9,1,5,4,5,7,4,4,10,5,5,2,16,16,2,9,1,4,C03,7,9,1,8,2,11,,16,16,1,22,8,C03,120.646688,24.128415,2
2023,1,7,8,42,臺中市,大里區,0,1,0,8,1,5,40,14,7,1,5,4,5,7,4,4,5,4,4,1,17,23,2,9,3,4,C03,7,9,1,10,2,11,,23,23,1,20,8,C03,120.72889,24.096291,2
2023,1,7,8,46,臺中市,南屯區,0,2,0,8,1,5,50,4,1,1,5,4,5,7,2,1,5,4,5,2,11,6,2,9,3,4,C03,7,5,1,10,2,11,,6,6,1,4,9,C03,120.653005,24.135752,2
2023,1,7,8,48,臺中市,南屯區,0,2,0,8,1,5,50,14,9,1,5,4,5,7,1,1,1,4,5,2,18,43,2,9,1,1,C03,7,9,1,10,2,14,,43,43,1,5,8,C03,120.646802,24.146809,2
2023,1,7,8,48,臺中市,大里區,0,2,0,8,1,5,40,4,1,1,5,4,5,7,1,1,10,5,5,1,15,25,2,9,1,1,C03,7,9,1,10,2,11,,25,25,1,19,8,C03,120.692738,24.121515,2
2023,1,7,8,51,臺中市,西屯區,0,0,0,8,,,60,,,,,,,,,,,,,,,23,,,,,B03,,,1,,1,,,23,,1,22,,B03,120.629195,24.163041,3
2023,1,7,8,53,臺中市,西屯區,0,2,0,8,1,5,40,4,1,1,5,4,5,7,1,1,1,4,1,1,17,23,2,9,1,4,C03,7,9,1,10,2,11,,23,23,1,4,8,C03,120.657608,24.15793,2
2023,1,7,8,55,臺中市,北區,0,1,0,8,1,5,50,5,1,1,5,4,5,7,2,1,2,5,5,2,16,26,3,10,1,1,C03,7,5,1,10,2,14,,26,26,1,21,8,C03,120.686252,24.15482,2
2023,1,7,8,58,臺中市,大里區,0,1,0,8,1,5,40,4,13,1,5,4,5,7,1,1,10,5,5,1,12,23,2,9,1,1,C03,7,9,1,10,2,12,,23,23,1,5,8,C03,120.679753,24.104568,2
2023,1,7,8,59,臺中市,南屯區,0,1,0,8,1,5,40,3,2,1,5,4,5,7,4,4,5,5,4,2,17,21,2,9,1,1,C03,7,9,1,10,7,11,,21,21,1,22,8,C03,120.654375,24.135899,2
2023,1,7,9,1,臺中市,沙鹿區,0,0,0,,,,50,,,,,,,,,,,,,,,12,,,,,B03,,,1,,1,,,12,,1,22,,B03,120.569663,24.224008,3
2023,1,7,9,5,臺中市,梧棲區,0,0,0,8,,,30,,,,,,,,,,,,,,,19,,,,,A41,,,1,,2,,,19,,1,10,,A41,120.540313,24.260271,4
2023,1,7,9,6,臺中市,南屯區,0,1,0,8,1,5,50,5,1,1,5,4,5,7,1,1,10,5,5,2,16,23,3,10,3,4,B03,7,9,1,10,2,5,,23,23,1,22,8,B03,120.646915,24.142406,2
2023,1,7,9,6,臺中市,神岡區,0,0,0,8,,,50,,,,,,,,,,,,,,,17,,,,,A02,,,1,,2,,,17,17,2,10,,A02,120.642564,24.25155,3
2023,1,7,9,8,臺中市,沙鹿區,0,1,0,8,1,5,50,14,7,1,5,4,5,7,1,1,3,4,4,2,16,40,3,10,1,1,B03,7,15,1,8,2,4,,40,40,1,22,9,B03,120.559695,24.23429,2
2023,1,7,9,10,臺中市,豐原區,0,0,0,8,,,30,,,,,,,,,,,,,,,12,,,,,B12,,,1,,2,,,12,,1,22,,B12,120.69955,24.24513,3
2023,1,7,9,13,臺中市,大里區,0,0,0,8,,,50,,,,,,,,,,,,,,,23,,,,,B03,,,1,,2,,,23,23,1,3,,B03,120.691223,24.091811,3
2023,1,7,9,18,臺中市,大雅區,0,0,0,8,,,30,,,,,,,,,,,,,,,17,,,,,B03,,,1,,2,,,17,17,1,22,,B03,120.622469,24.235415,3
2023,1,7,9,19,臺中市,南屯區,0,1,0,8,1,5,50,4,1,1,5,4,5,7,4,4,5,5,5,2,16,6,2,9,3,4,C03,7,5,1,10,2,11,,6,6,1,4,9,C03,120.653016,24.139489,2
2023,1,7,9,25,臺中市,北區,0,0,0,8,,,50,,,,,,,,,,,,,,,16,,,,,B03,,,1,,1,,,16,,1,22,,B03,120.685152,24.165997,3
2023,1,7,9,25,臺中市,北屯區,0,1,0,8,1,5,50,14,7,1,5,4,5,7,4,4,9,5,4,2,13,23,2,9,1,1,C03,7,9,1,10,2,11,,23,23,1,22,8,C03,120.661044,24.194055,2
2023,1,7,9,40,臺中市,西屯區,0,1,0,8,1,5,50,3,1,1,5,4,5,7,3,1,5,4,4,2,15,6,2,3,1,1,B03,7,9,1,8,2,1,,6,6,1,22,9,B03,120.645311,24.192819,2
2023,1,7,9,41,臺中市,南區,0,1,0,8,1,5,50,11,9,1,5,4,5,7,4,4,5,5,5,2,26,23,2,7,1,1,C03,7,9,1,10,2,12,,23,23,1,5,8,C03,120.66174,24.111003,2
2023,1,7,9,42,臺中市,梧棲區,0,1,0,8,1,5,50,4,1,1,5,4,5,7,3,1,10,5,5,2,1,6,3,10,1,1,B03,7,5,1,8,2,5,,6,6,1,3,8,B03,120.540725,24.259851,2
2023,1,7,9,45,臺中市,大甲區,0,1,0,8,1,5,30,3,1,1,5,4,5,7,4,4,10,5,5,2,16,6,2,9,1,1,C03,7,9,1,10,2,14,,6,6,1,21,8,C03,120.645525,24.3557,2
2023,1,7,9,49,臺中市,南屯區,0,0,0,8,1,5,50,14,9,1,5,4,5,7,4,4,5,5,5,2,13,23,3,10,1,1,C03,7,9,1,10,1,11,,23,23,1,5,8,C03,120.638989,24.139441,3
2023,1,7,9,49,臺中市,烏日區,0,1,0,8,1,5,1,14,7,1,5,4,5,7,4,4,10,4,4,2,10,4,2,9,1,1,C03,7,9,1,10,2,11,,4,4,1,16,8,C03,120.623078,24.110727,2
2023,1,7,9,50,臺中市,大里區,0,1,0,8,1,5,50,5,1,1,5,4,5,7,1,1,10,5,5,2,16,6,3,10,1,1,B03,7,6,1,8,2,5,,6,6,1,18,8,B03,120.715592,24.09443,2
2023,1,7,9,52,臺中市,外埔區,0,0,0,8,,,30,,,,,,,,,,,,,,,12,,,,,B03,,,1,,2,,,12,12,1,21,,B03,120.657625,24.328503,3
2023,1,7,9,56,臺中市,太平區,0,1,0,8,1,5,50,4,1,1,5,4,5,7,2,1,10,5,5,2,16,25,2,9,1,1,C03,7,6,1,10,2,14,,25,25,1,5,1,C03,120.717909,24.128778,2
2023,1,7,9,59,臺中市,大里區,0,1,0,8,1,5,30,5,1,1,5,4,5,7,1,1,10,5,5,2,15,25,2,9,1,1,C03,7,9,1,10,2,11,,25,25,1,22,7,C03,120.69004,24.113023,2
2023,1,7,10,0,臺中市,大肚區,0,0,0,,,,40,,,,,,,,,,,,,,,12,,,,,B03,,,1,,2,,,12,,1,4,,B03,120.544819,24.155905,3
2023,1,7,10,2,臺中市,北屯區,0,0,0,8,,,40,,,,,,,,,,,,,,,67,,,,,,,,,,,,,67,,1,,,,120.686133,24.179833,4
2023,1,7,10,4,臺中市,西區,0,2,0,8,1,5,50,4,1,1,5,4,5,7,4,4,5,5,5,2,15,6,2,9,1,1,C03,7,9,1,10,2,11,,6,6,1,22,8,C03,120.676108,24.137111,2
2023,1,7,10,5,臺中市,豐原區,0,0,0,8,,,60,,,,,,,,,,,,,,,17,,,,,B12,,,1,,2,,,17,,1,22,,B12,120.70323,24.245244,3
2023,1,7,10,13,臺中市,西屯區,0,0,0,8,,,50,,,,,,,,,,,,,,,44,,,,,B03,,,1,,1,,,44,44,1,22,,B03,120.655358,24.200377,3
2023,1,7,10,17,臺中市,南區,0,1,0,8,1,5,30,3,2,1,5,4,5,7,4,4,10,5,5,2,18,42,2,1,2,1,C03,7,5,1,10,2,12,,42,42,1,21,8,C03,120.661496,24.117763,2
2023,1,7,10,17,臺中市,大甲區,0,2,0,8,1,5,50,14,9,1,5,4,5,7,4,4,5,5,4,2,17,16,2,9,1,1,C03,7,9,1,10,2,12,,16,23,1,21,8,C03,120.627528,24.345969,2
2023,1,7,10,20,臺中市,烏日區,0,2,0,8,1,5,50,4,1,1,5,4,5,7,1,1,9,5,5,1,16,9,3,10,1,1,B12,7,6,1,8,2,6,,9,9,1,4,4,B12,120.64545,24.057853,2
2023,1,7,10,25,臺中市,西屯區,0,0,0,8,,,50,,,,,,,,,,,,,,,23,,,,,B03,,,1,,2,,,23,,1,22,,B03,120.649166,24.168483,3
2023,1,7,10,28,臺中市,烏日區,0,1,0,8,1,5,50,3,2,1,5,4,5,7,1,1,5,4,4,2,13,23,3,10,1,1,B03,7,9,1,8,2,1,,23,23,1,21,8,B03,120.63897,24.10463,2
2023,1,7,10,30,臺中市,大安區,0,0,0,,,,30,,,,,,,,,,,,,,,23,,,,,B12,,,1,,2,,,23,,1,4,,B12,120.587607,24.364457,3
2023,1,7,10,31,臺中市,烏日區,0,0,0,8,1,5,70,14,7,1,5,4,5,7,4,4,1,4,4,1,13,23,,,,,B03,,,1,,2,,,23,,1,22,,B03,120.592175,24.11334,3
2023,1,7,10,32,臺中市,大里區,0,3,0,8,1,5,50,4,1,1,5,4,5,7,1,1,10,5,5,1,15,25,2,9,1,1,A12,7,9,1,7,2,1,,25,25,1,5,8,A12,120.664086,24.086741,2
2023,1,7,10,34,臺中市,西屯區,0,0,0,8,,,50,,,,,,,,,,,,,,,42,,,,,B03,,,1,,1,,,42,,1,1,,B03,120.645144,24.177268,3
2023,1,7,10,36,臺中市,南屯區,0,0,0,8,,,50,,,,,,,,,,,,,,,12,,,,,B03,,,1,,2,,,12,,1,22,,B03,120.624281,24.146571,3
2023,1,7,10,38,臺中市,清水區,0,0,0,8,,,50,,,,,,,,,,,,,,,25,,,,,B03,,,1,,2,,,25,25,1,21,,B03,120.568088,24.271741,3
2023,1,7,10,38,臺中市,神岡區,0,2,0,8,1,5,50,14,7,1,5,4,5,5,4,4,7,5,4,2,3,44,2,9,1,1,C03,7,9,1,10,2,12,,44,44,1,22,9,C03,120.656265,24.253893,2
2023,1,7,10,39,臺中市,太平區,0,0,0,8,,,50,,,,,,,,,,,,,,,6,,,,,C03,,,1,,2,,,6,,1,21,,C03,120.725699,24.128667,3
2023,1,7,10,47,臺中市,大甲區,0,2,0,8,1,5,50,4,2,1,5,4,5,7,3,1,5,5,5,1,13,23,3,10,1,1,C03,7,9,1,10,2,11,,23,23,1,10,4,C03,120.624796,24.346277,2
2023,1,7,10,49,臺中市,北區,0,1,0,8,1,5,50,4,1,1,5,4,5,7,1,1,10,5,5,2,16,6,3,10,1,1,B03,7,5,1,8,2,1,,6,6,1,22,9,B03,120.684971,24.163899,2
2023,1,7,10,53,臺中市,西屯區,0,1,0,8,1,5,40,14,8,1,5,4,5,7,4,4,1,3,1,1,16,42,2,7,1,4,C03,7,7,1,10,2,12,,42,7,1,4,8,C03,120.630506,24.167195,2
2023,1,7,10,55,臺中市,西屯區,0,1,0,8,1,5,30,4,1,1,5,4,5,7,4,4,10,5,5,2,16,6,3,10,1,1,C03,7,9,1,10,1,12,,6,6,1,22,8,C03,120.628783,24.162648,2
2023,1,7,11,3,臺中市,神岡區,0,1,0,8,1,5,50,14,9,1,5,4,5,7,1,1,1,4,5,1,12,17,2,9,1,1,C03,7,9,6,18,2,14,,17,17,1,22,8,C03,120.69276,24.248349,2
2023,1,7,11,3,臺中市,豐原區,0,1,0,8,1,5,50,3,1,1,5,4,5,7,4,4,10,5,5,2,16,7,2,9,1,1,C03,7,7,1,10,2,14,,7,7,1,22,8,C03,120.715413,24.251831,2
2023,1,7,11,5,臺中市,清水區,0,1,0,8,1,5,50,4,1,1,5,4,5,7,1,1,1,4,4,1,15,25,2,9,1,1,C03,7,9,1,10,2,12,,25,25,1,22,8,C03,120.576084,24.270913,2
2023,1,7,11,6,臺中市,北屯區,0,1,0,8,1,5,80,10,9,1,5,4,5,7,4,4,1,3,5,1,13,23,2,3,1,1,B12,7,9,1,8,2,1,,23,23,1,22,8,B12,120.71894,24.163355,2
2023,1,7,11,7,臺中市,外埔區,0,1,0,8,1,5,50,14,9,1,5,4,5,7,4,4,1,5,5,1,18,48,2,9,1,1,C03,7,9,1,10,2,13,,48,48,1,5,4,C03,120.620641,24.329436,2
2023,1,7,11,9,臺中市,北屯區,0,0,0,8,,,80,,,,,,,,,,,,,,,7,,,,,B03,,,1,,1,,,7,,1,22,,B03,120.720786,24.169758,3
2023,1,7,11,9,臺中市,大里區,0,0,0,8,,,60,,,,,,,,,,,,,,,23,,,,,B03,,,1,,2,,,23,,1,5,,B03,120.690428,24.101016,3
2023,1,7,11,10,臺中市,豐原區,0,0,0,8,,,50,,,,,,,,,,,,,,,17,,,,,B03,,,1,,2,,,17,,1,22,,B03,120.716199,24.249464,4
2023,1,7,11,17,臺中市,西區,0,0,0,8,,,50,,,,,,,,,,,,,,,7,,,,,B03,,,1,8,1,,,7,7,1,22,,B03,120.652997,24.146726,3
2023,1,7,11,20,臺中市,霧峰區,0,1,0,8,1,5,30,14,9,1,5,4,5,7,4,4,10,5,5,1,17,19,3,10,3,4,B03,7,1,1,8,2,1,,19,19,1,12,8,B03,120.681393,24.023398,2
2023,1,7,11,20,臺中市,大甲區,0,0,0,8,1,5,40,14,9,1,4,4,5,7,4,4,4,1,5,1,12,18,3,10,3,4,B03,,,1,,2,,,18,18,1,21,,B03,120.623323,24.344219,3
2023,1,7,11,22,臺中市,南屯區,0,1,0,8,1,5,50,4,1,1,5,4,5,7,1,1,10,5,5,2,16,6,3,10,1,1,B03,7,5,3,18,2,2,,6,6,1,22,8,B03,120.611003,24.145837,2
2023,1,7,11,23,臺中市,大里區,0,1,0,8,1,5,50,14,9,1,5,4,5,7,4,4,9,4,5,1,17,23,2,9,1,1,C03,7,9,1,10,2,15,,23,23,1,3,8,C03,120.694415,24.095445,2
2023,1,7,11,23,臺中市,梧棲區,0,2,0,8,1,5,30,4,1,1,5,4,5,7,4,4,10,5,5,2,15,6,2,9,1,1,C03,7,9,1,10,2,12,,6,6,1,9,8,C03,120.536292,24.237226,2
2023,1,7,11,25,臺中市,潭子區,0,1,0,8,1,5,40,3,2,1,5,4,5,7,4,4,5,4,4,2,17,10,2,9,1,1,C03,7,11,1,10,2,14,,10,26,1,22,8,C03,120.708069,24.231275,2
2023,1,7,11,25,臺中市,西屯區,0,0,0,8,,,50,,,,,,,,,,,,,,,23,,,,,B03,,,1,,1,,,23,,1,22,,B03,120.638355,24.181655,3
2023,1,7,11,29,臺中市,東區,0,1,0,8,1,5,50,4,1,1,5,4,5,7,1,1,10,5,5,2,18,23,2,9,1,1,C03,7,9,1,10,2,14,,23,23,1,5,8,C03,120.700956,24.144645,2
2023,1,7,11,30,臺中市,北區,0,0,0,8,,,50,,,,,,,,,,,,,,,7,,,,,B03,,,1,,1,,,7,,1,21,,B03,120.685456,24.163099,3
2023,1,7,11,30,臺中市,南屯區,0,0,0,8,1,5,50,14,7,1,5,4,5,7,1,1,5,5,4,2,13,23,3,10,1,1,B02,7,9,1,8,2,1,,23,23,1,5,1,B02,120.61532,24.149035,3
2023,1,7,11,31,臺中市,沙鹿區,0,1,0,8,1,5,50,4,4,1,5,4,5,7,1,1,1,4,5,2,13,16,2,8,1,1,C03,7,9,1,10,2,11,,16,16,1,18,5,C03,120.558657,24.233557,2
2023,1,7,11,32,臺中市,沙鹿區,0,0,0,8,,,50,,,,,,,,,,,,,,,6,,,,,B03,,,1,,2,,,6,,1,22,,B03,120.564418,24.241791,3
2023,1,7,11,32,臺中市,新社區,0,1,0,8,1,5,30,14,9,1,5,4,5,7,4,4,10,5,5,2,19,42,2,9,1,1,C03,7,9,1,10,2,11,,42,42,1,5,8,C03,120.805259,24.260384,2
2023,1,7,11,35,臺中市,沙鹿區,0,1,0,8,1,5,50,4,2,1,5,4,5,7,1,1,3,3,3,1,17,42,3,10,3,4,C03,7,6,1,10,2,14,,42,42,1,22,8,C03,120.569197,24.223349,2
2023,1,7,11,36,臺中市,烏日區,0,0,0,8,,,60,,,,,,,,,,,,,,,7,,,,,B03,,,1,,2,,,7,7,1,21,,B03,120.646139,24.068665,3
2023,1,7,11,37,臺中市,南區,0,0,0,,,,50,,,,,,,,,,,,,,,43,,,,,C03,,,1,,2,,,43,,1,22,,C03,120.650549,24.120424,3
2023,1,7,11,38,臺中市,西區,0,0,0,,,,50,,,,,,,,,,,,,,,23,,,,,B03,,,1,,1,,,23,,1,21,,B03,120.651435,24.14643,3
2023,1,7,11,44,臺中市,北屯區,0,0,0,8,,,30,,,,,,,,,,,,,,,12,,,,,A12,,,1,,1,,,12,,1,5,,A12,120.686336,24.172175,3
2023,1,7,11,48,臺中市,西區,0,2,0,8,1,5,50,4,2,1,5,4,5,7,1,1,5,4,5,2,3,51,2,9,4,5,H01,8,18,8,20,10,16,,51,51,1,5,5,H01,120.661803,24.154396,2
2023,1,7,11,49,臺中市,北區,0,0,0,8,,,50,,,,,,,,,,,,,,,7,,,,,B03,,,1,,1,,,7,,1,21,,B03,120.676852,24.155758,3
2023,1,7,11,50,臺中市,東區,0,2,0,8,1,5,50,14,9,1,5,4,5,7,4,4,5,5,5,2,13,16,2,9,1,1,C03,7,9,1,10,2,11,,16,16,1,22,5,C03,120.707838,24.139476,2
2023,1,7,12,0,臺中市,大雅區,0,1,0,8,1,5,50,3,1,1,5,2,5,7,1,1,1,4,4,1,18,23,2,8,1,1,F01,7,6,8,20,2,16,,23,23,1,22,9,F01,120.668739,24.215968,2
2023,1,7,12,0,臺中市,梧棲區,0,1,0,8,1,5,50,3,1,1,5,4,5,7,4,4,10,5,5,2,16,6,3,10,1,1,B12,7,5,1,8,2,8,,6,6,1,9,1,B12,120.530339,24.256786,2
2023,1,7,12,1,臺中市,西屯區,0,1,0,8,1,5,50,14,8,1,5,4,5,7,4,4,1,5,5,2,13,23,2,9,1,1,C03,7,9,1,10,2,11,,23,23,1,22,8,C03,120.64473,24.155725,2
2023,1,7,12,2,臺中市,潭子區,0,0,0,8,,,50,,,,,,,,,,,,,,,5,,,,,B03,,,1,,2,,,5,,1,22,,B03,120.698204,24.198472,3
2023,1,7,12,3,臺中市,西屯區,0,1,0,8,1,5,50,4,2,1,5,4,5,7,1,1,5,4,4,2,18,43,2,9,1,1,C03,7,9,1,10,2,14,,43,43,1,22,8,C03,120.660102,24.164309,2