年,月,日,時,分,縣市,區,死,受傷,2-30,天候,光線,道路類別,速限,道路型態,事故位置,路面鋪裝,路面狀態,路面缺陷,障礙物,視距,號誌種類,號誌動作,分向設施,快車道或一般車道間,快慢車道間,路面邊線,事故類型及型態,主要肇因,受傷程度,主要傷處,保護裝備,行動電話,當事者區分,車輛用途,當事者行動狀態,駕駛資格情形,駕駛執照種類,飲酒情形,車輛撞擊部位最初,車輛撞擊部位其他,肇事因素個別,肇事因素主要,肇事逃逸,職業,旅次目的,車種,GPS緯度,GPS經度,事故類別
2023,1,7,12,3,臺中市,神岡區,0,0,0,8,,,50,,,,,,,,,,,,,,,18,,,,,B03,,,1,,1,,,18,,1,22,,B03,120.658895,24.261996,3
2023,1,7,12,6,臺中市,南屯區,0,0,0,8,,,50,,,,,,,,,,,,,,,17,,,,,B11,,,1,,2,,,17,,1,22,,B11,120.615348,24.146365,3
2023,1,7,12,6,臺中市,太平區,0,0,0,8,,,30,,,,,,,,,,,,,,,19,,,,,C03,,,1,,2,,,19,,1,21,,C03,120.737348,24.155915,3
2023,1,7,12,10,臺中市,北區,0,1,0,8,1,5,50,4,1,1,5,4,5,7,1,1,10,5,5,2,16,25,2,9,1,1,C03,7,5,1,10,2,11,,25,25,1,22,8,C03,120.673638,24.15573,2
2023,1,7,12,13,臺中市,東勢區,0,0,0,8,,,50,,,,,,,,,,,,,,,23,,,,,B03,,,1,,2,,,23,23,1,21,,B03,120.795536,24.286046,3
2023,1,7,12,13,臺中市,石岡區,0,0,0,8,,,50,,,,,,,,,,,,,,,6,,,,,B03,,,1,,2,,,6,,1,5,,B03,120.777039,24.275345,3
2023,1,7,12,15,臺中市,大里區,0,2,0,8,1,5,50,4,1,1,5,4,5,7,1,1,10,5,5,2,12,23,2,7,1,1,C03,7,9,1,10,2,12,,23,23,1,22,8,C03,120.688998,24.104583,2
2023,1,7,12,18,臺中市,太平區,0,1,0,8,1,5,50,14,9,1,5,4,5,7,4,4,5,4,5,1,18,42,2,9,1,1,C03,7,9,1,10,2,14,,42,42,1,9,8,C03,120.716084,24.13355,2
2023,1,7,12,19,臺中市,西屯區,0,0,0,8,,,50,,,,,,,,,,,,,,,42,,,,,B03,,,1,,2,,,42,,1,1,,B03,120.656109,24.169599,3
2023,1,7,12,20,臺中市,大雅區,0,0,0,8,,,50,,,,,,,,,,,,,,,16,,,,,C03,,,1,,2,,,16,,1,22,,C03,120.667625,24.215691,3
2023,1,7,12,21,臺中市,西區,0,0,0,,,,50,,,,,,,,,,,,,,,26,,,,,B03,,,1,,1,,,26,,1,20,,B03,120.676927,24.140863,3
2023,1,7,12,24,臺中市,沙鹿區,0,0,0,8,,,60,,,,,,,,,,,,,,,16,,,,,B03,,,1,,2,,,16,,1,16,,B03,120.556675,24.2124,3
2023,1,7,12,28,臺中市,南屯區,0,1,0,8,1,5,50,4,1,1,5,4,5,7,2,1,3,4,4,2,12,8,2,9,3,4,C03,7,5,3,18,2,14,,8,8,1,4,9,C03,120.625918,24.140554,2
2023,1,7,12,30,臺中市,大雅區,0,1,0,8,1,5,30,14,9,1,5,4,5,7,4,4,10,5,5,2,29,23,3,10,1,1,B12,7,9,1,8,2,9,,23,23,1,22,9,B12,120.648856,24.223812,2
2023,1,7,12,35,臺中市,南區,0,0,0,,,,50,,,,,,,,,,,,,,,12,,,,,B03,,,1,,2,,,12,,1,5,,B03,120.672958,24.124035,3
2023,1,7,12,39,臺中市,梧棲區,0,1,0,8,1,5,50,4,2,1,5,4,5,7,4,4,10,5,5,2,16,8,2,8,1,1,C03,7,5,1,10,2,11,,8,8,1,9,8,C03,120.552006,24.240204,2
2023,1,7,12,40,臺中市,大甲區,0,1,0,8,1,5,50,4,1,1,5,4,5,7,4,4,10,5,5,2,17,19,2,9,1,1,C03,7,1,1,10,2,11,,19,19,1,5,8,C03,120.620249,24.347674,2
2023,1,7,12,40,臺中市,豐原區,0,0,0,8,,,30,,,,,,,,,,,,,,,67,,,,,,,,,,,,,67,,1,,,,120.707458,24.252936,3
2023,1,7,12,43,臺中市,東區,0,0,0,,,,50,,,,,,,,,,,,,,,19,,,,,B03,,,1,,2,,,19,,1,5,,B03,120.687226,24.136911,3
2023,1,7,12,44,臺中市,大甲區,0,2,0,8,1,5,50,5,1,1,5,4,5,7,4,4,10,5,5,2,15,6,2,9,1,1,C03,7,9,1,10,2,11,,6,6,1,4,8,C03,120.621526,24.345847,2
2023,1,7,12,45,臺中市,潭子區,0,1,0,8,1,5,50,4,1,1,5,4,5,7,1,1,1,4,4,1,17,19,2,9,1,1,C03,7,1,1,10,2,14,,19,19,1,22,8,C03,120.703543,24.215813,2
2023,1,7,12,50,臺中市,北區,0,0,0,8,,,50,,,,,,,,,,,,,,,23,,,,,C03,,,1,,1,,,23,,1,21,,C03,120.678629,24.171391,3
2023,1,7,12,53,臺中市,南區,0,0,0,,,,50,,,,,,,,,,,,,,,23,,,,,C03,,,1,,2,,,23,,1,22,,C03,120.650344,24.115677,3
2023,1,7,12,59,臺中市,清水區,0,2,0,8,1,5,30,3,1,2,5,4,5,7,4,4,9,5,5,2,16,8,2,9,1,1,C03,7,5,1,10,2,11,,8,8,1,21,8,C03,120.616811,24.29419,2
2023,1,7,13,0,臺中市,潭子區,0,0,0,8,,,50,,,,,,,,,,,,,,,23,,,,,B12,,,1,,2,,,23,,1,7,,B12,120.701154,24.208824,3
2023,1,7,13,1,臺中市,西屯區,0,1,0,8,1,5,50,4,1,1,5,4,5,7,1,1,8,4,5,1,16,25,3,10,1,4,B03,7,5,1,8,2,2,,25,25,1,4,8,B03,120.647638,24.173875,2
2023,1,7,13,3,臺中市,北屯區,0,0,0,8,1,5,50,14,7,1,5,4,5,7,4,4,5,5,4,2,12,23,3,10,1,1,B03,7,9,1,8,2,5,,23,23,1,5,8,B03,120.690423,24.172845,3
2023,1,7,13,8,臺中市,大里區,0,2,0,8,1,5,50,3,1,1,5,4,5,7,4,4,9,5,4,2,16,8,2,9,1,1,C03,7,5,1,10,2,14,,8,8,1,22,9,C03,120.687983,24.105968,2
2023,1,7,13,15,臺中市,南區,0,0,0,,,,50,,,,,,,,,,,,,,,23,,,,,B03,,,1,,2,,,23,,1,5,,B03,120.661833,24.113063,3
2023,1,7,13,15,臺中市,南區,0,0,0,8,1,5,50,14,7,1,5,4,5,7,4,4,1,4,4,2,12,7,3,10,1,1,B03,7,9,1,8,2,4,,7,7,1,22,8,B03,120.650159,24.111728,3
2023,1,7,13,19,臺中市,東區,0,2,0,8,1,5,50,3,1,1,5,4,5,7,4,4,10,5,5,2,16,10,3,10,1,1,B03,7,11,1,8,2,2,,10,10,1,5,8,B03,120.685783,24.131208,2
2023,1,7,13,21,臺中市,西區,0,1,0,8,1,5,50,4,1,1,5,4,5,7,1,1,10,5,5,2,17,6,3,10,1,1,B03,7,6,1,8,2,15,,6,6,1,21,8,B03,120.678,24.134074,2
2023,1,7,13,22,臺中市,北屯區,0,0,0,8,,,50,,,,,,,,,,,,,,,17,,,,,B12,,,1,,1,,,17,17,1,10,,B12,120.686216,24.181487,3
2023,1,7,13,25,臺中市,霧峰區,0,2,0,8,1,5,50,4,1,1,5,4,5,7,1,1,5,4,4,1,17,6,3,10,3,4,B03,7,5,1,8,2,2,,6,6,1,12,8,B03,120.698181,24.059296,2
2023,1,7,13,39,臺中市,南屯區,0,0,0,8,1,5,50,7,1,1,5,4,5,7,1,1,5,5,5,2,15,25,4,11,1,1,C03,7,9,7,19,11,5,,25,25,2,22,9,C03,120.635217,24.138689,3
2023,1,7,14,0,臺中市,大雅區,0,1,0,8,1,5,50,4,1,1,5,4,5,7,1,1,5,5,4,1,17,43,3,10,1,1,B03,7,9,1,8,2,1,,43,43,1,22,9,B03,120.646187,24.218934,2
2023,1,7,14,5,臺中市,南屯區,0,0,0,,,,50,,,,,,,,,,,,,,,23,,,,,B12,,,1,,1,,,23,,1,22,,B12,120.637805,24.146944,3
2023,1,7,14,7,臺中市,大雅區,0,1,0,8,1,5,50,3,1,1,5,4,5,7,4,4,10,4,5,1,16,6,3,10,1,1,B03,7,6,1,8,2,2,,6,6,1,22,9,B03,120.650552,24.211135,2
2023,1,7,14,7,臺中市,大雅區,0,0,0,8,,,50,,,,,,,,,,,,,,,23,,,,,B12,,,1,,2,,,23,,1,22,,B12,120.667615,24.215696,3
2023,1,7,14,9,臺中市,南屯區,0,0,0,8,,,40,,,,,,,,,,,,,,,7,,,,,B03,,,1,,2,,,7,7,1,22,,B03,120.647442,24.153625,3
2023,1,7,14,12,臺中市,南屯區,0,1,0,8,1,5,50,14,9,1,5,4,5,7,4,4,5,5,5,2,16,6,3,10,1,1,B03,7,6,1,8,2,5,,6,6,1,22,9,B03,120.652365,24.148834,2
2023,1,7,14,15,臺中市,梧棲區,0,0,0,8,,,30,,,,,,,,,,,,,,,23,,,,,B12,,,1,,2,,,23,,1,22,,B12,120.531171,24.241625,3
2023,1,7,14,16,臺中市,南屯區,0,0,0,8,,,50,,,,,,,,,,,,,,,19,,,,,B03,,,1,,2,,,19,,1,22,,B03,120.634528,24.155301,3
2023,1,7,14,27,臺中市,南屯區,0,0,0,8,,,40,,,,,,,,,,,,,,,23,,,,,C03,,,1,,11,,,23,,2,22,,C03,120.625991,24.112373,3
2023,1,7,14,28,臺中市,太平區,0,2,0,8,1,5,50,3,9,1,5,4,5,7,4,4,5,4,5,1,12,17,2,9,1,1,C03,7,9,6,10,2,14,,17,17,1,21,8,C03,120.717792,24.12314,2
2023,1,7,14,30,臺中市,大雅區,0,0,0,8,,,50,,,,,,,,,,,,,,,16,,,,,B03,,,1,,2,,,16,,1,22,,B03,120.650736,24.209452,4
2023,1,7,14,30,臺中市,南區,0,1,0,8,1,5,50,4,1,1,5,4,5,7,1,1,10,5,5,2,13,16,2,9,1,1,C03,7,9,1,10,2,11,,16,16,1,22,8,C03,120.666828,24.122352,2
2023,1,7,14,30,臺中市,清水區,0,1,0,8,1,5,40,14,9,1,5,4,5,7,1,1,8,3,4,1,13,16,2,9,1,1,C03,7,9,1,10,2,11,,16,16,1,21,8,C03,120.563091,24.263853,2
2023,1,7,14,38,臺中市,大肚區,0,0,0,8,,,30,,,,,,,,,,,,,,,12,,,,,B12,,,1,,11,,,12,12,1,21,,B12,120.57312,24.163661,3
2023,1,7,14,40,臺中市,北區,0,0,0,8,,,50,,,,,,,,,,,,,,,23,,,,,B03,,,1,,1,,,23,,1,5,,B03,120.66889,24.168748,3
2023,1,7,14,40,臺中市,沙鹿區,0,0,0,8,1,5,60,14,7,2,5,4,5,7,4,4,1,3,4,1,12,7,,,,,A41,,,1,,2,,,7,,1,3,,A41,120.577115,24.250794,3
2023,1,7,14,40,臺中市,神岡區,0,2,0,8,2,5,30,4,1,1,5,4,5,7,4,4,10,5,5,2,15,6,2,9,1,1,C03,7,9,1,10,2,11,,6,6,1,22,9,C03,120.659404,24.25235,2
2023,1,7,14,45,臺中市,大甲區,0,1,0,8,1,5,50,14,13,1,5,4,5,7,4,4,9,5,5,1,19,22,2,9,1,1,C03,7,9,3,18,2,11,,22,22,1,22,8,C03,120.631898,24.371968,2
2023,1,7,14,49,臺中市,北區,0,1,0,8,1,5,50,14,9,1,5,4,5,7,4,4,1,4,5,2,13,23,2,9,1,1,C03,7,9,1,10,2,11,,23,23,1,22,8,C03,120.691738,24.160486,2
2023,1,7,14,50,臺中市,西區,0,2,0,8,1,5,50,3,1,1,5,4,5,7,4,4,10,5,5,2,16,6,2,9,1,1,C03,7,6,1,10,2,14,,6,6,1,5,5,C03,120.660833,24.156289,2
2023,1,7,14,50,臺中市,南屯區,0,0,0,,,,50,,,,,,,,,,,,,,,23,,,,,B03,,,1,,1,,,23,,1,22,,B03,120.648553,24.153481,3
2023,1,7,14,52,臺中市,烏日區,0,1,0,8,1,5,50,4,1,1,5,4,5,7,1,1,10,5,5,2,18,19,3,10,1,1,B03,7,9,1,8,2,15,,44,19,1,5,8,B03,120.63732,24.10948,2
2023,1,7,14,52,臺中市,豐原區,0,0,0,8,,,50,,,,,,,,,,,,,,,16,,,,,B03,,,1,,2,,,16,16,1,22,,B03,120.707365,24.250314,3
2023,1,7,14,55,臺中市,西屯區,0,0,0,8,,,30,,,,,,,,,,,,,,,67,,,,,,,,,,,,,67,,1,,,,120.652634,24.180327,3
2023,1,7,14,57,臺中市,南區,0,0,0,,,,50,,,,,,,,,,,,,,,42,,,,,B03,,,1,,2,,,42,,1,5,,B03,120.668671,24.114552,3
2023,1,7,14,59,臺中市,神岡區,0,0,0,,,,50,,,,,,,,,,,,,,,19,,,,,B03,,,1,,2,,,19,,1,22,,B03,120.692132,24.248214,3
2023,1,7,15,2,臺中市,大里區,0,2,0,8,1,5,30,14,9,1,5,4,5,7,4,4,10,5,5,2,7,23,2,9,1,1,C03,7,9,1,10,2,11,,23,23,1,22,9,C03,120.690903,24.118362,2
2023,1,7,15,5,臺中市,神岡區,0,1,0,8,1,5,50,4,2,1,5,4,5,7,1,1,10,5,5,2,17,25,3,10,1,1,C03,7,5,1,10,2,12,,25,25,1,22,9,C03,120.701072,24.251359,2
2023,1,7,15,9,臺中市,南屯區,0,0,0,8,,,50,,,,,,,,,,,,,,,23,,,,,A04,,,1,,11,,,23,,1,22,,A04,120.624576,24.149076,3
2023,1,7,15,19,臺中市,太平區,0,1,0,8,1,5,50,4,1,1,5,4,5,7,1,1,10,5,5,2,16,6,3,10,1,1,B03,7,5,1,8,2,1,,6,6,1,21,8,B03,120.720347,24.157896,2
2023,1,7,15,20,臺中市,北屯區,0,0,0,8,,,50,,,,,,,,,,,,,,,17,,,,,B03,,,1,,1,,,17,,1,22,,B03,120.73042,24.177167,3
2023,1,7,15,20,臺中市,沙鹿區,0,2,0,8,1,5,50,14,7,1,5,4,5,7,4,4,4,5,5,1,17,26,2,9,1,1,C03,7,1,1,10,2,13,,26,26,1,5,9,C03,120.568759,24.260358,2
2023,1,7,15,25,臺中市,南屯區,0,0,0,8,,,50,,,,,,,,,,,,,,,23,,,,,B03,,,1,,1,,,23,,1,22,,B03,120.64439,24.140098,3
2023,1,7,15,30,臺中市,北屯區,0,0,0,8,,,50,,,,,,,,,,,,,,,12,,,,,B03,,,1,,2,,,12,,1,5,,B03,120.682264,24.176896,3
2023,1,7,15,30,臺中市,清水區,0,1,0,8,1,5,50,14,7,1,5,4,5,7,4,4,1,4,4,2,13,23,2,9,1,1,C03,7,9,1,10,2,11,,23,23,1,22,8,C03,120.575375,24.269667,2
2023,1,7,15,31,臺中市,西區,0,1,0,8,1,5,50,4,1,1,5,4,5,7,1,1,10,5,5,2,16,26,3,10,1,1,B03,7,9,1,8,2,1,,26,4,1,5,8,B03,120.666907,24.153208,2
2023,1,7,15,33,臺中市,南屯區,0,0,0,8,,,50,,,,,,,,,,,,,,,50,,,,,B03,,,1,,2,,,50,,1,22,,B03,120.621336,24.151116,3
2023,1,7,15,38,臺中市,西屯區,0,1,0,8,1,5,50,4,1,1,5,4,5,7,4,4,10,5,5,2,16,6,3,10,1,1,B03,7,9,1,8,2,8,,6,6,1,4,8,B03,120.665139,24.171044,2
2023,1,7,15,40,臺中市,大雅區,0,0,0,8,,,50,,,,,,,,,,,,,,,7,,,,,B03,,,1,,1,,,7,,1,22,,B03,120.64084,24.23067,3
2023,1,7,15,41,臺中市,北屯區,0,1,0,8,1,5,60,14,8,1,5,4,5,7,4,4,1,4,4,1,12,7,3,10,1,1,B03,7,8,1,8,2,2,,7,7,1,21,8,B03,120.706618,24.164638,2
2023,1,7,15,43,臺中市,西屯區,0,1,0,8,1,5,30,4,1,1,5,4,5,7,4,4,10,5,5,2,15,6,2,9,3,4,C03,7,9,1,10,2,11,,6,6,1,22,8,C03,120.611748,24.185185,2
2023,1,7,15,46,臺中市,大雅區,0,1,0,8,1,5,50,4,1,1,5,4,5,7,1,1,1,5,5,1,13,23,3,10,1,1,B03,7,9,1,8,2,1,,23,23,1,22,9,B03,120.656413,24.220706,2
2023,1,7,15,46,臺中市,太平區,0,3,0,8,1,5,50,3,1,1,5,4,5,7,4,4,10,5,5,2,16,6,2,9,1,1,C03,7,5,3,18,2,14,,6,6,1,22,9,C03,120.71212,24.149942,2
2023,1,7,15,50,臺中市,東區,0,0,0,8,1,5,50,3,2,1,5,4,5,7,4,4,9,5,5,2,13,23,3,10,1,1,B12,7,6,1,8,2,5,,23,23,1,21,8,B12,120.701405,24.141564,3
2023,1,7,15,50,臺中市,西屯區,0,0,0,,,,40,,,,,,,,,,,,,,,6,,,,,B03,,,1,,1,,,6,,1,22,,B03,120.615369,24.183119,3
2023,1,7,15,50,臺中市,西屯區,0,1,0,8,1,5,50,14,9,1,5,4,5,7,4,4,5,4,5,2,13,23,2,9,1,1,C03,7,9,1,10,2,11,,23,23,1,4,8,C03,120.635049,24.176196,2
2023,1,7,15,51,臺中市,大肚區,0,0,0,,,,50,,,,,,,,,,,,,,,4,,,,,C03,,,1,,9,,,4,,2,20,,C03,120.5618,24.124992,3
2023,1,7,15,53,臺中市,潭子區,0,1,0,8,1,5,50,3,2,1,5,4,5,7,4,4,3,4,5,2,17,42,2,9,1,1,C03,7,9,1,10,2,15,,42,42,1,22,9,C03,120.710874,24.204733,2
2023,1,7,15,55,臺中市,北屯區,0,0,0,8,,,50,,,,,,,,,,,,,,,26,,,,,B03,,,1,,1,,,26,,1,21,,B03,120.683841,24.177741,3
2023,1,7,15,55,臺中市,龍井區,0,3,0,8,1,5,50,14,9,1,5,4,5,7,4,4,5,4,5,1,16,4,2,8,2,1,F03,7,9,8,20,2,16,,4,4,1,12,8,F03,120.523577,24.20626,2
2023,1,7,15,55,臺中市,清水區,0,0,0,8,,,50,,,,,,,,,,,,,,,43,,,,,,,,,,,,,43,,1,,,,120.560003,24.276377,3
2023,1,7,15,58,臺中市,北區,0,0,0,8,,,50,,,,,,,,,,,,,,,23,,,,,B03,,,1,,1,,,23,,1,5,,B03,120.679298,24.165404,3
2023,1,7,16,0,臺中市,西區,0,0,0,,,,50,,,,,,,,,,,,,,,16,,,,,B12,,,1,,1,,,16,,1,21,,B12,120.679913,24.137942,3
2023,1,7,16,0,臺中市,北屯區,0,0,0,8,,,50,,,,,,,,,,,,,,,23,,,,,C03,,,6,,2,,,23,23,1,22,,C03,120.696126,24.171402,3
2023,1,7,16,0,臺中市,太平區,0,0,0,8,,,50,,,,,,,,,,,,,,,19,,,,,B03,,,1,,1,,,19,,1,21,,B03,120.711892,24.154215,3
2023,1,7,16,0,臺中市,梧棲區,0,0,0,8,,,50,,,,,,,,,,,,,,,23,,,,,B03,,,1,,1,,,23,,1,9,,B03,120.540345,24.25335,3
2023,1,7,16,2,臺中市,烏日區,0,0,0,8,,,70,,,,,,,,,,,,,,,17,,,,,B03,,,1,,2,,,17,,1,21,,B03,120.598333,24.111309,3
2023,1,7,16,10,臺中市,龍井區,0,1,0,8,1,5,50,3,1,1,5,4,5,7,4,4,10,5,5,2,16,43,3,10,1,1,C03,7,4,1,10,2,11,,43,43,1,22,8,C03,120.579883,24.183786,2
2023,1,7,16,12,臺中市,北屯區,0,0,0,8,,,50,,,,,,,,,,,,,,,19,,,,,C03,,,1,,2,,,19,,1,22,,C03,120.704786,24.169139,3
2023,1,7,16,16,臺中市,太平區,0,1,0,8,1,5,30,4,2,1,5,4,5,7,4,4,10,5,5,2,13,16,2,8,1,1,C03,7,9,1,10,2,11,,16,16,1,21,8,C03,120.730325,24.129037,2
2023,1,7,16,18,臺中市,烏日區,0,0,0,8,1,5,50,14,9,1,5,4,5,7,4,4,10,4,5,1,16,7,,,,,B01,,,1,,2,,,7,,1,4,,B01,120.616684,24.113986,3
2023,1,7,16,24,臺中市,太平區,0,0,0,8,,,50,,,,,,,,,,,,,,,12,,,,,B03,,,1,,2,,,12,,1,22,,B03,120.709099,24.15435,3
2023,1,7,16,26,臺中市,太平區,0,1,0,8,1,5,50,4,1,1,5,4,5,7,2,1,10,5,5,2,16,23,3,10,1,1,C03,7,6,1,10,2,12,,23,23,1,21,8,C03,120.723166,24.149422,2
2023,1,7,16,30,臺中市,西屯區,0,1,0,8,1,5,50,3,1,1,5,4,5,7,4,4,10,5,5,2,13,23,2,9,3,4,C03,7,14,4,10,2,11,,23,23,1,22,8,C03,120.665813,24.168346,2
2023,1,7,16,36,臺中市,中區,0,0,0,,,,50,,,,,,,,,,,,,,,6,,,,,C03,,,1,,1,,,6,,1,5,,C03,120.677652,24.146061,4
2023,1,7,16,36,臺中市,北屯區,0,0,0,8,,,50,,,,,,,,,,,,,,,23,,,,,B03,,,1,,2,,,23,,1,21,,B03,120.705013,24.168937,3
2023,1,7,16,39,臺中市,霧峰區,0,1,0,8,1,5,30,11,9,1,5,4,5,7,4,4,10,5,5,2,26,42,3,10,1,1,B03,7,9,1,8,2,8,,42,42,1,22,8,B03,120.704236,24.059544,2
2023,1,7,16,39,臺中市,太平區,0,0,0,8,,,50,,,,,,,,,,,,,,,6,,,,,B03,,,1,,2,,,6,,1,5,,B03,120.721299,24.149058,3
2023,1,7,16,45,臺中市,西區,0,1,0,8,1,5,50,4,1,1,5,4,5,7,1,1,10,5,5,2,12,17,3,10,1,1,B03,7,9,1,8,2,2,,17,17,1,21,8,B03,120.657245,24.136592,2
2023,1,7,16,47,臺中市,西屯區,0,2,0,8,1,5,50,3,1,1,5,4,5,7,4,4,5,4,4,2,12,7,2,8,3,4,C03,7,7,1,10,2,15,,7,7,1,22,8,C03,120.651419,24.176588,2
2023,1,7,16,48,臺中市,北屯區,0,2,0,8,1,5,50,5,1,1,5,4,5,7,1,1,10,5,5,2,17,6,3,10,1,1,B03,7,5,1,8,2,1,,6,6,1,21,8,B03,120.686475,24.188171,2
2023,1,7,16,50,臺中市,北區,0,0,0,8,,,50,,,,,,,,,,,,,,,6,,,,,B03,,,1,,1,,,6,,1,22,,B03,120.685093,24.157602,3
2023,1,7,16,50,臺中市,清水區,0,1,0,8,1,5,30,4,1,1,5,4,5,7,3,1,9,5,5,1,16,6,2,9,1,1,C03,7,9,1,10,2,11,,6,6,1,21,8,C03,120.571797,24.279362,2
2023,1,7,16,53,臺中市,北區,0,0,0,8,,,50,,,,,,,,,,,,,,,23,,,,,B01,,,1,,1,,,23,,1,22,,B01,120.672611,24.168167,3
2023,1,7,16,54,臺中市,東區,0,2,0,8,1,5,50,3,1,1,5,4,5,7,4,4,10,5,5,2,17,26,2,7,1,1,C03,7,5,1,10,2,12,,26,26,1,22,8,C03,120.608934,24.163303,2
2023,1,7,16,55,臺中市,北區,0,0,0,8,,,50,,,,,,,,,,,,,,,23,,,,,B03,,,1,,2,,,23,,1,5,,B03,120.683347,24.162896,3
2023,1,7,16,55,臺中市,梧棲區,0,0,0,8,,,50,,,,,,,,,,,,,,,6,,,,,C03,,,1,,2,,,6,,1,9,,C03,120.532897,24.256249,3
2023,1,7,16,57,臺中市,西屯區,0,0,0,8,,,30,,,,,,,,,,,,,,,12,,,,,B03,,,1,,2,,,12,,1,22,,B03,120.638588,24.173851,3
2023,1,7,17,2,臺中市,北屯區,0,1,0,8,3,5,50,4,1,1,5,4,5,7,4,4,5,5,5,2,15,6,2,9,1,1,C03,7,9,1,10,2,12,,6,6,1,22,8,C03,120.717185,24.170868,2
2023,1,7,17,2,臺中市,東勢區,1,1,0,8,2,5,50,11,9,1,5,4,5,7,4,4,5,5,5,1,16,26,2,9,1,1,C03,7,1,1,10,2,14,,26,26,1,9,8,C03,120.850316,24.240211,1
2023,1,7,17,3,臺中市,大甲區,0,1,0,8,1,5,50,3,1,1,5,4,5,7,4,4,10,5,5,2,16,6,3,10,1,1,B03,7,6,1,8,2,2,,6,6,1,4,1,B03,120.617394,24.338251,2
2023,1,7,17,4,臺中市,北屯區,0,0,0,8,,,50,,,,,,,,,,,,,,,23,,,,,B03,,,1,,1,,,23,,1,4,,B03,120.66152,24.189951,3
2023,1,7,17,4,臺中市,外埔區,0,1,0,8,1,5,50,3,1,1,5,4,5,7,4,4,9,5,5,1,16,6,3,10,1,1,B03,7,5,1,8,2,8,,6,6,1,21,8,B03,120.62115,24.334981,2
2023,1,7,17,5,臺中市,北屯區,0,0,0,8,,,50,,,,,,,,,,,,,,,23,,,,,B03,,,1,,2,,,23,,1,4,,B03,120.710866,24.174078,3
2023,1,7,17,6,臺中市,西屯區,0,0,0,8,,,50,,,,,,,,,,,,,,,16,,,,,B03,,,1,,1,,,16,,1,4,,B03,120.644951,24.170719,3
2023,1,7,17,7,臺中市,北屯區,0,0,0,8,,,50,,,,,,,,,,,,,,,12,,,,,B03,,,1,,2,,,12,,1,22,,B03,120.692794,24.162343,3
2023,1,7,17,8,臺中市,北屯區,0,1,0,8,2,5,50,4,1,1,5,4,5,7,2,1,10,5,5,2,15,25,2,8,1,1,C03,7,9,1,10,2,11,,25,25,1,21,8,C03,120.687471,24.170632,2
2023,1,7,17,11,臺中市,清水區,0,1,0,8,1,5,50,4,1,1,5,4,5,7,4,4,10,5,5,2,16,26,3,10,1,1,B12,7,5,1,8,2,8,,26,26,1,21,8,B12,120.564102,24.277218,2
2023,1,7,17,12,臺中市,南屯區,0,0,0,8,,,50,,,,,,,,,,,,,,,12,,,,,B03,,,1,,2,,,12,,1,22,,B03,120.612764,24.13893,3
2023,1,7,17,12,臺中市,太平區,0,0,0,8,,,50,,,,,,,,,,,,,,,10,,,,,B03,,,1,,2,,,10,,1,21,,B03,120.725888,24.149774,3
2023,1,7,17,13,臺中市,烏日區,0,0,0,8,,,50,,,,,,,,,,,,,,,23,,,,,B01,,,1,,2,,,23,23,1,10,,B01,120.632742,24.110091,3
2023,1,7,17,14,臺中市,西屯區,0,0,0,8,,,50,,,,,,,,,,,,,,,23,,,,,B03,,,1,,1,,,23,23,1,22,,B03,120.638558,24.158706,3
2023,1,7,17,15,臺中市,北區,0,2,0,7,3,5,50,4,1,1,5,4,5,7,1,1,10,5,5,2,13,23,2,9,1,1,C03,7,9,1,10,2,11,,23,23,1,5,8,C03,120.668095,24.162861,2
2023,1,7,17,20,臺中市,北屯區,0,3,0,8,3,5,50,4,1,1,5,4,5,7,2,1,10,5,5,2,16,8,2,8,1,1,F01,7,5,8,20,2,16,,8,8,1,21,8,F01,120.694255,24.170245,2
2023,1,7,17,20,臺中市,沙鹿區,0,2,0,8,2,5,50,4,1,1,5,4,5,7,4,4,10,5,5,2,16,42,2,9,1,1,C03,7,6,1,10,2,13,,42,42,1,3,5,C03,120.577261,24.21466,2
2023,1,7,17,21,臺中市,太平區,0,0,0,8,,,50,,,,,,,,,,,,,,,23,,,,,C03,,,1,,2,,,23,,1,22,,C03,120.707115,24.129138,3
2023,1,7,17,24,臺中市,龍井區,0,1,0,8,3,5,30,4,1,1,5,4,5,7,3,1,10,5,5,2,15,6,3,10,1,1,B03,7,9,1,8,2,8,,6,6,1,12,8,B03,120.544261,24.21576,2
2023,1,7,17,25,臺中市,北區,0,0,0,8,,,50,,,,,,,,,,,,,,,25,,,,,B03,,,1,,1,,,25,,1,22,,B03,120.664089,24.162142,3
2023,1,7,17,27,臺中市,大里區,0,0,0,8,,,50,,,,,,,,,,,,,,,17,,,,,B03,,,1,,1,,,17,,1,22,,B03,120.676124,24.115792,3
2023,1,7,17,30,臺中市,南區,0,0,0,8,3,5,30,13,9,1,5,4,5,7,4,4,10,5,5,2,14,12,3,10,1,1,B03,7,2,1,8,11,5,,12,12,2,5,8,B03,120.666562,24.122909,3
2023,1,7,17,30,臺中市,梧棲區,0,1,0,8,1,5,50,4,1,1,5,4,5,7,1,1,10,5,5,2,16,6,3,10,1,1,B03,7,5,1,8,2,1,,6,6,1,9,1,B03,120.545059,24.226991,2