年,月,日,時,分,縣市,區,死,受傷,2-30,天候,光線,道路類別,速限,道路型態,事故位置,路面鋪裝,路面狀態,路面缺陷,障礙物,視距,號誌種類,號誌動作,分向設施,快車道或一般車道間,快慢車道間,路面邊線,事故類型及型態,主要肇因,受傷程度,主要傷處,保護裝備,行動電話,當事者區分,車輛用途,當事者行動狀態,駕駛資格情形,駕駛執照種類,飲酒情形,車輛撞擊部位最初,車輛撞擊部位其他,肇事因素個別,肇事因素主要,肇事逃逸,職業,旅次目的,車種,GPS緯度,GPS經度,事故類別
2023,1,8,21,27,臺中市,北屯區,0,1,0,8,3,5,40,14,8,1,5,4,5,7,4,4,5,5,4,2,13,13,2,9,1,1,C03,7,9,1,10,2,11,,13,13,1,22,8,C03,120.714228,24.180282,2
2023,1,8,21,36,臺中市,北區,0,0,0,8,,,50,,,,,,,,,,,,,,,19,,,,,B03,,,1,,2,,,19,,1,5,,B03,120.684991,24.152715,3
2023,1,8,21,39,臺中市,烏日區,0,0,0,8,,,50,,,,,,,,,,,,,,,25,,,,,B03,,,1,,2,,,25,,1,21,,B03,120.616617,24.113866,3
2023,1,8,21,43,臺中市,后里區,0,4,0,8,3,5,50,4,2,1,5,4,5,7,1,1,1,4,4,1,11,6,2,9,1,1,B03,7,5,1,8,2,8,,6,6,1,4,8,B03,120.694288,24.317488,2
2023,1,8,21,49,臺中市,西區,0,0,0,8,3,5,50,4,2,1,5,4,5,7,1,1,3,4,2,2,13,23,,,,,B03,,,1,,1,,,23,,1,22,,B03,120.662609,24.155678,3
2023,1,8,21,55,臺中市,南區,0,2,0,8,3,5,50,4,2,1,5,4,5,7,2,1,1,5,5,2,13,21,3,10,1,1,B02,7,9,1,8,6,1,,21,21,1,1,5,B02,120.646663,24.110379,2
2023,1,8,21,56,臺中市,西屯區,0,0,0,8,,,50,,,,,,,,,,,,,,,23,,,,,B03,,,1,,1,,,23,,1,22,,B03,120.645201,24.17248,3
2023,1,8,22,0,臺中市,南屯區,0,0,0,8,,,50,,,,,,,,,,,,,,,7,,,,,B03,,,1,,1,,,7,,1,22,,B03,120.623929,24.140605,3
2023,1,8,22,15,臺中市,大雅區,0,2,0,8,3,5,50,4,1,1,5,4,5,7,1,1,5,5,5,1,17,25,2,9,1,1,C03,7,5,1,10,2,11,,25,25,1,21,8,C03,120.645263,24.225553,2
2023,1,8,22,15,臺中市,后里區,0,3,0,8,3,5,50,4,1,1,5,4,5,7,1,1,10,5,5,2,15,25,2,9,1,1,B03,7,9,3,18,5,8,,25,25,1,21,1,B03,120.711125,24.319192,2
2023,1,8,22,17,臺中市,潭子區,0,0,0,8,,,50,,,,,,,,,,,,,,,23,,,,,B03,,,1,,2,,,23,,1,22,,B03,120.706169,24.202211,3
2023,1,8,22,24,臺中市,北區,0,0,0,,,,30,,,,,,,,,,,,,,,23,,,,,B01,,,1,,11,,,23,,1,22,,B01,120.682445,24.153712,3
2023,1,8,22,37,臺中市,北區,0,1,0,8,3,5,50,4,1,1,5,4,5,7,2,1,3,4,4,2,16,25,2,9,1,1,C03,7,1,1,10,2,11,,25,25,1,22,8,C03,120.681291,24.152788,2
2023,1,8,22,51,臺中市,北屯區,0,1,0,8,3,5,40,14,7,1,5,4,5,7,4,4,5,4,4,1,9,52,2,9,4,5,H01,8,18,8,20,10,16,,52,52,1,22,8,H01,120.704966,24.164783,2
2023,1,8,22,54,臺中市,西區,0,0,0,8,,,50,,,,,,,,,,,,,,,42,,,,,B03,,,1,,1,,,42,,1,21,,B03,120.657261,24.14684,3
2023,1,8,22,55,臺中市,西區,0,2,0,8,3,5,40,4,1,1,5,4,5,7,1,1,10,5,5,2,13,16,2,9,1,1,C03,7,9,1,10,2,11,,16,16,1,4,5,C03,120.662321,24.15547,2
2023,1,8,23,0,臺中市,大雅區,0,1,0,8,3,5,50,4,1,1,5,4,5,7,3,1,5,5,5,1,17,38,2,9,1,1,C03,7,14,1,10,2,11,,38,38,1,21,8,C03,120.657126,24.225169,2
2023,1,8,23,0,臺中市,沙鹿區,0,0,0,8,,,40,,,,,,,,,,,,,,,19,,,,,B03,,,1,,2,,,19,,1,9,,B03,120.569799,24.244248,3
2023,1,8,23,10,臺中市,北屯區,0,0,0,8,,,50,,,,,,,,,,,,,,,42,,,,,C03,,,1,,2,,,42,,1,21,,C03,120.68688,24.168395,3
2023,1,8,23,12,臺中市,南區,0,3,0,8,3,5,50,14,9,1,5,4,5,7,4,4,10,4,5,2,16,19,2,9,1,1,C03,7,9,1,10,2,11,,14,19,1,22,8,C03,120.655663,24.134822,2
2023,1,8,23,23,臺中市,和平區,0,0,0,8,4,6,30,11,9,1,5,4,5,1,4,4,10,5,5,1,11,5,3,10,3,4,B03,7,9,1,8,2,8,,5,5,2,21,9,B03,120.646675,24.161707,3
2023,1,9,0,20,臺中市,西屯區,0,0,0,8,,,30,,,,,,,,,,,,,,,6,,,,,C03,,,6,,2,,,6,6,1,22,,C03,120.644425,24.179586,3
2023,1,9,0,24,臺中市,西屯區,0,1,0,8,3,5,50,4,1,1,5,4,5,7,2,1,10,5,5,2,16,25,3,10,3,4,B03,7,9,1,8,2,1,,25,25,1,22,8,B03,120.620195,24.187171,2
2023,1,9,0,55,臺中市,東區,0,3,0,8,3,5,50,4,1,1,5,4,5,7,1,1,10,5,5,2,17,6,2,9,1,1,C03,7,5,1,10,2,14,,6,6,1,18,8,C03,120.684088,24.134877,2
2023,1,9,2,7,臺中市,北區,0,1,0,8,3,5,50,4,1,1,5,4,5,7,1,1,10,5,5,2,15,25,3,10,1,1,B12,7,9,1,8,2,1,,25,25,1,21,9,B12,120.669201,24.162841,2
2023,1,9,5,20,臺中市,霧峰區,0,0,0,6,,,60,,,,,,,,,,,,,,,23,,,,,C03,,,1,,2,,,23,,1,18,,C03,120.69651,24.069844,3
2023,1,9,6,10,臺中市,南區,0,1,0,7,1,5,30,15,22,1,4,4,5,1,4,4,10,5,5,2,29,43,2,9,1,1,C03,7,15,1,10,2,11,,43,43,1,22,8,C03,120.655954,24.11268,2
2023,1,9,6,16,臺中市,太平區,0,0,0,6,,,40,,,,,,,,,,,,,,,6,,,,,C03,,,1,,2,,,6,,1,4,,C03,120.70108,24.112269,3
2023,1,9,6,32,臺中市,東區,0,1,0,7,2,5,50,3,1,1,4,4,5,7,4,4,10,5,5,2,17,14,2,9,1,1,C03,7,9,1,10,2,14,,14,14,1,21,8,C03,120.701233,24.143969,2
2023,1,9,6,45,臺中市,西屯區,0,0,0,8,,,50,,,,,,,,,,,,,,,26,,,,,B03,,,1,,1,,,26,,1,22,,B03,120.655601,24.199887,3
2023,1,9,6,50,臺中市,沙鹿區,0,0,0,,,,50,,,,,,,,,,,,,,,26,,,,,B12,,,1,,2,,,44,26,1,22,,B12,120.564622,24.239144,3
2023,1,9,7,0,臺中市,南屯區,0,0,0,7,1,5,50,14,9,1,5,4,5,7,1,1,1,2,5,2,12,7,,,,,B03,,,1,,2,,,7,,1,5,,B03,120.646512,24.132,3
2023,1,9,7,0,臺中市,清水區,0,0,0,8,,,40,,,,,,,,,,,,,,,16,,,,,B03,,,1,,2,,,16,,1,5,,B03,120.571725,24.264817,3
2023,1,9,7,5,臺中市,沙鹿區,0,0,0,,,,30,,,,,,,,,,,,,,,12,,,,,C03,,,1,,2,,,12,,1,18,,C03,120.57989,24.219703,3
2023,1,9,7,9,臺中市,沙鹿區,0,1,0,7,1,5,50,4,1,1,4,4,5,7,4,4,10,5,5,2,15,6,3,10,1,1,B03,7,9,1,8,2,2,,6,6,1,22,8,B03,120.571115,24.217848,2
2023,1,9,7,13,臺中市,南屯區,0,0,0,8,,,40,,,,,,,,,,,,,,,23,,,,,B03,,,1,,1,,,23,,1,22,,B03,120.63746,24.135746,3
2023,1,9,7,13,臺中市,豐原區,0,1,0,8,1,5,50,14,8,1,5,4,5,7,4,4,4,1,4,2,17,18,3,10,1,1,B03,7,3,1,8,2,5,,18,18,1,4,5,B03,120.722436,24.238297,2
2023,1,9,7,14,臺中市,南屯區,0,0,0,8,,,50,,,,,,,,,,,,,,,17,,,,,B03,,,1,,2,,,17,,1,3,,B03,120.61361,24.1541,3
2023,1,9,7,15,臺中市,南屯區,0,1,0,8,1,5,50,14,9,1,5,4,5,7,4,4,5,4,5,2,13,16,2,9,1,1,C03,7,9,1,10,2,11,,16,16,1,22,8,C03,120.641013,24.135079,2
2023,1,9,7,16,臺中市,南區,0,0,0,,,,50,,,,,,,,,,,,,,,17,,,,,B03,,,1,,2,,,17,,1,22,,B03,120.684068,24.119035,3
2023,1,9,7,18,臺中市,北屯區,0,1,0,7,1,5,40,4,1,1,4,4,5,7,2,1,10,5,5,2,18,42,3,10,3,4,B03,7,6,1,8,2,15,,42,42,1,21,8,B03,120.709759,24.167251,2
2023,1,9,7,19,臺中市,南屯區,0,0,0,7,1,5,50,14,9,1,5,4,5,7,1,1,1,4,5,2,12,7,,,,,B03,,,1,,2,,,7,,1,5,,B03,120.648124,24.123176,3
2023,1,9,7,20,臺中市,東區,0,1,0,8,1,5,50,4,1,1,5,4,5,7,1,1,10,5,5,2,13,16,2,9,1,1,C03,7,9,1,10,2,11,,16,16,1,22,8,C03,120.684243,24.126375,2
2023,1,9,7,20,臺中市,太平區,0,1,0,8,1,5,50,14,9,1,5,4,5,7,4,4,5,5,5,2,2,60,2,9,4,5,H01,8,16,8,20,10,16,,60,60,1,15,8,H01,120.710246,24.157813,2
2023,1,9,7,20,臺中市,龍井區,0,0,0,6,,,40,,,,,,,,,,,,,,,17,,,,,B03,,,1,,2,,,17,,1,19,,B03,120.557703,24.186388,3
2023,1,9,7,23,臺中市,西區,0,1,0,8,1,5,50,3,1,1,5,4,5,7,1,1,10,5,5,2,16,9,3,10,1,1,B02,7,6,1,8,2,2,,9,9,1,22,9,B02,120.657262,24.140026,2
2023,1,9,7,23,臺中市,沙鹿區,0,0,0,,,,50,,,,,,,,,,,,,,,23,,,,,B03,,,1,,2,,,23,,1,22,,B03,120.552208,24.215774,3
2023,1,9,7,28,臺中市,大雅區,0,0,0,8,,,50,,,,,,,,,,,,,,,23,,,,,B03,,,1,,2,,,23,,1,21,,B03,120.614051,24.236007,3
2023,1,9,7,28,臺中市,大甲區,0,2,0,8,1,5,40,3,1,1,5,4,5,7,4,4,10,5,5,2,16,6,2,8,1,1,C03,7,5,1,10,2,12,,6,6,1,21,8,C03,120.613303,24.356751,2
2023,1,9,7,28,臺中市,神岡區,0,1,0,7,1,5,30,11,9,1,4,4,5,7,4,4,10,5,5,1,11,23,3,10,1,1,B12,7,9,1,7,2,8,,23,23,1,22,8,B12,120.710304,24.264676,2
2023,1,9,7,28,臺中市,神岡區,0,1,0,7,1,5,50,3,1,1,4,4,5,7,4,4,5,5,5,1,16,8,2,8,1,1,C03,7,5,4,8,2,14,,8,8,1,21,8,C03,120.656561,24.268978,2
2023,1,9,7,29,臺中市,沙鹿區,0,1,0,7,1,5,40,4,2,1,4,4,5,7,4,4,10,5,5,1,17,6,2,9,3,4,C03,7,9,1,10,2,11,,6,6,1,22,8,C03,120.550255,24.217083,2
2023,1,9,7,31,臺中市,南區,0,2,0,8,1,5,50,14,9,1,5,4,5,7,4,4,10,5,5,2,12,8,2,9,1,1,F01,7,5,8,20,2,16,,8,8,1,22,8,F01,120.659153,24.117406,2
2023,1,9,7,32,臺中市,南區,0,0,0,,,,40,,,,,,,,,,,,,,,23,,,,,C03,,,1,,2,,,23,,1,22,,C03,120.653463,24.113805,3
2023,1,9,7,33,臺中市,神岡區,0,1,0,8,1,5,40,3,9,1,5,4,5,7,4,4,9,5,5,1,17,1,3,10,1,1,C03,7,4,1,10,2,12,,1,1,1,21,8,C03,120.676605,24.265736,2
2023,1,9,7,34,臺中市,潭子區,0,2,0,8,1,5,30,3,1,1,5,4,5,7,4,4,10,5,5,2,16,6,3,10,1,1,B03,7,9,1,8,2,1,,6,6,1,22,8,B03,120.724033,24.204068,2
2023,1,9,7,35,臺中市,西屯區,0,1,0,7,1,5,30,3,1,1,5,4,5,7,4,4,5,5,5,2,17,6,3,10,3,4,B03,7,5,1,8,2,1,,6,6,1,22,8,B03,120.629513,24.189361,2
2023,1,9,7,35,臺中市,西屯區,0,0,0,8,,,50,,,,,,,,,,,,,,,16,,,,,B03,,,1,,1,,,44,44,1,22,,B03,120.657127,24.200899,3
2023,1,9,7,35,臺中市,清水區,0,0,0,8,,,70,,,,,,,,,,,,,,,16,,,,,B03,,,1,,1,,,16,16,1,22,,B03,120.595737,24.303975,3
2023,1,9,7,37,臺中市,北屯區,0,0,0,8,,,50,,,,,,,,,,,,,,,23,,,,,B12,,,1,,9,,,23,,1,5,,B12,120.722441,24.176148,3
2023,1,9,7,37,臺中市,西屯區,0,2,0,8,1,5,50,14,9,1,5,4,5,7,4,4,10,4,5,2,13,16,2,9,1,1,C03,7,9,1,10,2,11,,16,16,1,22,8,C03,120.645369,24.201058,2
2023,1,9,7,39,臺中市,南屯區,0,1,0,8,1,5,50,14,9,1,5,4,5,7,4,4,9,5,5,2,13,1,2,9,1,1,C03,7,4,1,9,2,12,,1,1,1,22,8,C03,120.623258,24.150981,2
2023,1,9,7,40,臺中市,北區,0,0,0,,,,50,,,,,,,,,,,,,,,23,,,,,B03,,,1,,2,,,23,,1,21,,B03,120.680755,24.165372,3
2023,1,9,7,40,臺中市,南區,0,1,0,8,1,5,50,4,1,1,5,4,5,7,1,1,10,5,5,2,17,42,3,10,1,1,C03,7,9,1,10,11,14,,42,42,1,22,8,C03,120.655457,24.115199,2
2023,1,9,7,43,臺中市,北屯區,0,1,0,8,1,5,50,4,1,1,5,4,5,7,2,1,10,5,5,2,13,16,3,10,1,1,C03,7,9,1,10,2,11,,16,16,1,5,8,C03,120.709801,24.165473,2
2023,1,9,7,43,臺中市,西屯區,0,1,0,7,1,5,40,3,2,1,4,4,5,7,1,1,10,5,5,2,17,42,2,9,1,1,C03,7,9,1,10,2,12,,42,42,1,22,8,C03,120.6368,24.161728,2
2023,1,9,7,48,臺中市,西屯區,0,1,0,7,1,5,50,3,1,1,5,4,5,7,4,4,10,5,5,2,17,42,2,9,3,4,C03,7,9,1,10,1,15,,42,42,1,22,9,C03,120.633824,24.162339,2
2023,1,9,7,48,臺中市,太平區,0,0,0,8,,,40,,,,,,,,,,,,,,,17,,,,,B03,,,1,,2,4,,17,17,1,22,,B03,120.702877,24.117261,3
2023,1,9,7,49,臺中市,潭子區,0,2,0,8,1,5,60,14,8,1,5,4,5,7,4,4,1,4,4,1,17,17,2,9,1,1,C03,7,9,3,18,2,14,,17,17,1,22,8,C03,120.709024,24.231688,2
2023,1,9,7,49,臺中市,梧棲區,0,2,0,8,1,5,30,4,9,1,5,4,5,7,4,4,5,5,5,2,16,6,2,9,1,1,C03,7,6,1,10,2,11,,6,6,1,3,1,C03,120.527983,24.252121,2
2023,1,9,7,50,臺中市,南屯區,0,0,0,8,,,40,,,,,,,,,,,,,,,40,,,,,B03,,,1,,9,,,40,,1,22,,B03,120.637184,24.15155,3
2023,1,9,7,50,臺中市,西屯區,0,1,0,8,1,5,40,4,1,1,5,4,5,7,1,1,8,4,4,1,17,14,2,9,1,4,C03,7,5,1,7,2,12,,14,14,1,4,8,C03,120.637449,24.177602,2
2023,1,9,7,50,臺中市,大里區,0,0,0,8,,,80,,,,,,,,,,,,,,,7,,,,,B03,,,1,,2,,,7,,1,4,,B03,120.693408,24.104477,3
2023,1,9,7,52,臺中市,沙鹿區,0,0,0,8,,,50,,,,,,,,,,,,,,,19,,,,,B03,,,1,,2,,,19,,1,22,,B03,120.571371,24.216879,4
2023,1,9,7,53,臺中市,潭子區,0,1,0,8,1,5,30,3,2,1,4,4,5,7,4,4,10,5,5,2,18,23,2,9,1,1,C03,7,12,1,10,2,12,,23,23,1,22,8,C03,120.70669,24.232915,2
2023,1,9,7,53,臺中市,大肚區,0,0,0,,,,50,,,,,,,,,,,,,,,19,,,,,A12,,,1,,2,,,19,,1,10,,A12,120.576897,24.118299,3
2023,1,9,7,54,臺中市,北區,0,0,0,8,,,30,,,,,,,,,,,,,,,38,,,,,B03,,,1,,11,,,38,,1,22,,B03,120.69513,24.159583,3
2023,1,9,7,56,臺中市,北區,0,1,0,8,1,5,40,4,1,1,5,4,5,7,1,1,5,4,4,2,17,6,2,9,1,1,C03,7,6,1,10,2,12,,6,6,1,22,8,C03,120.669166,24.157288,2
2023,1,9,7,58,臺中市,梧棲區,0,1,0,8,1,5,60,3,1,1,5,4,5,7,3,3,10,5,5,2,16,26,3,10,1,1,B03,7,6,1,8,2,5,,26,26,1,11,1,B03,120.52555,24.225469,2
2023,1,9,7,59,臺中市,西屯區,0,0,0,8,,,50,,,,,,,,,,,,,,,23,,,,,B03,,,1,,1,,,23,,1,4,,B03,120.629308,24.163572,3
2023,1,9,8,0,臺中市,南區,0,0,0,,,,50,,,,,,,,,,,,,,,23,,,,,B03,,,1,,11,,,23,,1,22,,B03,120.656613,24.134245,3
2023,1,9,8,0,臺中市,沙鹿區,0,0,0,8,,,70,,,,,,,,,,,,,,,7,,,,,B03,,,1,,2,,,44,7,1,4,,B03,120.615128,24.244076,3
2023,1,9,8,0,臺中市,大甲區,0,0,0,8,1,3,50,14,9,1,5,4,5,7,4,4,4,5,5,2,17,23,3,10,1,1,B03,7,9,1,8,2,2,,23,23,1,9,1,B03,120.65968,24.40302,3
2023,1,9,8,2,臺中市,西屯區,0,1,0,8,1,5,40,14,8,1,5,4,5,7,4,4,1,4,1,2,18,42,2,9,1,1,C03,7,9,1,10,2,14,,42,42,1,22,8,C03,120.615946,24.182604,2
2023,1,9,8,2,臺中市,豐原區,0,0,0,8,,,50,,,,,,,,,,,,,,,18,,,,,B12,,,1,,2,,,18,18,1,22,,B12,120.723941,24.235366,3
2023,1,9,8,5,臺中市,西屯區,0,0,0,8,,,50,,,,,,,,,,,,,,,16,,,,,B02,,,1,,1,,,16,,1,22,,B02,120.630974,24.162533,3
2023,1,9,8,6,臺中市,南屯區,0,0,0,8,,,50,,,,,,,,,,,,,,,12,,,,,B03,,,1,,2,,,12,,1,5,,B03,120.615066,24.14662,3
2023,1,9,8,8,臺中市,北屯區,0,1,0,8,1,5,50,4,1,1,5,4,5,7,1,1,10,5,5,2,18,13,2,9,1,1,C03,7,9,1,10,2,14,,13,13,1,22,8,C03,120.7175,24.175504,2
2023,1,9,8,8,臺中市,西屯區,0,0,0,8,,,30,,,,,,,,,,,,,,,17,,,,,B12,,,1,,1,,,17,,1,22,,B12,120.647368,24.199905,3
2023,1,9,8,8,臺中市,大里區,0,1,0,7,1,5,50,4,1,1,5,4,5,7,2,1,5,5,5,2,18,43,2,9,1,1,C03,7,6,1,10,2,14,,43,43,1,5,8,C03,120.680176,24.095663,2
2023,1,9,8,12,臺中市,西屯區,0,0,0,6,,,50,,,,,,,,,,,,,,,23,,,,,C03,,,1,,1,,,23,,1,22,,C03,120.621365,24.182521,3
2023,1,9,8,13,臺中市,東區,0,0,0,8,,,50,,,,,,,,,,,,,,,18,,,,,B03,,,1,,2,,,18,,1,22,,B03,120.68531,24.128956,3
2023,1,9,8,14,臺中市,東區,0,2,0,8,1,5,30,3,1,1,5,4,5,7,4,4,10,5,5,2,17,6,2,9,1,1,C03,7,5,1,10,2,14,,6,6,1,22,8,C03,120.705824,24.130041,2
2023,1,9,8,14,臺中市,北屯區,0,0,0,8,,,40,,,,,,,,,,,,,,,19,,,,,B03,,,1,8,2,,,19,19,1,21,,B03,120.665262,24.183773,3
2023,1,9,8,14,臺中市,西屯區,0,2,0,7,1,5,50,14,8,1,5,4,5,7,4,4,1,5,5,2,17,9,2,9,3,4,C03,7,6,1,10,2,11,,9,9,1,22,9,C03,120.612855,24.184066,2
2023,1,9,8,15,臺中市,大里區,0,1,0,8,1,5,50,4,2,1,4,4,5,7,1,1,9,5,4,1,17,6,3,10,1,1,B03,7,6,1,8,2,15,,6,6,1,12,8,B03,120.720087,24.093665,2
2023,1,9,8,16,臺中市,太平區,0,1,0,8,1,5,50,4,1,1,5,4,5,7,2,1,10,5,5,2,16,1,3,10,1,1,C03,7,4,1,10,2,14,,1,1,1,21,8,C03,120.730847,24.112122,2
2023,1,9,8,17,臺中市,豐原區,0,2,0,8,1,5,50,3,1,1,5,4,5,7,1,1,10,5,5,2,16,6,3,10,1,1,B03,7,5,1,8,2,1,,6,6,1,22,8,B03,120.722344,24.24846,2
2023,1,9,8,19,臺中市,北屯區,0,1,0,8,1,5,50,4,1,1,5,4,5,7,4,4,10,5,5,2,16,8,3,10,1,1,B03,7,5,1,8,2,1,,8,8,1,5,8,B03,120.6611,24.192513,2
2023,1,9,8,19,臺中市,西屯區,0,0,0,8,,,50,,,,,,,,,,,,,,,23,,,,,B12,,,1,,2,,,23,,1,4,,B12,120.622056,24.186136,3
2023,1,9,8,20,臺中市,西屯區,0,0,0,8,,,60,,,,,,,,,,,,,,,23,,,,,B03,,,1,,1,,,23,,1,22,,B03,120.656109,24.159127,3
2023,1,9,8,21,臺中市,西屯區,0,2,0,8,1,5,30,3,9,1,5,4,5,7,3,1,5,4,5,2,12,6,2,9,1,1,C03,7,9,1,10,2,14,,14,6,1,22,8,C03,120.655238,24.190162,2
2023,1,9,8,30,臺中市,大雅區,0,0,0,8,,,50,,,,,,,,,,,,,,,17,,,,,A41,,,1,,2,,,17,,1,22,,A41,120.647565,24.220968,3
2023,1,9,8,30,臺中市,北區,0,0,0,8,,,50,,,,,,,,,,,,,,,42,,,,,C03,,,1,,2,,,42,,1,22,,C03,120.682136,24.154638,3
2023,1,9,8,30,臺中市,東區,0,1,0,8,1,5,50,4,1,1,5,4,5,7,1,1,10,5,5,2,12,23,3,10,1,1,C03,7,9,1,10,2,14,,23,23,1,22,8,C03,120.690163,24.131725,2
2023,1,9,8,31,臺中市,太平區,0,2,0,8,1,5,50,4,1,1,5,4,5,7,1,1,10,5,5,2,16,25,2,9,1,1,C03,7,9,1,10,2,11,12,25,25,1,22,8,C03,120.7335,24.155463,2
2023,1,9,8,31,臺中市,豐原區,0,2,0,8,1,5,50,14,9,1,5,4,5,7,4,4,4,5,5,2,17,26,2,9,1,1,C03,7,5,1,10,2,11,,26,26,1,4,8,C03,120.718855,24.243611,2
2023,1,9,8,36,臺中市,北屯區,0,1,0,8,1,5,50,4,1,1,5,4,5,7,4,4,10,5,5,2,18,42,2,9,3,4,C03,7,9,1,10,2,15,,42,42,1,21,8,C03,120.683442,24.171659,2
2023,1,9,8,39,臺中市,北屯區,0,0,0,8,,,40,,,,,,,,,,,,,,,23,,,,,B02,,,1,,1,,,23,,1,22,,B02,120.723251,24.161844,3
2023,1,9,8,40,臺中市,西區,0,0,0,8,,,50,,,,,,,,,,,,,,,9,,,,,B03,,,1,,2,,,9,,1,5,,B03,120.668831,24.139268,3
2023,1,9,8,40,臺中市,西屯區,0,0,0,8,,,50,,,,,,,,,,,,,,,8,,,,,B03,,,1,,2,,,8,8,1,22,,B03,120.606473,24.192739,3
2023,1,9,8,40,臺中市,西屯區,0,1,0,8,1,5,40,14,8,1,5,4,5,7,4,4,1,5,1,2,13,23,2,9,1,1,C03,7,9,1,10,2,11,,23,23,1,22,8,C03,120.612845,24.18395,2
2023,1,9,8,42,臺中市,北屯區,0,0,0,8,,,50,,,,,,,,,,,,,,,42,,,,,B03,,,1,,1,,,42,,1,5,,B03,120.676597,24.173555,3
2023,1,9,8,42,臺中市,西屯區,0,0,0,6,,,70,,,,,,,,,,,,,,,23,,,,,B11,,,1,,1,,,23,,1,22,,B11,120.61868,24.181503,3
2023,1,9,8,57,臺中市,西屯區,0,0,0,8,,,50,,,,,,,,,,,,,,,16,,,,,B03,,,1,,1,,,16,,1,22,,B03,120.634595,24.176292,3
2023,1,9,8,57,臺中市,霧峰區,0,0,0,8,,,50,,,,,,,,,,,,,,,23,,,,,B01,,,1,,9,,,23,,1,22,,B01,120.697173,24.055715,3
2023,1,9,8,57,臺中市,大肚區,0,0,0,,,,70,,,,,,,,,,,,,,,23,,,,,A11,,,1,,2,,,23,,1,22,,A11,120.548911,24.151783,3
2023,1,9,9,0,臺中市,東區,0,0,0,,,,50,,,,,,,,,,,,,,,42,,,,,B02,,,1,,1,,,42,,1,5,,B02,120.704206,24.144501,3
2023,1,9,9,0,臺中市,北屯區,0,0,0,8,,,50,,,,,,,,,,,,,,,23,,,,,B03,,,1,,1,,,23,,1,5,,B03,120.660218,24.192353,3
2023,1,9,9,0,臺中市,龍井區,0,2,0,8,1,5,50,3,1,1,5,4,5,7,4,4,10,5,5,2,17,23,2,9,3,4,C03,7,4,1,10,2,12,,23,23,1,4,1,C03,120.53925,24.204195,2
2023,1,9,9,5,臺中市,后里區,0,1,0,7,1,5,50,4,1,1,5,4,5,7,1,1,5,5,4,1,3,23,3,10,1,1,B03,7,9,1,8,2,5,,23,23,1,5,4,B03,120.692546,24.313845,2
2023,1,9,9,6,臺中市,太平區,0,0,0,8,,,50,,,,,,,,,,,,,,,42,,,,,B12,,,1,,11,,,42,,1,21,,B12,120.724718,24.1241,3
2023,1,9,9,12,臺中市,北屯區,0,1,0,8,1,5,50,3,1,1,5,4,5,7,4,4,10,5,5,2,15,6,3,10,1,1,B03,7,1,1,8,2,4,,6,6,1,5,8,B03,120.681122,24.188449,2
2023,1,9,9,13,臺中市,西屯區,0,1,0,8,1,5,50,14,7,1,5,4,5,7,4,4,8,4,4,1,16,23,2,9,1,4,C03,7,9,1,10,1,11,,23,23,1,4,8,C03,120.651026,24.170585,2
2023,1,9,9,15,臺中市,南屯區,0,0,0,8,1,5,30,14,9,1,5,4,5,7,4,4,10,5,5,2,14,12,3,10,1,1,B03,7,2,6,18,1,7,,12,12,1,22,8,B03,120.625126,24.143957,3
2023,1,9,9,20,臺中市,霧峰區,0,0,0,8,,,50,,,,,,,,,,,,,,,44,,,,,C03,,,1,,2,,,44,,1,20,,C03,120.67102,24.042909,3
2023,1,9,9,20,臺中市,沙鹿區,0,0,0,6,,,30,,,,,,,,,,,,,,,23,,,,,B03,,,1,,2,,,23,,1,22,,B03,120.588062,24.198394,3
2023,1,9,9,23,臺中市,后里區,0,1,0,8,1,5,50,15,9,1,5,4,5,7,4,4,9,4,5,1,17,6,3,10,1,1,C03,7,5,1,10,2,11,,6,6,1,18,8,C03,120.681072,24.311337,2
2023,1,9,9,24,臺中市,西區,0,1,0,8,1,5,50,4,1,1,5,4,5,7,2,1,10,5,5,2,16,6,3,10,1,1,B03,7,5,1,8,2,6,,6,6,1,5,5,B03,120.676936,24.135079,2
2023,1,9,9,31,臺中市,北屯區,0,0,0,8,,,50,,,,,,,,,,,,,,,16,,,,,C03,,,1,10,1,,,16,16,1,21,,C03,120.686377,24.193502,3
2023,1,9,9,32,臺中市,西區,0,0,0,8,,,50,,,,,,,,,,,,,,,12,,,,,B03,,,1,8,2,,,12,12,1,22,,B03,120.663838,24.160126,3
2023,1,9,9,40,臺中市,西屯區,0,0,0,8,,,40,,,,,,,,,,,,,,,23,,,,,B11,,,1,,2,,,23,,1,22,,B11,120.611785,24.184176,3
2023,1,9,9,43,臺中市,西區,0,0,0,8,,,40,,,,,,,,,,,,,,,12,,,,,B12,,,1,,1,,,12,,1,22,,B12,120.665778,24.138689,3
2023,1,9,9,45,臺中市,大雅區,0,2,0,7,1,5,50,14,8,1,5,4,5,7,1,1,1,4,4,1,12,44,2,3,1,1,C03,7,9,1,10,2,12,,44,16,1,21,9,C03,120.64696,24.221634,2
2023,1,9,9,45,臺中市,南屯區,0,2,0,8,1,5,50,4,1,1,5,4,5,7,1,1,10,5,5,2,13,16,2,9,1,4,C03,7,9,1,10,2,11,,16,16,1,22,8,C03,120.64726,24.125313,2