年,月,日,時,分,縣市,區,死,受傷,2-30,天候,光線,道路類別,速限,道路型態,事故位置,路面鋪裝,路面狀態,路面缺陷,障礙物,視距,號誌種類,號誌動作,分向設施,快車道或一般車道間,快慢車道間,路面邊線,事故類型及型態,主要肇因,受傷程度,主要傷處,保護裝備,行動電話,當事者區分,車輛用途,當事者行動狀態,駕駛資格情形,駕駛執照種類,飲酒情形,車輛撞擊部位最初,車輛撞擊部位其他,肇事因素個別,肇事因素主要,肇事逃逸,職業,旅次目的,車種,GPS緯度,GPS經度,事故類別
2023,1,11,8,25,臺中市,沙鹿區,0,0,0,8,,,60,,,,,,,,,,,,,,,42,,,,,B12,,,1,,2,,,42,,1,22,,B12,120.566694,24.204254,3
2023,1,11,8,27,臺中市,西區,0,0,0,8,,,50,,,,,,,,,,,,,,,12,,,,,B03,,,1,,1,,,12,,1,4,,B03,120.666073,24.147508,3
2023,1,11,8,27,臺中市,北屯區,0,0,0,8,,,50,,,,,,,,,,,,,,,19,,,,,C02,,,1,,1,,,19,,1,22,,C02,120.686288,24.191141,3
2023,1,11,8,28,臺中市,西區,0,1,0,8,1,5,50,4,1,1,5,4,5,7,1,1,10,5,5,2,17,26,2,9,1,1,C03,7,1,1,10,2,14,,26,26,1,21,8,C03,120.666083,24.130884,2
2023,1,11,8,30,臺中市,北區,0,0,0,8,,,50,,,,,,,,,,,,,,,23,,,,,B03,,,1,,1,,,23,23,1,22,,B03,120.676436,24.159247,3
2023,1,11,8,32,臺中市,西區,0,2,0,8,1,5,50,4,1,1,5,4,5,7,1,1,10,5,5,2,16,26,2,9,1,1,C03,7,5,1,10,2,12,,26,26,1,22,9,C03,120.670384,24.131951,2
2023,1,11,8,35,臺中市,西屯區,0,0,0,8,,,80,,,,,,,,,,,,,,,23,,,,,B03,,,1,,11,,,23,,1,22,,B03,120.634948,24.179291,3
2023,1,11,8,37,臺中市,太平區,0,0,0,8,,,30,,,,,,,,,,,,,,,42,,,,,C03,,,1,,1,,,42,,1,20,,C03,120.711602,24.141157,3
2023,1,11,8,40,臺中市,北區,0,1,0,7,1,5,50,4,1,1,1,4,5,7,2,1,10,5,5,2,12,6,3,10,1,1,B03,7,6,1,8,2,6,,6,6,1,20,8,B03,120.678301,24.16537,2
2023,1,11,8,42,臺中市,潭子區,0,0,0,8,,,30,,,,,,,,,,,,,,,5,,,,,B03,,,1,,2,,,5,,1,22,,B03,120.725968,24.201767,3
2023,1,11,8,42,臺中市,北區,0,2,0,8,1,5,30,14,9,1,5,4,5,7,4,4,10,5,5,2,16,6,2,9,1,1,C03,7,5,1,10,2,14,,6,6,1,22,8,C03,120.689844,24.15046,2
2023,1,11,8,43,臺中市,大雅區,0,1,0,8,1,5,50,14,9,1,5,4,5,7,4,4,1,4,5,1,12,6,3,10,1,1,B12,7,6,1,8,2,5,,6,6,1,21,1,B12,120.64278,24.22896,2
2023,1,11,8,43,臺中市,清水區,0,0,0,8,,,50,,,,,,,,,,,,,,,7,,,,,A04,,,1,,2,,,7,,1,21,,A04,120.576078,24.271196,3
2023,1,11,8,45,臺中市,清水區,0,1,0,7,1,5,50,5,1,1,5,4,5,7,1,1,5,5,5,1,13,16,3,10,1,1,B12,7,9,1,8,2,5,,16,16,1,22,8,B12,120.55498,24.265881,2
2023,1,11,8,46,臺中市,北屯區,0,1,0,8,1,5,50,4,1,1,5,4,5,7,2,1,10,5,5,2,12,26,2,9,3,4,C03,7,9,1,10,2,12,,44,26,1,21,8,C03,120.686753,24.200851,2
2023,1,11,8,46,臺中市,神岡區,0,1,0,8,1,5,30,3,1,1,5,4,5,7,4,4,5,5,5,1,16,6,3,10,3,4,B03,7,5,1,8,2,5,,6,6,1,22,9,B03,120.683155,24.24318,2
2023,1,11,8,51,臺中市,北屯區,0,2,0,8,1,5,50,14,7,1,5,4,5,7,4,4,9,5,4,2,3,51,2,9,4,5,H01,8,16,8,20,10,16,,51,51,1,22,8,H01,120.684308,24.170918,2
2023,1,11,9,2,臺中市,南屯區,0,0,0,8,1,5,50,14,9,1,5,4,5,7,4,4,5,5,5,2,12,18,,,,,B03,,,1,,2,,,18,,1,5,,B03,120.634019,24.152555,3
2023,1,11,9,3,臺中市,太平區,0,0,0,8,1,5,50,14,2,1,5,4,5,7,4,4,5,2,5,1,14,12,,,,,B03,,,1,,2,,,12,,1,5,,B03,120.723854,24.099367,3
2023,1,11,9,10,臺中市,龍井區,0,1,0,8,1,5,30,4,1,1,5,4,5,7,4,4,10,5,5,2,9,23,3,10,1,1,B12,7,9,1,8,2,8,,23,23,1,22,8,B12,120.579276,24.182665,2
2023,1,11,9,28,臺中市,西屯區,0,2,0,8,1,5,40,3,1,1,5,4,5,7,1,1,1,4,1,2,3,15,2,9,1,1,C03,7,9,1,10,2,11,,15,15,1,22,8,C03,120.648591,24.163566,2
2023,1,11,9,37,臺中市,太平區,0,2,0,8,1,5,50,14,9,1,5,4,5,7,4,4,5,5,5,1,12,23,2,9,1,1,C03,7,9,1,10,2,14,,23,23,1,5,8,C03,120.724525,24.131188,2
2023,1,11,9,40,臺中市,西區,0,1,0,8,1,5,40,14,8,1,5,4,5,7,4,4,1,5,3,2,13,16,2,9,1,1,C03,7,9,1,10,2,12,,16,16,1,4,5,C03,120.663416,24.155272,2
2023,1,11,9,40,臺中市,西屯區,0,0,0,8,,,50,,,,,,,,,,,,,,,23,,,,,B03,,,1,,1,,,23,,1,22,,B03,120.656943,24.200631,3
2023,1,11,9,45,臺中市,大里區,0,0,0,8,,,50,,,,,,,,,,,,,,,12,,,,,A11,,,1,,2,,,12,,1,4,,A11,120.724279,24.09257,3
2023,1,11,9,47,臺中市,西屯區,0,2,0,8,1,5,50,5,1,1,5,4,5,7,3,1,10,5,5,2,17,6,2,9,1,1,C03,7,9,1,10,2,11,,6,6,1,21,8,C03,120.638215,24.181411,2
2023,1,11,9,48,臺中市,西屯區,0,0,0,8,,,1,,,,,,,,,,,,,,,12,,,,,B12,,,1,,1,,,12,,1,22,,B12,120.588363,24.172728,3
2023,1,11,9,56,臺中市,南區,0,0,0,,,,50,,,,,,,,,,,,,,,23,,,,,B12,,,1,,2,,,23,,1,22,,B12,120.669935,24.11206,3
2023,1,11,9,59,臺中市,南屯區,0,1,0,8,1,5,50,14,9,1,5,4,5,7,1,1,1,2,5,2,12,7,3,10,1,1,B03,7,7,1,8,2,7,,7,7,1,5,1,B03,120.632356,24.145477,2
2023,1,11,10,0,臺中市,大雅區,0,2,0,8,1,5,50,4,2,1,5,4,5,7,4,4,5,5,5,1,12,9,2,9,1,1,C03,7,6,1,10,2,14,,9,9,1,22,9,C03,120.650129,24.220763,2
2023,1,11,10,2,臺中市,南屯區,0,1,0,8,1,5,50,4,1,1,5,4,5,7,2,1,1,2,4,2,16,9,3,10,3,4,B03,7,6,1,8,2,2,,9,9,1,22,9,B03,120.630811,24.144949,2
2023,1,11,10,2,臺中市,大里區,0,0,0,8,,,40,,,,,,,,,,,,,,,23,,,,,B03,,,1,,2,,,23,,1,5,,B03,120.69211,24.101886,3
2023,1,11,10,2,臺中市,豐原區,0,0,0,8,,,60,,,,,,,,,,,,,,,16,,,,,B03,,,1,,2,,,16,16,1,22,,B03,120.709416,24.235978,3
2023,1,11,10,3,臺中市,豐原區,0,0,0,8,,,30,,,,,,,,,,,,,,,23,,,,,C03,,,4,,2,,,23,23,1,22,,C03,120.731717,24.249402,3
2023,1,11,10,12,臺中市,太平區,0,2,0,8,1,5,50,3,2,1,5,4,5,7,2,1,5,5,5,1,13,16,2,9,1,1,C03,7,9,1,10,2,12,,16,16,1,18,9,C03,120.738429,24.157105,2
2023,1,11,10,18,臺中市,大里區,0,0,0,8,,,50,,,,,,,,,,,,,,,9,,,,,B03,,,1,,2,,,9,9,1,4,,B03,120.697968,24.081311,3
2023,1,11,10,20,臺中市,東區,0,0,0,,,,50,,,,,,,,,,,,,,,23,,,,,B01,,,1,,2,,,23,,1,22,,B01,120.700936,24.135513,3
2023,1,11,10,20,臺中市,東區,0,2,0,8,1,5,50,14,9,1,5,4,5,7,4,4,9,4,5,2,16,6,2,9,1,1,C03,7,5,1,10,2,12,,6,6,1,22,9,C03,120.694198,24.134915,2
2023,1,11,10,20,臺中市,東區,0,1,0,8,1,5,50,4,1,1,5,4,5,7,1,1,9,4,4,2,12,9,3,10,1,1,B03,7,6,1,8,2,2,,9,9,1,4,1,B03,120.712182,24.144435,2
2023,1,11,10,21,臺中市,南區,0,0,0,8,,,50,,,,,,,,,,,,,,,40,,,,,B11,,,1,,2,,,40,,1,22,,B11,120.655805,24.107935,3
2023,1,11,10,23,臺中市,北屯區,0,1,0,8,1,7,80,14,9,1,5,4,5,7,4,4,1,4,5,1,12,23,3,10,1,1,B03,7,8,1,8,2,5,,44,23,1,22,8,B03,120.692325,24.201281,2
2023,1,11,10,25,臺中市,大里區,0,0,0,8,,,50,,,,,,,,,,,,,,,18,,,,,B03,,,1,,2,,,18,,1,22,,B03,120.693,24.093633,3
2023,1,11,10,27,臺中市,南屯區,0,1,0,8,1,5,40,4,2,1,5,4,5,7,1,1,10,5,5,2,12,19,3,10,1,1,B03,7,1,1,2,2,8,,19,19,1,20,8,B03,120.635403,24.143253,2
2023,1,11,10,28,臺中市,西區,0,1,0,8,1,5,50,5,1,1,5,4,5,7,1,1,10,5,5,2,12,17,3,10,1,1,B02,7,9,1,8,2,2,,44,17,1,21,8,B02,120.668343,24.131923,2
2023,1,11,10,30,臺中市,豐原區,0,1,0,8,1,5,30,14,9,1,5,4,5,7,4,4,10,5,5,2,10,5,2,9,1,1,C03,7,9,1,10,2,11,,5,5,1,22,5,C03,120.699788,24.230565,2
2023,1,11,10,35,臺中市,新社區,0,2,0,8,1,5,30,4,9,1,5,4,5,7,4,4,10,5,5,1,16,6,2,9,1,1,C03,7,9,1,10,2,11,,6,6,1,22,9,C03,120.812319,24.197558,2
2023,1,11,10,36,臺中市,沙鹿區,0,1,0,8,1,5,50,14,9,1,5,4,5,7,4,4,5,4,4,2,17,19,2,9,1,1,C03,7,1,1,10,2,14,,19,19,1,19,9,C03,120.570412,24.229626,2
2023,1,11,10,37,臺中市,西區,0,0,0,,,,50,,,,,,,,,,,,,,,23,,,,,B03,,,1,,1,,,23,,1,21,,B03,120.653162,24.15335,3
2023,1,11,10,41,臺中市,梧棲區,0,0,0,,,,60,,,,,,,,,,,,,,,16,,,,,B01,,,1,,2,,,16,,1,4,,B01,120.541053,24.260912,3
2023,1,11,10,46,臺中市,豐原區,0,0,0,8,,,40,,,,,,,,,,,,,,,12,,,,,B03,,,1,,9,,,12,,1,22,,B03,120.723965,24.257088,3
2023,1,11,10,48,臺中市,北屯區,0,1,0,8,1,5,50,14,9,1,5,4,5,7,4,4,1,4,5,2,17,23,2,8,3,4,B03,7,9,1,8,1,5,,23,23,1,21,8,B03,120.727713,24.169991,2
2023,1,11,10,49,臺中市,太平區,0,1,0,8,1,5,50,14,7,1,5,4,5,7,4,4,5,5,4,1,12,7,2,9,1,1,F03,7,7,8,20,2,16,,7,7,1,19,8,F03,120.725275,24.149842,2
2023,1,11,10,50,臺中市,沙鹿區,0,0,0,8,,,50,,,,,,,,,,,,,,,16,,,,,C03,,,1,,2,,,16,,1,8,,C03,120.560698,24.240726,3
2023,1,11,10,51,臺中市,南屯區,0,1,0,8,1,5,50,3,1,1,5,4,5,7,4,4,1,4,1,2,16,9,3,10,3,4,B03,7,6,1,8,2,6,,9,9,1,22,9,B03,120.626882,24.130528,2
2023,1,11,10,51,臺中市,大里區,0,0,0,8,,,50,,,,,,,,,,,,,,,16,,,,,B03,,,1,,2,,,16,,1,22,,B03,120.682386,24.100462,4
2023,1,11,10,53,臺中市,北區,0,2,0,8,1,5,50,4,1,1,5,4,5,7,4,4,10,5,5,2,15,6,2,9,1,1,C03,7,9,1,10,2,14,,6,6,1,22,8,C03,120.680973,24.162492,2
2023,1,11,10,55,臺中市,南屯區,0,0,0,8,,,50,,,,,,,,,,,,,,,1,,,,,B12,,,1,,2,,,1,,1,22,,B12,120.637067,24.129653,3
2023,1,11,10,57,臺中市,大里區,0,0,0,,,,50,,,,,,,,,,,,,,,18,,,,,B03,,,1,,1,,,18,,1,22,,B03,120.701575,24.106631,3
2023,1,11,10,59,臺中市,大雅區,0,1,0,8,1,5,50,5,1,1,5,4,5,7,1,1,9,4,5,1,17,6,3,10,1,1,B02,7,5,1,8,2,1,,6,6,1,22,9,B02,120.667663,24.215785,2
2023,1,11,11,0,臺中市,西屯區,0,0,0,8,,,40,,,,,,,,,,,,,,,43,,,,,,,,,,,,,43,,1,,,,120.656789,24.168783,3
2023,1,11,11,2,臺中市,大里區,0,1,0,8,1,5,40,3,1,1,5,4,5,7,2,1,1,4,4,1,16,26,3,10,1,1,B03,7,6,1,7,2,5,,26,26,1,5,8,B03,120.66441,24.08336,2
2023,1,11,11,12,臺中市,西區,0,0,0,8,,,50,,,,,,,,,,,,,,,12,,,,,B03,,,1,8,1,,,12,12,1,22,,B03,120.674734,24.14914,3
2023,1,11,11,14,臺中市,北屯區,0,1,0,8,1,5,50,14,9,1,5,4,5,7,4,4,1,4,5,2,13,16,2,9,1,1,C03,7,9,1,10,2,11,12,16,16,1,5,8,C03,120.697708,24.170213,2
2023,1,11,11,24,臺中市,南屯區,0,0,0,8,,,,,,,,,,,,,,,,,,67,,,,,,,,,,,,,67,,1,,,,120.634091,24.146567,3
2023,1,11,11,24,臺中市,大里區,0,1,0,8,1,5,50,8,9,1,5,4,5,7,4,4,5,5,5,1,17,17,2,9,1,1,C03,7,9,1,10,2,11,,17,17,1,4,8,C03,120.70908,24.081934,2
2023,1,11,11,25,臺中市,南屯區,0,0,0,8,1,5,50,14,7,1,5,4,5,7,4,4,5,5,4,2,12,23,,,,,B03,,,1,,2,,,23,,1,5,,B03,120.638936,24.133502,3
2023,1,11,11,48,臺中市,北區,0,0,0,,,,40,,,,,,,,,,,,,,,19,,,,,B03,,,1,,1,,,19,,1,21,,B03,120.675256,24.159974,3
2023,1,11,11,49,臺中市,北區,0,0,0,8,1,5,50,14,8,1,5,4,5,7,4,4,8,3,4,2,13,23,,,,,B03,,,1,,1,,,23,,1,22,,B03,120.693498,24.1574,3
2023,1,11,11,50,臺中市,北區,0,0,0,8,,,40,,,,,,,,,,,,,,,12,,,,,B12,,,1,,11,,,12,,1,22,,B12,120.67513,24.170436,3
2023,1,11,11,50,臺中市,北屯區,0,1,0,8,1,5,50,14,9,1,5,4,5,7,4,4,1,4,5,2,16,7,3,10,1,1,B03,7,10,1,8,2,5,,7,7,1,21,8,B03,120.689954,24.18237,2
2023,1,11,11,50,臺中市,大肚區,0,0,0,8,,,30,,,,,,,,,,,,,,,12,,,,,B12,,,1,,2,,,12,12,1,21,,B12,120.551452,24.147452,3
2023,1,11,11,52,臺中市,西屯區,0,0,0,8,,,30,,,,,,,,,,,,,,,23,,,,,B03,,,1,,1,,,23,,1,22,,B03,120.628208,24.181215,3
2023,1,11,11,53,臺中市,大里區,0,1,0,8,1,5,50,14,9,1,5,4,5,7,4,4,5,4,5,1,16,10,3,10,3,4,B12,7,11,1,8,2,5,,10,10,1,22,9,B12,120.683708,24.106877,2
2023,1,11,11,58,臺中市,大肚區,0,2,0,8,1,5,50,14,9,1,5,4,5,7,4,4,9,4,5,1,12,23,2,8,1,1,B03,7,9,1,8,2,2,,23,23,1,22,8,B03,120.576638,24.164354,2
2023,1,11,11,59,臺中市,大里區,0,1,0,8,1,5,50,4,1,1,5,4,5,7,1,1,5,4,5,1,11,25,3,10,1,1,C03,7,5,1,10,2,12,,25,25,1,22,8,C03,120.689951,24.108877,2
2023,1,11,12,0,臺中市,西屯區,0,1,0,8,1,5,30,3,1,1,5,4,5,7,4,4,10,5,5,2,17,6,3,10,1,1,B12,7,6,1,8,2,8,,6,6,1,22,8,B12,120.64407,24.19681,2
2023,1,11,12,0,臺中市,太平區,0,1,0,8,1,5,50,3,1,1,5,4,5,7,4,4,10,5,5,2,16,8,2,8,1,1,C03,7,9,1,10,2,11,,14,8,1,21,8,C03,120.732462,24.138429,2
2023,1,11,12,0,臺中市,烏日區,0,1,0,8,1,5,30,3,1,1,5,4,5,7,4,4,10,5,5,2,17,23,3,10,1,1,C03,7,6,1,10,2,11,,23,23,1,21,8,C03,120.641574,24.103177,2
2023,1,11,12,1,臺中市,豐原區,0,1,0,8,1,5,50,3,2,1,5,4,5,7,4,4,4,4,4,2,17,6,3,10,1,1,C03,7,5,1,10,2,11,,6,6,1,19,5,C03,120.716147,24.251694,2
2023,1,11,12,2,臺中市,北區,0,0,0,8,,,50,,,,,,,,,,,,,,,23,,,,,B12,,,1,,2,,,23,,1,22,,B12,120.675963,24.149447,3
2023,1,11,12,11,臺中市,北屯區,0,1,0,8,1,5,30,4,1,1,5,4,5,7,4,4,10,5,5,2,15,6,2,8,1,1,C03,7,9,1,10,2,12,,6,6,1,22,8,C03,120.664231,24.188065,2
2023,1,11,12,11,臺中市,西屯區,0,0,0,8,,,50,,,,,,,,,,,,,,,7,,,,,B03,,,1,,1,,,7,,1,22,,B03,120.620592,24.184025,3
2023,1,11,12,12,臺中市,西屯區,0,1,0,8,1,5,40,4,2,1,5,4,5,7,1,1,5,5,4,2,16,26,3,10,1,1,B01,7,11,1,2,2,5,,26,26,1,22,8,B01,120.643856,24.15466,2
2023,1,11,12,15,臺中市,北區,0,0,0,,,,50,,,,,,,,,,,,,,,23,,,,,B03,,,1,,1,,,23,,1,21,,B03,120.686584,24.165354,3
2023,1,11,12,15,臺中市,大里區,0,0,0,8,,,40,,,,,,,,,,,,,,,44,,,,,B03,,,1,,2,,,44,,1,19,,B03,120.692858,24.080815,3
2023,1,11,12,16,臺中市,潭子區,0,0,0,8,,,50,,,,,,,,,,,,,,,12,,,,,B12,,,1,,2,,,12,12,1,22,,B12,120.703497,24.216033,3
2023,1,11,12,18,臺中市,豐原區,0,0,0,8,,,50,,,,,,,,,,,,,,,12,,,,,B03,,,3,,9,,,12,,1,22,,B03,120.726191,24.242846,3
2023,1,11,12,20,臺中市,北屯區,0,1,0,8,1,5,50,3,2,1,5,4,5,7,4,4,5,5,4,2,17,6,3,10,3,4,B12,7,6,1,8,2,2,,6,6,1,21,8,B12,120.68914,24.181138,2
2023,1,11,12,20,臺中市,霧峰區,0,3,0,8,1,5,30,4,1,1,5,4,5,7,1,1,10,5,5,1,15,25,2,9,1,1,C03,7,9,1,10,2,11,,25,25,1,4,8,C03,120.664648,24.059994,2
2023,1,11,12,20,臺中市,梧棲區,0,0,0,,,,40,,,,,,,,,,,,,,,6,,,,,B03,,,1,,2,,,6,6,1,4,,B03,120.533585,24.254259,3
2023,1,11,12,21,臺中市,中區,0,1,0,8,1,5,50,4,1,1,5,4,5,7,1,1,10,5,5,2,13,23,2,7,1,1,C03,7,9,1,10,1,11,,23,23,1,21,8,C03,120.681757,24.136314,2
2023,1,11,12,21,臺中市,西屯區,0,1,0,8,1,5,50,4,1,1,5,4,5,7,1,1,10,5,5,2,17,23,2,9,1,1,C03,7,9,1,10,2,11,,23,23,1,21,8,C03,120.606381,24.192661,2
2023,1,11,12,22,臺中市,豐原區,0,0,0,8,,,50,,,,,,,,,,,,,,,42,,,,,C03,,,1,,11,,,42,,2,22,,C03,120.724055,24.245065,3
2023,1,11,12,24,臺中市,大里區,0,0,0,8,,,30,,,,,,,,,,,,,,,12,,,,,B03,,,1,,2,,,12,,1,5,,B03,120.683053,24.096455,3
2023,1,11,12,25,臺中市,南區,0,0,0,,,,,,,,,,,,,,,,,,,67,,,,,,,,,,,,,67,,1,,,,120.694266,24.135058,3
2023,1,11,12,28,臺中市,外埔區,0,1,0,7,1,5,50,14,11,1,5,4,3,7,4,4,9,5,4,1,13,23,2,9,1,1,C03,7,9,1,10,7,11,,23,23,1,22,8,C03,120.655603,24.329414,2
2023,1,11,12,29,臺中市,南屯區,0,1,0,8,1,5,50,4,2,1,5,4,5,7,1,1,5,5,4,2,16,25,2,9,1,1,C03,7,5,1,9,2,12,,25,25,1,4,8,C03,120.63619,24.140836,2
2023,1,11,12,30,臺中市,豐原區,0,0,0,8,,,50,,,,,,,,,,,,,,,17,,,,,B03,,,1,,2,,,38,17,1,22,,B03,120.725079,24.248627,3
2023,1,11,12,35,臺中市,大里區,0,2,0,8,1,5,50,3,1,1,5,4,5,7,4,4,10,5,5,2,16,6,2,7,1,1,C03,7,5,1,10,2,14,,6,6,1,22,8,C03,120.707638,24.091291,2
2023,1,11,12,36,臺中市,大里區,0,0,0,8,,,40,,,,,,,,,,,,,,,17,,,,,B03,,,1,,2,,,17,,1,22,,B03,120.685809,24.109973,3
2023,1,11,12,41,臺中市,太平區,0,0,0,8,,,50,,,,,,,,,,,,,,,23,,,,,B03,,,1,,2,,,23,,1,5,,B03,120.716026,24.151782,3
2023,1,11,12,43,臺中市,大甲區,0,0,0,8,,,50,,,,,,,,,,,,,,,16,,,,,B12,,,1,,1,,,16,,1,4,,B12,120.618626,24.351358,3
2023,1,11,12,46,臺中市,神岡區,0,0,0,8,,,40,,,,,,,,,,,,,,,42,,,,,B03,,,1,,1,,,42,,1,22,,B03,120.673287,24.269082,3
2023,1,11,12,47,臺中市,龍井區,0,0,0,8,,,60,,,,,,,,,,,,,,,23,,,,,A41,,,1,,2,,,23,,1,10,,A41,120.521797,24.216549,3
2023,1,11,12,49,臺中市,北區,0,1,0,8,1,5,50,14,8,1,5,4,5,7,4,4,8,3,4,2,12,7,3,10,1,1,C03,7,8,1,10,2,12,,7,7,1,5,8,C03,120.78349,24.156416,2
2023,1,11,12,50,臺中市,大里區,0,0,0,8,,,50,,,,,,,,,,,,,,,10,,,,,C03,,,1,,1,,,10,,1,18,,C03,120.681147,24.114304,3
2023,1,11,12,50,臺中市,烏日區,0,0,0,8,,,50,,,,,,,,,,,,,,,7,,,,,B12,,,1,,2,,,44,17,1,21,,B12,120.617629,24.105634,3
2023,1,11,12,50,臺中市,沙鹿區,0,0,0,8,1,5,50,3,9,1,5,4,5,7,1,1,4,3,4,1,13,23,,,,,C03,,,1,,2,,,23,,1,22,,C03,120.568148,24.236855,3
2023,1,11,12,54,臺中市,東區,0,1,0,8,1,5,50,4,1,1,5,4,5,7,1,1,5,4,4,2,12,9,3,10,1,1,B03,7,6,1,8,2,6,,9,9,1,22,8,B03,120.697928,24.13912,2
2023,1,11,12,54,臺中市,豐原區,0,0,0,8,,,50,,,,,,,,,,,,,,,18,,,,,A12,,,1,,2,,,18,,1,4,,A12,120.70423,24.239438,3
2023,1,11,12,55,臺中市,北區,0,1,0,8,1,5,50,4,1,1,5,4,5,7,1,1,10,5,5,2,13,16,2,9,1,1,C03,7,9,1,10,2,11,,16,16,1,22,8,C03,120.674507,24.162862,2
2023,1,11,12,56,臺中市,西屯區,0,0,0,8,,,50,,,,,,,,,,,,,,,17,,,,,A31,,,1,,1,,,17,,1,22,,A31,120.656115,24.198785,3
2023,1,11,12,58,臺中市,霧峰區,0,0,0,8,,,80,,,,,,,,,,,,,,,23,,,,,B03,,,1,,2,,,23,,1,22,,B03,120.684741,24.055411,3
2023,1,11,13,1,臺中市,太平區,0,0,0,8,,,50,,,,,,,,,,,,,,,1,,,,,C03,,,1,,2,,,1,1,1,21,,C03,120.716241,24.118816,3
2023,1,11,13,13,臺中市,西屯區,0,0,0,8,,,50,,,,,,,,,,,,,,,67,,,,,,,,,,,,,67,,1,,,,120.61548,24.174508,3
2023,1,11,13,13,臺中市,新社區,0,0,0,8,,,30,,,,,,,,,,,,,,,6,,,,,C03,,,1,,2,,,6,,1,22,,C03,120.797918,24.226641,3
2023,1,11,13,16,臺中市,西屯區,0,0,0,8,,,40,,,,,,,,,,,,,,,23,,,,,B03,,,1,,1,,,23,,1,22,,B03,120.645843,24.172423,3
2023,1,11,13,18,臺中市,南屯區,0,1,0,8,1,5,50,5,1,1,5,4,5,7,2,1,5,5,5,2,16,6,2,9,1,1,C03,7,5,1,10,2,12,,6,6,1,22,8,C03,120.654569,24.135273,2
2023,1,11,13,25,臺中市,北屯區,0,1,0,8,1,5,50,14,9,1,5,4,5,7,4,4,1,4,5,2,12,1,2,8,1,1,C03,7,4,1,10,1,11,,1,1,1,22,8,C03,120.687016,24.172763,2
2023,1,11,13,27,臺中市,西屯區,0,1,0,8,1,5,50,4,1,1,5,4,5,7,1,1,10,5,5,2,12,3,2,9,1,1,C03,7,8,1,10,2,12,,3,3,1,22,8,C03,120.635688,24.164305,2
2023,1,11,13,30,臺中市,大里區,0,2,0,8,1,5,30,4,1,1,5,4,5,7,3,1,5,5,5,1,16,6,2,9,1,1,C03,7,9,1,10,2,11,,6,6,1,5,8,C03,120.679221,24.096781,2
2023,1,11,13,30,臺中市,霧峰區,0,1,0,8,1,5,30,4,1,1,5,4,5,7,4,4,10,5,5,1,15,6,3,10,1,1,B03,7,9,1,8,2,5,,6,6,1,4,8,B03,120.687321,24.051462,2
2023,1,11,13,31,臺中市,清水區,0,0,0,8,,,50,,,,,,,,,,,,,,,16,,,,,B03,,,1,,2,,,16,,1,21,,B03,120.573074,24.263052,3
2023,1,11,13,34,臺中市,南屯區,0,0,0,8,,,50,,,,,,,,,,,,,,,6,,,,,B03,,,1,,1,,,6,,1,4,,B03,120.622385,24.150111,3
2023,1,11,13,36,臺中市,西屯區,0,1,0,8,1,5,30,4,1,1,5,4,5,7,4,4,10,4,5,2,15,6,3,10,1,1,B03,7,9,1,8,2,1,,6,6,1,22,8,B03,120.63811,24.182015,2
2023,1,11,13,41,臺中市,北屯區,0,0,0,8,,,50,,,,,,,,,,,,,,,23,,,,,B03,,,1,8,1,,,23,23,1,21,,B03,120.686216,24.181487,3
2023,1,11,13,52,臺中市,西屯區,0,0,0,8,,,50,,,,,,,,,,,,,,,23,,,,,B12,,,1,,1,,,23,23,1,22,,B12,120.64442,24.162721,3
2023,1,11,13,52,臺中市,大里區,0,0,0,8,,,50,,,,,,,,,,,,,,,17,,,,,B03,,,1,,2,,,17,,1,22,,B03,120.689833,24.113103,3
2023,1,11,13,54,臺中市,北區,0,0,0,8,,,50,,,,,,,,,,,,,,,19,,,,,C03,,,3,,11,,,19,,1,22,,C03,120.680361,24.167278,3
2023,1,11,13,57,臺中市,東勢區,0,0,0,8,,,30,,,,,,,,,,,,,,,5,,,,,B03,,,1,,2,,,5,,1,22,,B03,120.789889,24.315939,3
2023,1,11,14,0,臺中市,西區,0,0,0,,,,50,,,,,,,,,,,,,,,23,,,,,A12,,,1,,1,,,23,,1,10,,A12,120.653281,24.144998,3
2023,1,11,14,0,臺中市,霧峰區,0,0,0,8,,,50,,,,,,,,,,,,,,,17,,,,,B02,,,1,,2,,,17,,1,22,,B02,120.687433,24.054705,3
2023,1,11,14,5,臺中市,霧峰區,0,0,0,8,,,30,,,,,,,,,,,,,,,23,,,,,B03,,,1,,2,,,23,,1,9,,B03,120.696271,24.053702,3
2023,1,11,14,7,臺中市,南屯區,0,0,0,,,,50,,,,,,,,,,,,,,,23,,,,,B03,,,1,,2,,,23,,1,4,,B03,120.646434,24.152023,3
2023,1,11,14,9,臺中市,太平區,0,1,0,8,1,5,50,5,1,1,5,4,5,7,1,1,10,5,5,2,16,1,2,9,1,1,C03,7,4,1,10,2,14,,1,1,1,21,8,C03,120.722378,24.112677,2
2023,1,11,14,15,臺中市,神岡區,0,0,0,8,,,30,,,,,,,,,,,,,,,19,,,,,B03,,,1,,2,,,19,,1,22,,B03,120.688217,24.278928,3