年,月,日,時,分,縣市,區,死,受傷,2-30,天候,光線,道路類別,速限,道路型態,事故位置,路面鋪裝,路面狀態,路面缺陷,障礙物,視距,號誌種類,號誌動作,分向設施,快車道或一般車道間,快慢車道間,路面邊線,事故類型及型態,主要肇因,受傷程度,主要傷處,保護裝備,行動電話,當事者區分,車輛用途,當事者行動狀態,駕駛資格情形,駕駛執照種類,飲酒情形,車輛撞擊部位最初,車輛撞擊部位其他,肇事因素個別,肇事因素主要,肇事逃逸,職業,旅次目的,車種,GPS緯度,GPS經度,事故類別
2023,1,11,14,18,臺中市,梧棲區,0,1,0,8,1,5,50,4,2,1,5,4,5,7,4,4,10,5,5,2,12,23,3,10,1,1,B03,7,9,1,8,2,2,,23,23,1,5,8,B03,120.541578,24.257717,2
2023,1,11,14,20,臺中市,大肚區,0,0,0,8,,,30,,,,,,,,,,,,,,,12,,,,,B12,,,1,,2,,,12,,1,21,,B12,120.56683,24.123396,3
2023,1,11,14,23,臺中市,西區,0,2,0,8,1,5,50,14,9,1,5,4,5,7,4,4,10,4,5,2,16,7,2,7,1,1,C02,7,7,4,10,2,14,,7,7,1,22,8,C02,120.673972,24.146984,2
2023,1,11,14,27,臺中市,南屯區,0,0,0,8,,,50,,,,,,,,,,,,,,,16,,,,,B03,,,1,,1,,,16,16,1,22,,B03,120.635069,24.152169,3
2023,1,11,14,28,臺中市,東區,0,0,0,,,,50,,,,,,,,,,,,,,,26,,,,,B12,,,1,,1,,,26,,1,20,,B12,120.706117,24.12978,3
2023,1,11,14,30,臺中市,沙鹿區,0,1,0,8,1,5,50,3,1,1,5,4,5,7,4,4,10,5,5,2,16,6,3,10,1,1,B03,7,11,1,8,7,8,,6,6,1,21,8,B03,120.55789,24.235039,2
2023,1,11,14,36,臺中市,梧棲區,0,1,0,7,1,5,40,14,8,1,5,4,5,7,4,4,1,4,1,1,17,23,2,9,1,1,C03,7,9,1,10,2,12,,23,23,1,4,8,C03,120.550973,24.244802,2
2023,1,11,14,40,臺中市,外埔區,0,1,0,7,1,5,50,14,12,1,5,4,5,7,4,4,5,4,4,1,17,40,3,10,1,1,B02,7,13,1,8,2,4,,40,40,1,22,8,B02,120.637374,24.341615,2
2023,1,11,14,42,臺中市,北屯區,0,0,0,8,,,50,,,,,,,,,,,,,,,16,,,,,B03,,,1,,1,,,16,,1,21,,B03,120.686943,24.185868,3
2023,1,11,14,55,臺中市,中區,0,0,0,8,,,50,,,,,,,,,,,,,,,23,,,,,C03,,,1,,1,,,23,,1,20,,C03,120.678039,24.140989,3
2023,1,11,14,57,臺中市,北屯區,0,0,0,8,,,30,,,,,,,,,,,,,,,23,,,,,B03,,,1,,1,,,23,,1,22,,B03,120.664648,24.200723,3
2023,1,11,14,57,臺中市,北屯區,0,0,0,8,,,40,,,,,,,,,,,,,,,23,,,,,B12,,,1,,1,,,23,,1,22,,B12,120.686751,24.201673,3
2023,1,11,14,59,臺中市,東區,0,2,0,8,1,5,50,4,1,1,5,4,5,7,4,4,9,4,5,2,16,6,2,8,1,1,C03,7,9,1,10,2,14,,6,6,1,4,1,C03,120.697178,24.141514,2
2023,1,11,15,0,臺中市,北區,0,2,0,8,1,5,30,4,1,1,5,4,5,7,4,4,9,5,5,2,16,6,2,9,1,1,C03,7,5,1,10,2,11,,6,6,1,5,5,C03,120.679207,24.160347,2
2023,1,11,15,15,臺中市,和平區,0,0,0,8,,,40,,,,,,,,,,,,,,,19,,,,,B03,,,1,,2,,,19,19,1,21,,B03,120.882118,24.178303,3
2023,1,11,15,17,臺中市,豐原區,0,0,0,8,,,50,,,,,,,,,,,,,,,17,,,,,B03,,,1,,2,,,17,,1,22,,B03,120.728689,24.245561,3
2023,1,11,15,21,臺中市,太平區,0,1,0,8,1,5,50,14,9,1,5,4,5,7,4,4,1,4,5,2,16,23,2,9,1,1,C03,7,9,1,10,2,14,,23,23,1,5,8,C03,120.711455,24.142888,2
2023,1,11,15,22,臺中市,西屯區,0,1,0,8,1,5,50,14,9,1,5,4,5,7,4,4,1,4,5,2,12,42,3,10,3,4,B03,7,9,3,18,2,2,,42,42,1,22,8,B03,120.651123,24.164765,2
2023,1,11,15,27,臺中市,北區,0,0,0,,,,50,,,,,,,,,,,,,,,23,,,,,B03,,,1,,2,,,23,,1,22,,B03,120.669308,24.173399,3
2023,1,11,15,30,臺中市,西屯區,0,1,0,8,1,5,50,4,1,1,5,4,5,7,2,1,10,5,5,2,16,19,3,10,1,1,B03,7,1,1,8,2,8,,19,19,1,22,8,B03,120.659481,24.175598,2
2023,1,11,15,33,臺中市,太平區,0,1,0,8,1,5,50,5,1,1,5,4,5,7,1,1,10,5,5,2,12,42,2,9,1,1,C03,7,9,4,8,2,12,,42,42,1,21,8,C03,120.703152,24.14814,2
2023,1,11,15,34,臺中市,南屯區,0,0,0,,,,50,,,,,,,,,,,,,,,6,,,,,B12,,,1,,2,,,6,,1,22,,B12,120.649761,24.153599,3
2023,1,11,15,37,臺中市,西屯區,0,0,0,8,,,50,,,,,,,,,,,,,,,7,,,,,B03,,,1,,2,,,7,,1,22,,B03,120.658417,24.200345,3
2023,1,11,15,40,臺中市,沙鹿區,0,1,0,8,1,5,40,14,8,1,5,4,5,7,4,4,1,4,1,1,18,42,2,9,1,1,C03,7,5,1,9,2,14,,42,42,1,18,8,C03,120.574112,24.229479,2
2023,1,11,15,41,臺中市,南區,0,0,0,8,,,40,,,,,,,,,,,,,,,23,,,,,B03,,,1,8,2,,,23,23,1,21,,B03,120.667435,24.114408,3
2023,1,11,15,43,臺中市,大肚區,0,1,0,8,1,5,50,14,9,1,5,4,5,7,4,4,5,5,5,1,17,23,3,10,1,1,A11,7,9,1,3,2,5,,23,23,1,10,8,A11,120.58,24.17,2
2023,1,11,15,45,臺中市,西屯區,0,1,0,8,1,5,50,4,2,1,5,4,5,7,1,1,10,4,5,2,16,25,3,10,3,4,B03,7,9,1,8,2,6,,25,25,1,22,8,B03,120.611155,24.190625,2
2023,1,11,15,49,臺中市,北區,0,1,0,8,1,5,50,4,2,1,5,4,5,7,1,1,5,5,4,2,17,23,3,10,1,1,B03,7,5,1,8,2,5,,23,23,1,20,8,B03,120.682342,24.165132,2
2023,1,11,15,51,臺中市,太平區,0,0,0,8,,,50,,,,,,,,,,,,,,,12,,,,,B03,,,1,,2,,,12,,1,21,,B03,120.710353,24.125648,3
2023,1,11,15,52,臺中市,霧峰區,0,1,0,8,1,5,50,14,9,1,5,4,5,7,4,4,5,4,4,1,19,42,2,8,1,1,C03,7,9,1,10,2,11,,42,42,1,18,2,C03,120.703375,24.07616,2
2023,1,11,15,54,臺中市,北區,0,2,0,8,1,5,50,4,1,1,5,4,5,7,3,1,10,5,5,2,15,6,3,10,1,1,B03,7,9,1,8,2,5,,6,6,1,22,9,B03,120.697346,24.158396,2
2023,1,11,15,54,臺中市,霧峰區,0,3,0,8,1,5,60,3,1,1,5,4,5,7,4,4,10,5,5,2,17,8,2,9,1,1,C03,7,5,1,10,2,14,,8,8,1,21,5,C03,120.691952,24.044522,2
2023,1,11,15,55,臺中市,大雅區,0,0,0,8,,,50,,,,,,,,,,,,,,,23,,,,,B03,,,1,,2,,,23,,1,22,,B03,120.675325,24.216229,3
2023,1,11,15,57,臺中市,北區,0,0,0,8,1,5,50,4,1,1,5,4,5,7,1,1,1,4,4,2,12,26,3,10,1,1,B03,7,7,1,8,1,6,,26,26,1,5,5,B03,120.685024,24.165291,3
2023,1,11,16,1,臺中市,南屯區,0,0,0,8,,,50,,,,,,,,,,,,,,,26,,,,,B03,,,1,,2,,,44,26,1,22,,B03,120.649733,24.151169,3
2023,1,11,16,5,臺中市,沙鹿區,0,1,0,8,1,5,40,15,11,1,5,4,5,7,4,4,1,2,1,2,16,7,2,8,1,1,C03,7,8,1,10,2,12,,7,7,1,21,8,C03,120.577886,24.223601,2
2023,1,11,16,6,臺中市,西屯區,0,1,0,8,1,5,30,4,1,1,5,4,5,7,4,4,10,5,5,2,15,6,2,9,1,1,C03,7,9,1,10,2,12,,6,6,1,22,8,C03,120.618741,24.185978,2
2023,1,11,16,6,臺中市,太平區,0,1,0,8,1,5,50,14,9,1,5,4,5,7,1,1,5,5,5,1,16,1,3,10,1,1,B12,7,4,1,8,2,15,,1,1,1,5,8,B12,120.718074,24.122696,2
2023,1,11,16,8,臺中市,中區,0,0,0,8,,,50,,,,,,,,,,,,,,,7,,,,,B12,,,1,,1,,,7,,1,22,,B12,120.683584,24.136518,3
2023,1,11,16,10,臺中市,潭子區,0,1,0,8,1,5,50,4,1,1,5,4,5,7,2,1,8,3,4,1,17,23,3,10,1,1,B03,7,5,1,8,2,8,,23,23,1,22,8,B03,120.722619,24.204066,2
2023,1,11,16,11,臺中市,北屯區,0,0,0,8,,,40,,,,,,,,,,,,,,,60,,,,,H01,,,2,,10,,,60,,1,21,,H01,120.733883,24.157979,3
2023,1,11,16,15,臺中市,南屯區,0,1,0,8,1,5,50,14,8,1,5,4,5,7,4,4,5,5,4,2,17,6,3,10,1,1,B03,7,8,1,8,2,5,,6,6,1,4,8,B03,120.610336,24.134252,2
2023,1,11,16,20,臺中市,豐原區,0,0,0,8,,,60,,,,,,,,,,,,,,,42,,,,,A12,,,1,,2,,,42,,1,22,,A12,120.730819,24.265616,3
2023,1,11,16,20,臺中市,豐原區,0,1,0,8,1,5,50,14,9,1,5,4,5,7,2,1,3,4,5,2,13,23,2,9,1,1,C03,7,9,1,10,2,12,,23,23,1,22,8,C03,120.736016,24.260911,2
2023,1,11,16,22,臺中市,南屯區,0,0,0,8,,,50,,,,,,,,,,,,,,,23,,,,,B03,,,1,,2,,,23,,1,5,,B03,120.648499,24.152002,3
2023,1,11,16,22,臺中市,豐原區,0,1,0,8,1,5,50,14,7,1,5,4,5,7,4,4,4,3,4,2,14,12,3,10,1,1,B12,7,2,1,8,2,3,,12,12,1,4,3,B12,120.719788,24.23988,2
2023,1,11,16,25,臺中市,烏日區,0,0,0,8,1,5,50,14,9,1,5,4,5,7,1,1,9,4,5,1,13,23,,,,,B12,,,1,,2,,,23,23,1,22,,B12,120.650597,24.108964,3
2023,1,11,16,27,臺中市,神岡區,0,2,0,7,1,5,50,5,1,1,5,4,5,7,1,1,9,5,5,1,16,8,2,9,1,1,C03,7,5,1,10,11,12,,8,8,1,22,8,C03,120.677487,24.264958,2
2023,1,11,16,29,臺中市,北屯區,0,2,0,8,1,5,50,4,2,1,5,4,5,7,1,1,5,4,5,2,16,25,2,8,1,1,F01,7,9,8,20,2,16,,25,25,1,22,8,F01,120.711355,24.1722,2
2023,1,11,16,30,臺中市,北屯區,0,0,0,8,,,50,,,,,,,,,,,,,,,6,,,,,B03,,,1,,1,,,6,,1,21,,B03,120.725441,24.165391,3
2023,1,11,16,31,臺中市,大里區,0,1,0,8,1,5,50,4,1,1,5,4,5,7,1,1,10,5,5,2,16,6,3,10,1,1,B03,7,6,1,8,2,5,,6,6,1,22,9,B03,120.688953,24.119825,2
2023,1,11,16,35,臺中市,潭子區,0,1,0,8,1,5,50,14,8,1,5,4,5,7,4,4,5,4,4,2,17,42,2,9,1,1,C03,7,1,1,10,2,14,,42,42,1,22,8,C03,120.700751,24.21145,2
2023,1,11,16,35,臺中市,豐原區,0,1,0,8,1,5,50,3,7,1,5,4,5,7,1,1,4,4,4,2,17,7,3,10,1,1,C03,7,8,1,10,2,11,,7,7,1,4,1,C03,120.707511,24.247105,2
2023,1,11,16,40,臺中市,豐原區,0,1,0,8,1,5,50,5,1,1,5,4,5,7,1,1,10,5,5,2,17,17,3,10,1,1,B03,7,9,1,8,2,2,,44,17,1,22,8,B03,120.722069,24.257077,2
2023,1,11,16,42,臺中市,西屯區,0,0,0,8,,,50,,,,,,,,,,,,,,,23,,,,,B03,,,1,,1,,,23,,1,22,,B03,120.63827,24.167665,3
2023,1,11,16,45,臺中市,中區,0,0,0,8,,,50,,,,,,,,,,,,,,,23,,,,,C03,,,1,,2,,,23,,1,4,,C03,120.679925,24.139145,3
2023,1,11,16,46,臺中市,西屯區,0,0,0,8,,,50,,,,,,,,,,,,,,,23,,,,,B03,,,1,,1,,,23,,1,22,,B03,120.65016,24.163915,3
2023,1,11,16,51,臺中市,西區,0,0,0,8,,,50,,,,,,,,,,,,,,,26,,,,,C03,,,6,,1,,,26,26,1,20,,C03,120.670534,24.146111,3
2023,1,11,16,55,臺中市,神岡區,0,1,0,8,2,5,50,14,9,1,5,4,5,7,4,4,5,5,4,2,27,66,,,,,,,,,,,,,66,66,1,,,,120.694299,24.247583,2
2023,1,11,17,4,臺中市,北屯區,0,0,0,8,,,50,,,,,,,,,,,,,,,23,,,,,B12,,,1,,1,,,23,,1,4,,B12,120.6878,24.1831,3
2023,1,11,17,5,臺中市,潭子區,0,0,0,8,,,30,,,,,,,,,,,,,,,23,,,,,C03,,,1,,9,,,23,,1,22,,C03,120.701331,24.22295,3
2023,1,11,17,7,臺中市,太平區,0,0,0,8,,,50,,,,,,,,,,,,,,,18,,,,,B03,,,3,,1,,,18,,1,19,,B03,120.72131,24.155853,3
2023,1,11,17,8,臺中市,西區,0,0,0,8,,,50,,,,,,,,,,,,,,,17,,,,,B12,,,1,,1,,,17,,1,21,,B12,120.667459,24.153722,3
2023,1,11,17,10,臺中市,東區,0,0,0,8,,,30,,,,,,,,,,,,,,,12,,,,,A11,,,1,,11,,,12,67,1,5,,A11,120.698616,24.149668,3
2023,1,11,17,10,臺中市,神岡區,0,1,0,8,1,5,50,3,1,1,5,4,5,7,4,4,9,4,4,1,17,11,3,10,1,1,C03,7,11,1,10,2,12,,11,11,1,21,8,C03,120.67039,24.256603,2
2023,1,11,17,11,臺中市,西屯區,0,1,0,8,2,5,40,14,8,1,5,4,5,7,4,4,1,3,1,2,29,67,,,,,,,,,,,,,67,67,1,,,,120.650583,24.161856,2
2023,1,11,17,14,臺中市,西屯區,0,0,0,8,,,50,,,,,,,,,,,,,,,42,,,,,B03,,,1,,9,,,42,,1,22,,B03,120.632428,24.161886,3
2023,1,11,17,18,臺中市,沙鹿區,0,0,0,8,,,50,,,,,,,,,,,,,,,23,,,,,B03,,,1,,2,,,23,,1,1,,B03,120.565,24.232777,3
2023,1,11,17,20,臺中市,西屯區,0,0,0,8,,,50,,,,,,,,,,,,,,,6,,,,,B03,,,1,,1,,,6,,1,22,,B03,120.621559,24.172688,3
2023,1,11,17,24,臺中市,大甲區,0,2,0,8,1,5,50,3,1,1,5,4,5,7,4,4,4,4,5,1,29,67,,,,,,,,,,,,,67,67,1,,,,120.615976,24.354824,2
2023,1,11,17,25,臺中市,大雅區,0,0,0,8,,,50,,,,,,,,,,,,,,,7,,,,,B03,,,1,,1,,,7,,1,22,,B03,120.614082,24.236005,3
2023,1,11,17,25,臺中市,大里區,0,0,0,8,,,40,,,,,,,,,,,,,,,23,,,,,B03,,,1,,2,,,23,,1,5,,B03,120.68698,24.093622,3
2023,1,11,17,25,臺中市,太平區,0,1,0,8,1,5,30,4,1,1,5,4,5,7,4,4,10,5,5,2,15,6,2,8,1,1,C03,7,9,1,10,2,12,,6,6,1,21,8,C03,120.732124,24.150121,2
2023,1,11,17,26,臺中市,西區,0,3,0,8,2,5,50,14,9,1,5,4,5,7,4,4,9,5,5,2,16,19,2,9,1,1,C03,7,1,1,10,2,12,,19,19,1,22,8,C03,120.675526,24.141173,2
2023,1,11,17,27,臺中市,大里區,0,0,0,8,,,50,,,,,,,,,,,,,,,16,,,,,B03,,,1,,2,,,16,,1,22,,B03,120.689631,24.115402,3
2023,1,11,17,28,臺中市,南區,0,2,0,8,1,5,50,14,9,1,5,4,5,7,4,4,5,5,5,2,9,23,2,9,3,4,C03,7,8,1,10,2,11,,23,23,1,22,8,C03,120.679406,24.128917,2
2023,1,11,17,31,臺中市,太平區,0,0,0,8,,,30,,,,,,,,,,,,,,,12,,,,,B12,,,1,,2,,,12,,1,4,,B12,120.717642,24.150386,3
2023,1,11,17,35,臺中市,大里區,0,0,0,8,,,50,,,,,,,,,,,,,,,7,,,,,B03,,,1,,2,,,7,,1,22,,B03,120.729213,24.094053,3
2023,1,11,17,36,臺中市,神岡區,0,2,0,8,1,5,50,3,1,1,5,4,5,7,1,1,10,5,5,2,17,6,2,9,3,4,C03,7,5,1,10,2,12,,6,6,1,22,9,C03,120.660661,24.254872,2
2023,1,11,17,40,臺中市,大雅區,0,1,0,8,3,5,50,14,8,1,5,4,5,7,4,4,9,4,4,1,17,40,3,10,3,4,B03,7,13,1,8,2,4,,40,40,1,22,9,B03,120.645597,24.22461,2
2023,1,11,17,40,臺中市,北區,0,2,0,8,3,5,50,4,9,1,5,4,5,7,2,1,3,5,5,2,13,23,2,9,1,1,C03,7,9,1,10,2,11,,23,23,1,21,8,C03,120.682365,24.163041,2
2023,1,11,17,40,臺中市,西屯區,0,0,0,8,,,70,,,,,,,,,,,,,,,23,,,,,B03,,,1,,1,,,23,,1,22,,B03,120.623768,24.179201,3
2023,1,11,17,43,臺中市,西屯區,0,2,0,8,3,5,50,14,9,1,5,4,5,7,4,4,1,4,5,2,17,44,3,10,3,4,B03,7,6,1,8,2,2,,44,44,1,22,9,B03,120.648526,24.16179,2
2023,1,11,17,43,臺中市,大甲區,0,1,0,8,3,5,50,3,1,1,5,4,5,7,4,4,4,5,5,1,15,23,3,10,1,1,B03,7,9,1,8,2,8,,23,23,1,22,9,B03,120.65961,24.383659,2
2023,1,11,17,46,臺中市,西區,0,0,0,8,,,50,,,,,,,,,,,,,,,42,,,,,B03,,,1,,1,,,42,42,1,2,,B03,120.658247,24.146726,3
2023,1,11,17,46,臺中市,西區,0,0,0,8,,,50,,,,,,,,,,,,,,,6,,,,,C03,,,1,,1,,,6,,1,21,,C03,120.660585,24.160795,3
2023,1,11,17,46,臺中市,北屯區,0,1,0,8,3,5,50,3,2,1,5,4,5,7,4,4,3,4,4,2,16,6,3,10,1,1,B03,7,6,1,8,2,2,,6,6,1,22,8,B03,120.686415,24.189339,2
2023,1,11,17,46,臺中市,西屯區,0,1,0,8,1,5,30,4,1,1,5,4,5,7,4,4,10,5,5,2,15,6,2,7,3,4,C03,7,9,1,10,1,11,,6,6,1,22,8,C03,120.625263,24.191333,2
2023,1,11,17,48,臺中市,沙鹿區,0,0,0,8,,,50,,,,,,,,,,,,,,,23,,,,,B03,,,1,,1,,,23,,1,4,,B03,120.606002,24.246564,3
2023,1,11,17,49,臺中市,大雅區,0,4,0,8,3,5,50,3,1,1,5,4,5,7,1,1,9,4,5,1,17,43,,,,,,,,,,,,,43,43,2,,,,120.673399,24.231629,2
2023,1,11,17,50,臺中市,大雅區,0,0,0,8,,,50,,,,,,,,,,,,,,,23,,,,,B03,,,1,,2,,,23,23,1,22,,B03,120.613476,24.225149,3
2023,1,11,17,50,臺中市,豐原區,0,1,0,8,3,5,50,4,1,1,5,4,5,7,1,1,1,4,4,1,16,6,3,10,1,1,B03,7,5,1,8,2,1,,6,6,1,22,8,B03,120.747678,24.266535,2
2023,1,11,17,51,臺中市,南屯區,0,0,0,8,,,50,,,,,,,,,,,,,,,10,,,,,C03,,,1,,1,,,10,,1,4,,C03,120.61181,24.14869,3
2023,1,11,17,53,臺中市,龍井區,0,2,0,8,3,5,30,4,1,1,5,4,5,7,4,4,10,5,5,2,16,6,2,9,1,1,C03,7,6,1,10,2,12,,6,6,1,5,1,C03,120.538674,24.190827,2
2023,1,11,17,54,臺中市,大雅區,0,0,0,8,,,50,,,,,,,,,,,,,,,7,,,,,B12,,,1,,2,,,7,7,1,22,,B12,120.628647,24.242088,3
2023,1,11,17,54,臺中市,大里區,0,0,0,8,1,5,50,14,9,1,5,4,5,7,4,4,1,3,1,1,12,7,,,,,C03,,,2,,2,,,7,,1,18,,C03,120.693385,24.090372,3
2023,1,11,18,0,臺中市,北屯區,0,0,0,,,,50,,,,,,,,,,,,,,,8,,,,,B03,,,1,,2,,,8,,1,21,,B03,120.680895,24.176488,3
2023,1,11,18,0,臺中市,西屯區,0,0,0,8,,,50,,,,,,,,,,,,,,,23,,,,,B03,,,1,,2,,,23,,1,22,,B03,120.658407,24.170662,3
2023,1,11,18,4,臺中市,北區,0,1,0,8,3,5,50,3,7,1,5,4,5,7,1,1,1,4,4,2,13,23,2,9,1,1,C03,7,9,1,10,2,11,,23,23,1,5,5,C03,120.694441,24.159972,2
2023,1,11,18,6,臺中市,東區,0,1,0,7,3,5,50,4,2,1,5,4,5,7,1,1,5,5,5,2,13,23,3,10,1,1,B03,7,9,1,8,2,5,,23,23,1,21,8,B03,120.68745,24.135066,2
2023,1,11,18,6,臺中市,大肚區,0,1,0,4,3,5,30,14,9,1,5,4,5,7,4,4,10,5,5,2,14,12,3,10,1,1,B03,7,2,1,8,2,3,,12,12,1,21,8,B03,120.57,24.17,2
2023,1,11,18,7,臺中市,南區,0,2,0,8,2,5,50,4,1,1,5,4,5,7,1,1,10,5,5,2,13,16,2,9,1,1,C03,7,9,1,10,2,11,,16,16,1,21,8,C03,120.669023,24.128559,2
2023,1,11,18,10,臺中市,西屯區,0,0,0,8,,,60,,,,,,,,,,,,,,,23,,,,,B03,,,1,,1,,,23,,1,22,,B03,120.657611,24.158141,3
2023,1,11,18,10,臺中市,大里區,0,0,0,8,,,50,,,,,,,,,,,,,,,16,,,,,C03,,,1,,2,,,16,16,1,22,,C03,120.682738,24.115161,3
2023,1,11,18,12,臺中市,西屯區,0,0,0,8,,,50,,,,,,,,,,,,,,,7,,,,,B12,,,1,,1,,,7,,1,22,,B12,120.655195,24.199236,3
2023,1,11,18,12,臺中市,清水區,0,1,0,8,3,5,50,3,2,1,5,4,5,7,1,1,1,4,4,2,16,7,3,10,1,1,B03,7,7,1,8,2,5,,7,7,1,5,1,B03,120.568334,24.269518,2
2023,1,11,18,13,臺中市,北屯區,0,0,0,8,,,50,,,,,,,,,,,,,,,19,,,,,B03,,,1,,1,,,19,,1,21,,B03,120.726201,24.173945,3
2023,1,11,18,18,臺中市,西屯區,0,0,0,8,,,50,,,,,,,,,,,,,,,19,,,,,B01,,,1,,1,,,19,,1,22,,B01,120.652838,24.166708,3
2023,1,11,18,18,臺中市,西屯區,0,0,0,8,,,50,,,,,,,,,,,,,,,23,,,,,C03,,,1,,1,,,23,,1,22,,C03,120.654544,24.176284,3
2023,1,11,18,18,臺中市,外埔區,0,0,0,8,3,5,30,13,9,1,5,4,5,7,4,4,10,5,5,2,11,44,,,,,B03,,,1,,2,,,44,,1,22,,B03,120.642177,24.34171,3
2023,1,11,18,20,臺中市,北區,0,1,0,8,3,5,50,14,8,1,5,4,5,7,4,4,5,4,4,1,8,23,3,10,3,4,F06,7,9,8,20,2,15,,23,23,1,22,9,F06,120.683672,24.147951,2
2023,1,11,18,21,臺中市,北屯區,0,1,0,8,3,5,50,5,2,1,5,4,5,7,1,1,3,4,5,2,13,23,2,8,1,1,C03,7,9,1,10,2,11,,23,23,1,22,8,C03,120.674112,24.173988,2
2023,1,11,18,21,臺中市,沙鹿區,0,0,0,8,,,40,,,,,,,,,,,,,,,16,,,,,B03,,,1,,2,,,16,16,1,21,,B03,120.564279,24.236543,3
2023,1,11,18,23,臺中市,大里區,0,1,0,8,1,5,50,14,9,1,5,4,5,7,4,4,9,5,5,2,13,16,2,4,1,1,C03,7,9,1,10,2,11,,16,16,1,21,5,C03,120.699037,24.085336,2
2023,1,11,18,24,臺中市,北屯區,0,0,0,8,,,50,,,,,,,,,,,,,,,23,,,,,B03,,,1,,1,,,23,,1,21,,B03,120.7381,24.1784,3
2023,1,11,18,25,臺中市,西屯區,0,1,0,8,4,5,50,4,1,1,5,4,5,7,2,1,9,4,5,2,16,6,3,10,1,1,B03,7,5,1,8,2,1,,6,6,1,22,8,B03,120.62453,24.179976,2
2023,1,11,18,25,臺中市,西屯區,0,2,0,8,1,5,50,4,1,1,5,4,5,7,2,1,5,4,4,2,16,23,2,9,3,4,C03,7,9,1,10,2,12,,23,23,1,22,8,C03,120.65989,24.16548,2
2023,1,11,18,27,臺中市,大甲區,0,0,0,,,,40,,,,,,,,,,,,,,,6,,,,,C04,,,1,,2,,,6,6,1,22,,C04,120.616323,24.348193,4
2023,1,11,18,31,臺中市,東區,0,1,0,8,3,5,50,4,1,1,5,4,5,7,4,4,5,5,5,2,16,26,3,10,3,4,B03,7,5,1,8,2,2,,26,26,1,5,8,B03,120.703481,24.140496,2
2023,1,11,18,34,臺中市,西屯區,0,1,0,8,3,5,50,3,1,1,5,4,5,7,4,4,10,5,5,2,16,6,3,10,3,4,B03,7,6,1,8,2,2,,6,6,1,22,8,B03,120.63702,24.184828,2
2023,1,11,18,38,臺中市,西屯區,0,1,0,8,3,5,50,4,1,1,5,4,5,7,1,1,10,5,5,2,1,15,3,10,1,1,B03,7,5,3,18,1,4,,15,15,1,4,8,B03,120.623147,24.176,2
2023,1,11,18,39,臺中市,烏日區,0,0,0,8,,,60,,,,,,,,,,,,,,,7,,,,,B03,,,1,,2,,,7,,1,21,,B03,120.609262,24.107698,3
2023,1,11,18,40,臺中市,南屯區,0,0,0,,,,40,,,,,,,,,,,,,,,23,,,,,B02,,,1,,2,,,23,,1,4,,B02,120.643455,24.144731,3
2023,1,11,18,47,臺中市,大雅區,0,1,0,8,3,5,50,4,1,1,5,4,5,7,1,1,9,4,5,1,17,43,,,,,,,,,,,,,43,43,2,,,,120.652158,24.227438,2
2023,1,11,18,50,臺中市,北區,0,1,0,8,3,5,50,4,2,1,5,4,5,7,2,1,2,4,4,2,13,23,3,10,1,1,C03,7,9,1,10,2,11,,23,23,1,21,8,C03,120.691825,24.160146,2
2023,1,11,18,52,臺中市,沙鹿區,0,2,0,8,4,5,30,14,9,1,5,4,5,7,4,4,10,5,5,2,11,42,2,9,1,1,C03,7,9,1,10,2,14,,42,42,1,1,1,C03,120.561111,24.245,2
2023,1,11,18,55,臺中市,大里區,0,2,0,8,1,5,50,3,2,1,5,4,5,7,3,1,10,5,5,2,16,8,2,9,1,1,C03,7,5,1,10,2,14,,8,8,1,22,8,C03,120.692721,24.0749,2
2023,1,11,18,57,臺中市,南屯區,0,1,0,8,3,5,40,4,1,1,5,4,5,7,2,1,1,5,4,2,16,5,3,10,1,1,B03,7,6,1,8,2,5,,5,5,1,21,8,B03,120.615231,24.147953,2
2023,1,11,18,58,臺中市,大甲區,0,2,0,8,3,5,50,3,9,1,5,4,5,7,4,4,4,5,5,1,16,10,2,8,1,1,C03,7,11,6,18,2,14,,10,10,1,22,8,C03,120.619047,24.345669,2
2023,1,11,18,59,臺中市,太平區,0,0,0,8,,,50,,,,,,,,,,,,,,,16,,,,,B03,,,1,,2,,,16,,1,21,,B03,120.704097,24.148072,3
2023,1,11,19,3,臺中市,北屯區,0,1,0,8,3,5,50,3,1,1,5,4,5,7,4,4,1,4,4,1,14,12,3,10,1,1,B03,7,2,1,8,2,3,,12,12,1,21,8,B03,120.691678,24.182428,2
2023,1,11,19,3,臺中市,西屯區,0,0,0,8,,,30,,,,,,,,,,,,,,,8,,,,,B03,,,1,,1,,,8,,1,22,,B03,120.646236,24.184424,3
2023,1,11,19,5,臺中市,南屯區,0,0,0,8,,,50,,,,,,,,,,,,,,,42,,,,,C03,,,1,,2,,,42,,1,5,,C03,120.652439,24.142614,3
2023,1,11,19,5,臺中市,西屯區,0,2,0,8,1,5,40,4,1,1,5,4,5,7,2,1,5,4,4,2,3,15,2,7,3,4,C03,7,6,1,10,2,11,,15,15,1,22,8,C03,120.611288,24.191848,2