年,月,日,時,分,縣市,區,死,受傷,2-30,天候,光線,道路類別,速限,道路型態,事故位置,路面鋪裝,路面狀態,路面缺陷,障礙物,視距,號誌種類,號誌動作,分向設施,快車道或一般車道間,快慢車道間,路面邊線,事故類型及型態,主要肇因,受傷程度,主要傷處,保護裝備,行動電話,當事者區分,車輛用途,當事者行動狀態,駕駛資格情形,駕駛執照種類,飲酒情形,車輛撞擊部位最初,車輛撞擊部位其他,肇事因素個別,肇事因素主要,肇事逃逸,職業,旅次目的,車種,GPS緯度,GPS經度,事故類別
2023,1,12,14,11,臺中市,西屯區,0,0,0,8,,,30,,,,,,,,,,,,,,,17,,,,,B02,,,1,,2,,,17,,1,22,,B02,120.651788,24.165325,3
2023,1,12,14,13,臺中市,西區,0,0,0,8,,,50,,,,,,,,,,,,,,,23,,,,,B03,,,1,,2,,,23,,1,22,,B03,120.661806,24.156,3
2023,1,12,14,15,臺中市,西屯區,0,0,0,8,,,50,,,,,,,,,,,,,,,7,,,,,C03,,,1,,1,,,7,,1,21,,C03,120.655803,24.180315,3
2023,1,12,14,16,臺中市,南屯區,0,3,0,8,1,5,50,4,2,1,5,4,5,7,1,1,4,3,5,2,16,23,2,9,1,1,C03,7,9,1,10,2,11,12,23,23,1,22,8,C03,120.620741,24.139916,2
2023,1,12,14,16,臺中市,南屯區,0,2,0,8,1,5,50,14,9,1,5,4,5,7,4,4,3,4,5,2,12,6,3,10,3,4,C03,7,6,1,10,2,13,,6,6,1,22,8,C03,120.641563,24.141338,2
2023,1,12,14,18,臺中市,南屯區,0,1,0,8,1,5,50,4,1,1,5,4,5,7,4,4,5,5,5,2,15,6,3,10,1,1,B03,7,9,1,8,2,5,,6,6,1,22,8,B03,120.613534,24.150437,2
2023,1,12,14,25,臺中市,北區,0,1,0,8,1,5,50,14,9,1,5,4,5,7,4,4,9,5,5,2,13,23,2,9,1,1,C03,7,9,1,10,2,11,,23,23,1,22,9,C03,120.687281,24.15224,2
2023,1,12,14,32,臺中市,太平區,0,1,0,8,1,5,50,11,9,1,5,4,5,7,4,4,5,4,5,2,16,23,2,8,1,1,C03,7,15,1,10,2,12,11,23,23,1,18,8,C03,120.73409,24.150667,2
2023,1,12,14,35,臺中市,西屯區,0,2,0,8,1,5,50,4,1,1,5,4,5,7,4,4,5,5,4,2,16,6,3,10,1,1,B03,7,9,1,8,2,1,,6,6,1,22,8,B03,120.641499,24.161002,2
2023,1,12,14,40,臺中市,大里區,0,1,0,8,1,5,30,14,9,1,5,4,5,7,4,4,5,5,5,1,13,43,2,9,1,1,C03,7,9,1,10,2,14,,43,43,1,4,8,C03,120.671801,24.087503,2
2023,1,12,14,41,臺中市,西區,0,0,0,8,,,50,,,,,,,,,,,,,,,42,,,,,B03,,,1,,1,,,42,,1,5,,B03,120.677263,24.140206,3
2023,1,12,14,44,臺中市,北區,0,1,0,8,1,5,40,4,1,1,5,4,5,7,1,1,5,4,4,2,12,6,3,10,1,1,C03,7,6,1,10,2,13,,6,6,1,5,5,C03,120.663521,24.163026,2
2023,1,12,14,44,臺中市,北屯區,0,3,0,8,1,5,50,5,1,1,5,4,5,7,2,1,10,5,5,2,16,17,2,6,1,1,C03,7,5,1,10,2,11,,17,17,1,22,8,C03,120.68624,24.188258,2
2023,1,12,14,45,臺中市,西屯區,0,0,0,8,,,50,,,,,,,,,,,,,,,23,,,,,A31,,,1,,11,,,23,,1,22,,A31,120.607186,24.155746,3
2023,1,12,14,45,臺中市,西屯區,0,1,0,8,1,5,50,4,1,1,5,4,5,7,2,1,10,5,5,2,16,6,3,10,1,1,B03,7,5,1,8,2,2,,6,6,1,22,8,B03,120.645411,24.170488,2
2023,1,12,14,47,臺中市,西屯區,0,0,0,8,,,40,,,,,,,,,,,,,,,43,,,,,C03,,,1,,2,,,43,,1,1,,C03,120.653817,24.160692,3
2023,1,12,14,48,臺中市,南屯區,0,0,0,8,,,40,,,,,,,,,,,,,,,23,,,,,B12,,,1,,2,,,23,,1,22,,B12,120.608533,24.150923,3
2023,1,12,14,50,臺中市,大雅區,0,0,0,8,,,50,,,,,,,,,,,,,,,12,,,,,B03,,,1,,1,,,12,,1,22,,B03,120.65033,24.243547,3
2023,1,12,14,50,臺中市,北區,0,2,0,8,1,5,50,4,2,1,5,4,5,7,2,1,3,2,4,1,13,23,2,8,3,4,C03,7,9,1,10,2,11,,23,23,1,22,9,C03,120.674616,24.162533,2
2023,1,12,14,50,臺中市,龍井區,0,0,0,8,,,80,,,,,,,,,,,,,,,7,,,,,A31,,,1,,2,,,7,7,1,10,,A31,120.525418,24.224955,3
2023,1,12,14,51,臺中市,北區,0,2,0,8,1,5,50,4,1,1,5,4,5,7,1,1,10,5,5,2,16,6,2,9,1,1,C03,7,5,1,10,2,12,13,6,6,1,22,8,C03,120.685574,24.153539,2
2023,1,12,14,51,臺中市,大里區,0,0,0,8,,,50,,,,,,,,,,,,,,,23,,,,,B12,,,1,,1,,,23,,1,22,,B12,120.691661,24.083021,3
2023,1,12,14,52,臺中市,沙鹿區,0,1,0,8,1,5,40,14,8,1,5,4,5,7,4,4,1,4,3,1,17,40,3,10,1,2,B03,7,13,1,8,2,4,,40,40,1,9,5,B03,120.57021,24.236466,2
2023,1,12,14,53,臺中市,神岡區,0,1,0,8,1,5,50,5,1,1,5,4,5,7,2,1,5,4,4,2,16,9,3,10,1,1,B12,7,6,1,8,2,6,,9,9,1,22,8,B12,120.711549,24.258101,2
2023,1,12,14,55,臺中市,太平區,0,1,0,8,1,5,50,14,9,1,5,4,5,7,4,4,5,5,5,1,13,23,3,10,1,1,C03,7,9,1,10,2,11,,23,23,1,22,8,C03,120.733458,24.154322,2
2023,1,12,15,5,臺中市,西屯區,0,0,0,8,,,30,,,,,,,,,,,,,,,23,,,,,B03,,,1,,1,,,23,23,1,22,,B03,120.63033,24.166622,3
2023,1,12,15,5,臺中市,太平區,0,1,0,8,1,5,30,11,9,1,5,4,5,7,4,4,5,4,5,1,17,42,2,9,1,1,C03,7,9,1,9,2,14,11,42,42,1,22,8,C03,120.817285,24.089007,2
2023,1,12,15,9,臺中市,霧峰區,0,0,0,8,,,40,,,,,,,,,,,,,,,19,,,,,C03,,,1,,2,,,19,,1,18,,C03,120.687994,24.044889,3
2023,1,12,15,10,臺中市,西屯區,0,0,0,8,,,30,,,,,,,,,,,,,,,23,,,,,B03,,,1,,1,,,23,,1,22,,B03,120.637667,24.17901,3
2023,1,12,15,14,臺中市,西區,0,0,0,8,1,5,50,4,1,1,5,4,5,7,4,4,10,5,5,2,12,7,,,,,B03,,,1,,2,,,7,,1,21,,B03,120.658865,24.15087,3
2023,1,12,15,15,臺中市,新社區,0,0,0,8,,,50,,,,,,,,,,,,,,,26,,,,,B03,,,1,,2,,,26,,1,22,,B03,120.820629,24.172777,3
2023,1,12,15,17,臺中市,南屯區,0,1,0,8,1,5,50,3,1,1,5,4,5,7,2,1,5,5,4,2,16,8,3,10,1,1,B12,7,5,1,8,2,7,,8,8,1,4,8,B12,120.638346,24.153719,2
2023,1,12,15,17,臺中市,太平區,0,1,0,8,1,5,50,4,1,1,5,4,5,7,2,1,10,5,5,2,16,6,3,10,1,1,A02,7,5,1,2,2,6,,6,6,1,5,8,A02,120.72018,24.158091,2
2023,1,12,15,18,臺中市,大雅區,0,0,0,8,,,50,,,,,,,,,,,,,,,23,,,,,F06,,,8,,2,,,23,,1,22,,F06,120.668271,24.236563,3
2023,1,12,15,20,臺中市,西屯區,0,0,0,8,,,60,,,,,,,,,,,,,,,16,,,,,B03,,,1,,1,,,16,,1,22,,B03,120.650964,24.162311,3
2023,1,12,15,20,臺中市,太平區,0,0,0,8,,,50,,,,,,,,,,,,,,,1,,,,,C03,,,4,,9,15,,1,1,2,22,,C03,120.70167,24.147958,3
2023,1,12,15,24,臺中市,太平區,0,0,0,8,,,50,,,,,,,,,,,,,,,23,,,,,B03,,,1,,2,,,23,,1,22,,B03,120.716461,24.125244,3
2023,1,12,15,25,臺中市,南屯區,0,1,0,8,1,5,50,4,1,1,5,4,5,7,4,4,5,5,5,2,15,6,2,9,1,1,C03,7,9,1,10,2,14,,6,6,1,22,8,C03,120.641671,24.147808,2
2023,1,12,15,26,臺中市,南屯區,0,0,0,8,,,50,,,,,,,,,,,,,,,16,,,,,C03,,,1,,2,,,16,,1,4,,C03,120.647198,24.150952,4
2023,1,12,15,28,臺中市,南區,0,0,0,8,,,50,,,,,,,,,,,,,,,23,,,,,B03,,,1,,2,,,23,,1,22,,B03,120.66999,24.119723,3
2023,1,12,15,28,臺中市,西屯區,0,1,0,8,1,5,50,5,1,1,5,4,5,7,2,1,10,5,5,2,16,23,3,10,1,1,B12,7,6,1,8,2,8,,23,23,1,22,8,B12,120.659813,24.192806,2
2023,1,12,15,30,臺中市,神岡區,0,0,0,8,,,30,,,,,,,,,,,,,,,19,,,,,B02,,,1,,1,,,19,19,1,12,,B02,120.658987,24.249039,3
2023,1,12,15,31,臺中市,北屯區,0,0,0,8,,,50,,,,,,,,,,,,,,,23,,,,,B12,,,1,,1,,,23,,1,5,,B12,120.6872,24.1712,3
2023,1,12,15,32,臺中市,西屯區,0,2,0,8,1,5,40,4,1,1,5,4,5,7,1,1,1,3,1,2,16,7,2,9,1,1,C03,7,8,1,10,2,12,,7,7,1,22,8,C03,120.621553,24.179731,2
2023,1,12,15,37,臺中市,西區,0,1,0,8,1,5,50,3,2,1,5,4,5,7,2,1,5,4,4,2,13,16,2,9,1,1,C03,7,9,1,10,2,11,,16,16,1,22,8,C03,120.663977,24.140159,2
2023,1,12,15,40,臺中市,北屯區,0,0,0,8,,,50,,,,,,,,,,,,,,,23,,,,,B12,,,1,,1,,,23,,1,21,,B12,120.686518,24.193439,3
2023,1,12,15,40,臺中市,西屯區,0,1,0,8,1,5,40,14,8,1,5,4,5,7,4,4,1,4,1,2,16,6,3,10,1,1,B03,7,6,1,8,2,2,,6,6,1,21,3,B03,120.65842,24.15768,2
2023,1,12,15,41,臺中市,東勢區,0,1,0,8,1,5,50,4,2,1,5,4,5,7,1,1,4,3,5,1,16,6,3,10,1,1,B03,7,5,1,8,2,1,,6,6,1,22,9,B03,120.826352,24.260365,2
2023,1,12,15,42,臺中市,南屯區,0,0,0,8,,,40,,,,,,,,,,,,,,,67,,,,,,,,,,,,,67,,1,,,,120.636217,24.148684,3
2023,1,12,15,44,臺中市,大甲區,0,1,0,8,1,5,50,14,9,1,5,4,5,7,4,4,4,5,5,1,26,23,2,1,1,1,B03,7,9,3,18,2,5,,23,23,1,22,9,B03,120.667737,24.391561,2
2023,1,12,15,45,臺中市,北屯區,0,0,0,8,,,50,,,,,,,,,,,,,,,19,,,,,B03,,,1,,1,,,19,19,1,5,,B03,120.722901,24.181159,3
2023,1,12,15,45,臺中市,大里區,0,0,0,8,,,50,,,,,,,,,,,,,,,6,,,,,B03,,,1,,2,,,6,6,1,21,,B03,120.680949,24.105836,3
2023,1,12,15,46,臺中市,南屯區,0,0,0,8,,,50,,,,,,,,,,,,,,,7,,,,,A12,,,1,,2,,,7,,1,22,,A12,120.638344,24.142319,3
2023,1,12,15,48,臺中市,北屯區,0,0,0,8,,,80,,,,,,,,,,,,,,,23,,,,,B03,,,1,,1,,,23,,1,22,,B03,120.71422,24.149538,3
2023,1,12,15,50,臺中市,新社區,0,0,0,8,,,50,,,,,,,,,,,,,,,23,,,,,B03,,,1,,2,,,23,23,1,21,,B03,120.800987,24.205741,3
2023,1,12,15,57,臺中市,北區,0,0,0,8,,,50,,,,,,,,,,,,,,,16,,,,,C03,,,1,,2,,,16,,1,22,,C03,120.684589,24.166735,3
2023,1,12,15,57,臺中市,北屯區,0,0,0,8,,,50,,,,,,,,,,,,,,,12,,,,,B12,,,1,,2,,,12,,1,21,,B12,120.685328,24.180376,3
2023,1,12,15,57,臺中市,西屯區,0,0,0,8,,,40,,,,,,,,,,,,,,,12,,,,,B02,,,1,,1,,,12,,1,22,,B02,120.6648,24.177496,3
2023,1,12,16,4,臺中市,梧棲區,0,1,0,7,1,5,50,4,1,1,5,4,5,7,3,1,10,4,4,2,16,6,3,10,1,1,B03,7,5,1,8,2,6,,6,6,1,9,8,B03,120.53366,24.2653,2
2023,1,12,16,9,臺中市,西屯區,0,0,0,8,,,50,,,,,,,,,,,,,,,23,,,,,B03,,,1,,2,,,23,,1,22,,B03,120.662745,24.188077,3
2023,1,12,16,10,臺中市,西屯區,0,0,0,8,,,30,,,,,,,,,,,,,,,23,,,,,B03,,,1,,1,,,23,,1,22,,B03,120.651918,24.191893,3
2023,1,12,16,11,臺中市,北區,0,1,0,8,1,5,40,4,8,1,5,4,5,7,1,1,1,4,1,2,12,7,3,10,1,1,B12,7,7,1,1,2,4,,7,7,1,5,5,B12,120.664448,24.154672,2
2023,1,12,16,14,臺中市,北區,0,2,0,8,1,5,50,4,2,1,5,4,5,7,2,1,3,4,4,1,16,7,2,9,3,4,C03,7,8,1,10,2,14,,7,7,1,22,9,C03,120.683508,24.148272,2
2023,1,12,16,15,臺中市,南區,0,0,0,8,,,50,,,,,,,,,,,,,,,67,,,,,,,,,,,,,67,,1,,,,120.666686,24.119638,3
2023,1,12,16,16,臺中市,龍井區,0,2,0,8,1,5,50,4,1,1,5,4,5,7,2,1,10,5,5,2,16,25,2,1,1,1,B03,7,11,1,8,2,2,,25,25,1,10,7,B03,120.546474,24.196656,2
2023,1,12,16,17,臺中市,東區,0,0,0,8,,,50,,,,,,,,,,,,,,,23,,,,,B03,,,1,8,2,,,23,23,1,21,,B03,120.706841,24.148874,3
2023,1,12,16,18,臺中市,潭子區,0,0,0,8,,,50,,,,,,,,,,,,,,,23,,,,,B12,,,1,,2,,,23,,1,22,,B12,120.71918,24.218274,3
2023,1,12,16,19,臺中市,西屯區,0,2,0,8,1,5,50,3,1,1,5,4,5,7,1,1,1,4,5,1,16,43,2,9,3,4,C03,7,5,1,10,2,11,,43,43,1,22,8,C03,120.597638,24.19164,2
2023,1,12,16,19,臺中市,霧峰區,0,0,0,8,,,60,,,,,,,,,,,,,,,7,,,,,B03,,,1,,2,,,7,,1,18,,B03,120.692397,24.045061,3
2023,1,12,16,20,臺中市,南屯區,0,1,0,8,1,5,50,14,7,1,5,4,5,7,4,4,4,3,4,2,13,23,2,9,1,1,C03,7,9,1,10,2,11,13,23,23,1,22,8,C03,120.638511,24.140956,2
2023,1,12,16,20,臺中市,西屯區,0,0,0,8,,,50,,,,,,,,,,,,,,,7,,,,,B03,,,1,,1,,,7,,1,22,,B03,120.620613,24.187611,3
2023,1,12,16,22,臺中市,南區,0,0,0,8,,,50,,,,,,,,,,,,,,,43,,,,,B03,,,1,8,2,,,43,43,1,5,,B03,120.669576,24.12898,3
2023,1,12,16,30,臺中市,南區,0,1,0,8,1,5,50,4,2,1,5,4,5,7,4,4,5,5,4,2,16,23,2,8,1,1,C03,7,9,2,18,2,14,,23,23,1,15,8,C03,120.682813,24.126578,2
2023,1,12,16,35,臺中市,北區,0,0,0,8,,,50,,,,,,,,,,,,,,,19,,,,,C03,,,1,,2,,,19,,1,22,,C03,120.671302,24.167123,3
2023,1,12,16,36,臺中市,西區,0,0,0,8,,,50,,,,,,,,,,,,,,,2,,,,,B03,,,1,,1,,,2,2,1,5,,B03,120.666478,24.140503,3
2023,1,12,16,37,臺中市,東區,0,1,0,8,1,5,50,4,1,1,5,4,5,7,1,1,10,5,5,2,15,6,3,10,1,1,B03,7,9,1,8,2,2,,23,6,1,22,8,B03,120.707456,24.143844,2
2023,1,12,16,38,臺中市,大雅區,0,0,0,8,,,30,,,,,,,,,,,,,,,40,,,,,B03,,,1,,10,,,40,,1,22,,B03,120.656128,24.238983,3
2023,1,12,16,38,臺中市,大里區,0,0,0,8,,,50,,,,,,,,,,,,,,,42,,,,,B12,,,1,,1,,,42,,1,22,,B12,120.679742,24.109361,3
2023,1,12,16,39,臺中市,北屯區,0,0,0,8,,,50,,,,,,,,,,,,,,,23,,,,,B03,,,1,,1,,,23,,1,2,,B03,120.6709,24.1897,3
2023,1,12,16,40,臺中市,豐原區,0,0,0,8,,,50,,,,,,,,,,,,,,,19,,,,,B03,,,1,,2,,,19,,1,22,,B03,120.713425,24.255038,3
2023,1,12,16,43,臺中市,西屯區,0,0,0,8,,,50,,,,,,,,,,,,,,,17,,,,,B03,,,1,,2,,,17,,1,22,,B03,120.65547,24.16228,3
2023,1,12,16,50,臺中市,西區,0,0,0,8,,,30,,,,,,,,,,,,,,,17,,,,,B12,,,1,,11,,,17,,1,22,,B12,120.657939,24.146127,3
2023,1,12,16,50,臺中市,沙鹿區,0,0,0,8,,,60,,,,,,,,,,,,,,,42,,,,,B12,,,1,,1,,,42,,1,9,,B12,120.586322,24.250119,3
2023,1,12,16,51,臺中市,中區,0,0,0,8,,,40,,,,,,,,,,,,,,,60,,,,,H01,,,8,,2,,,60,,1,22,,H01,120.679035,24.147457,3
2023,1,12,16,52,臺中市,東區,0,1,0,8,1,5,50,4,1,1,5,4,5,7,1,1,10,5,5,2,16,6,3,10,1,1,B03,7,6,1,8,2,6,,6,6,1,21,8,B03,120.700722,24.127289,2
2023,1,12,16,55,臺中市,龍井區,0,2,0,8,1,5,40,8,11,1,5,4,5,7,4,4,10,5,5,1,13,16,2,8,1,1,C03,7,9,1,10,2,11,,16,16,1,9,1,C03,120.555305,24.213098,2
2023,1,12,16,57,臺中市,西區,0,0,0,8,,,50,,,,,,,,,,,,,,,23,,,,,B03,,,1,,1,,,23,23,1,4,,B03,120.657307,24.157349,3
2023,1,12,16,57,臺中市,沙鹿區,0,2,0,8,1,5,40,5,1,1,5,4,5,7,1,1,10,5,5,2,16,6,2,9,1,1,C03,7,9,1,10,2,11,,6,6,1,22,9,C03,120.579565,24.221673,2
2023,1,12,17,0,臺中市,清水區,0,1,0,8,1,5,50,14,9,1,5,4,5,7,4,4,1,4,4,1,27,13,2,9,1,1,C03,7,9,1,10,2,11,,13,13,1,5,5,C03,120.597101,24.305858,2
2023,1,12,17,0,臺中市,神岡區,0,0,0,8,,,30,,,,,,,,,,,,,,,6,,,,,B12,,,1,,2,,,6,,1,22,,B12,120.657535,24.271418,3
2023,1,12,17,1,臺中市,東區,0,1,0,8,1,5,50,4,1,1,5,4,5,7,1,1,10,5,5,2,13,16,3,10,1,1,B03,7,6,1,8,2,1,,16,16,1,22,8,B03,120.687631,24.138076,2
2023,1,12,17,2,臺中市,大雅區,0,0,0,8,,,50,,,,,,,,,,,,,,,7,,,,,B03,,,1,,2,,,7,,1,22,,B03,120.667546,24.215736,3
2023,1,12,17,2,臺中市,南屯區,0,1,0,8,1,5,50,3,1,1,5,4,5,7,4,4,5,2,5,2,11,10,3,10,3,4,C03,7,11,1,10,2,12,,10,10,1,22,8,C03,120.649894,24.153136,2
2023,1,12,17,2,臺中市,北屯區,0,1,0,8,1,5,50,4,1,1,5,4,5,7,1,1,10,5,5,2,16,6,2,9,1,1,C03,7,9,2,18,2,11,,23,6,1,21,8,C03,120.713495,24.160903,2
2023,1,12,17,6,臺中市,北屯區,0,2,0,8,1,5,50,4,1,1,5,4,5,7,1,1,10,5,5,2,16,8,2,9,1,1,C03,7,5,1,10,2,14,,8,8,1,21,8,C03,120.693306,24.174806,2
2023,1,12,17,6,臺中市,西屯區,0,2,0,8,2,5,50,3,9,1,5,4,5,7,2,1,5,5,5,2,3,23,2,9,1,1,C03,7,9,1,10,2,11,14,23,23,1,22,8,C03,120.619821,24.180621,2
2023,1,12,17,7,臺中市,北屯區,0,1,0,8,1,5,50,14,9,1,5,4,5,7,4,4,5,4,5,2,27,66,,,,,,,,,,,,,66,66,1,,,,120.669113,24.188461,2
2023,1,12,17,7,臺中市,龍井區,0,0,0,8,,,40,,,,,,,,,,,,,,,23,,,,,C03,,,1,,2,,,23,,1,12,,C03,120.555305,24.213098,3
2023,1,12,17,7,臺中市,大肚區,0,1,0,8,1,5,50,3,1,1,5,4,5,7,4,4,10,5,5,1,16,6,2,8,1,1,C03,7,5,1,10,2,12,,6,6,1,22,7,C03,120.579506,24.168747,2
2023,1,12,17,10,臺中市,西屯區,0,1,0,8,1,5,30,14,9,1,5,4,5,7,4,4,10,5,5,2,16,6,3,10,1,1,B03,7,5,1,8,2,6,,6,6,1,22,8,B03,120.618358,24.17258,2
2023,1,12,17,10,臺中市,霧峰區,0,0,0,8,,,80,,,,,,,,,,,,,,,23,,,,,B03,,,1,,2,,,23,23,1,21,,B03,120.687871,24.058621,3
2023,1,12,17,11,臺中市,南屯區,0,0,0,8,,,50,,,,,,,,,,,,,,,23,,,,,C03,,,1,,2,,,44,23,1,22,,C03,120.649911,24.153102,3
2023,1,12,17,11,臺中市,北屯區,0,2,0,8,1,5,50,3,1,1,5,4,5,7,2,1,10,5,5,2,17,4,2,9,1,1,C03,7,5,1,10,2,11,,4,4,1,22,8,C03,120.70213,24.16979,2
2023,1,12,17,11,臺中市,沙鹿區,0,0,0,8,,,60,,,,,,,,,,,,,,,42,,,,,B03,,,1,,1,,,42,,1,5,,B03,120.579444,24.250277,3
2023,1,12,17,13,臺中市,大雅區,0,1,0,8,1,5,30,3,1,1,5,4,5,7,4,4,10,5,5,2,16,6,2,8,1,1,C03,7,5,1,10,2,14,,6,6,1,22,8,C03,120.649362,24.214602,2
2023,1,12,17,15,臺中市,西屯區,0,0,0,8,,,50,,,,,,,,,,,,,,,16,,,,,,,,,,,,,16,,1,,,,120.615362,24.174492,3
2023,1,12,17,17,臺中市,中區,0,1,0,8,3,5,50,4,1,1,5,4,5,7,4,4,10,5,5,2,15,6,2,9,1,1,C03,7,9,1,10,2,12,,6,6,1,22,8,C03,120.682234,24.138655,2
2023,1,12,17,18,臺中市,霧峰區,0,2,0,8,1,5,30,4,1,1,5,4,5,7,4,4,10,5,5,2,16,6,2,9,3,4,C03,7,9,1,10,2,11,,6,6,1,21,8,C03,120.685443,24.062742,2
2023,1,12,17,19,臺中市,西區,0,0,0,8,,,30,,,,,,,,,,,,,,,12,,,,,B03,,,1,,1,,,12,,1,4,,B03,120.655698,24.135905,3
2023,1,12,17,20,臺中市,豐原區,0,1,0,7,1,5,50,14,9,1,5,4,5,7,4,4,5,4,4,2,17,26,2,9,1,1,C03,7,11,1,10,2,13,,26,26,1,22,8,C03,120.711405,24.250491,2
2023,1,12,17,22,臺中市,西屯區,0,1,0,8,2,5,50,4,1,1,5,4,5,7,2,1,10,5,5,2,16,6,3,10,1,1,C03,7,5,1,10,2,14,,6,6,1,22,8,C03,120.63834,24.203176,2
2023,1,12,17,24,臺中市,西區,0,1,0,8,3,5,50,4,2,1,5,4,5,7,2,1,5,4,5,2,16,19,3,10,1,1,B12,7,1,1,8,2,8,,19,19,1,21,8,B12,120.670485,24.133675,2
2023,1,12,17,24,臺中市,西區,0,1,0,8,2,5,50,4,1,1,5,4,5,7,2,1,10,5,5,2,16,6,3,10,1,1,B03,7,6,1,8,2,6,,6,6,1,9,9,B03,120.661688,24.140163,2
2023,1,12,17,25,臺中市,太平區,0,2,0,8,2,5,50,14,9,1,5,4,5,7,4,4,5,5,5,1,16,6,2,8,1,1,C03,7,5,1,10,2,12,,6,6,1,22,8,C03,120.730483,24.112713,2
2023,1,12,17,26,臺中市,北屯區,0,1,0,8,2,5,50,4,1,1,5,4,5,7,1,1,10,5,5,2,13,23,2,9,1,1,C03,7,9,4,8,2,11,,23,23,1,21,8,C03,120.719143,24.175803,2
2023,1,12,17,30,臺中市,龍井區,0,0,0,8,,,30,,,,,,,,,,,,,,,9,,,,,B03,,,1,,2,,,9,,1,18,,B03,120.589395,24.190081,3
2023,1,12,17,31,臺中市,南區,0,0,0,8,,,50,,,,,,,,,,,,,,,23,,,,,B03,,,1,8,2,,,23,23,1,5,,B03,120.661901,24.121313,3
2023,1,12,17,32,臺中市,潭子區,0,0,0,8,,,50,,,,,,,,,,,,,,,23,,,,,C03,,,2,,9,,,23,,1,22,,C03,120.710374,24.200273,3
2023,1,12,17,32,臺中市,西屯區,0,0,0,8,,,50,,,,,,,,,,,,,,,6,,,,,B03,,,1,,1,,,6,,1,22,,B03,120.623835,24.177462,3
2023,1,12,17,33,臺中市,西屯區,0,0,0,8,,,50,,,,,,,,,,,,,,,12,,,,,B12,,,1,,1,,,12,,1,22,,B12,120.650745,24.202191,3
2023,1,12,17,34,臺中市,北屯區,0,1,0,8,2,5,30,4,1,1,5,4,5,7,4,4,10,5,5,2,15,6,3,10,1,1,B03,7,9,1,8,2,5,,6,6,1,4,8,B03,120.7099,24.1697,2
2023,1,12,17,38,臺中市,龍井區,0,0,0,8,,,50,,,,,,,,,,,,,,,60,,,,,,,,,,,,,60,,1,,,,120.585625,24.181782,3
2023,1,12,17,39,臺中市,南屯區,0,2,0,8,1,5,40,14,8,1,5,4,5,7,4,4,1,4,4,2,17,23,2,9,1,1,C03,7,9,1,10,2,11,12,23,23,1,5,8,C03,120.638303,24.151664,2
2023,1,12,17,42,臺中市,太平區,0,0,0,8,,,50,,,,,,,,,,,,,,,23,,,,,B03,,,1,,1,2,,23,23,1,22,,B03,120.719148,24.133634,3
2023,1,12,17,42,臺中市,梧棲區,0,1,0,8,1,5,50,4,1,1,5,4,5,7,2,1,10,5,5,2,15,25,2,8,1,1,C03,7,9,3,18,2,12,,25,25,1,9,8,C03,120.53873,24.249132,2
2023,1,12,17,45,臺中市,南屯區,0,2,0,8,3,5,50,14,9,1,5,4,5,7,4,4,1,3,5,2,17,17,2,9,1,1,C03,7,9,1,10,1,12,,17,17,1,22,8,C03,120.646608,24.142525,2
2023,1,12,17,46,臺中市,北屯區,0,0,0,8,,,80,,,,,,,,,,,,,,,23,,,,,B12,,,1,,1,,,23,23,1,5,,B12,120.68847,24.201012,3
2023,1,12,17,46,臺中市,西屯區,0,1,0,8,2,5,50,4,1,1,5,4,5,7,2,1,10,5,5,2,3,23,3,10,1,1,B03,7,6,1,8,2,5,,23,23,1,21,8,B03,120.611198,24.192191,2
2023,1,12,17,46,臺中市,大里區,0,0,0,8,,,50,,,,,,,,,,,,,,,26,,,,,B03,,,1,,2,,,26,,1,22,,B03,120.688991,24.119836,3
2023,1,12,17,47,臺中市,西屯區,0,0,0,8,,,50,,,,,,,,,,,,,,,23,,,,,C03,,,1,,1,,,23,23,1,18,,C03,120.623808,24.194303,3
2023,1,12,17,48,臺中市,沙鹿區,0,0,0,8,,,40,,,,,,,,,,,,,,,23,,,,,C03,,,1,,2,,,23,,1,10,,C03,120.560454,24.240959,3
2023,1,12,17,49,臺中市,北區,0,2,0,8,3,5,50,4,1,1,5,4,5,7,1,1,10,5,5,2,17,19,3,10,1,1,C03,7,1,3,18,2,14,,19,19,1,22,9,C03,120.673621,24.157528,2
2023,1,12,17,49,臺中市,北屯區,0,1,0,8,3,5,50,4,1,1,5,4,5,7,1,1,10,5,5,2,16,6,2,7,1,1,C03,7,5,1,10,2,11,,6,6,1,21,8,C03,120.683698,24.175793,2
2023,1,12,17,50,臺中市,大雅區,0,1,0,8,3,5,50,3,2,1,5,4,5,7,3,1,1,4,4,1,16,6,3,10,1,1,B03,7,6,1,8,2,2,,6,6,1,22,9,B03,120.666764,24.216258,2
2023,1,12,17,50,臺中市,東勢區,0,1,0,8,3,5,60,3,2,1,5,4,5,7,4,4,9,4,5,2,14,12,3,10,1,1,A05,7,2,1,2,2,3,,12,12,1,10,9,A05,120.797381,24.285015,2