年,月,日,時,分,縣市,區,死,受傷,2-30,天候,光線,道路類別,速限,道路型態,事故位置,路面鋪裝,路面狀態,路面缺陷,障礙物,視距,號誌種類,號誌動作,分向設施,快車道或一般車道間,快慢車道間,路面邊線,事故類型及型態,主要肇因,受傷程度,主要傷處,保護裝備,行動電話,當事者區分,車輛用途,當事者行動狀態,駕駛資格情形,駕駛執照種類,飲酒情形,車輛撞擊部位最初,車輛撞擊部位其他,肇事因素個別,肇事因素主要,肇事逃逸,職業,旅次目的,車種,GPS緯度,GPS經度,事故類別
2023,1,13,7,17,臺中市,西屯區,0,0,0,8,,,50,,,,,,,,,,,,,,,19,,,,,B03,,,1,,1,,,19,,1,22,,B03,120.636917,24.17236,3
2023,1,13,7,17,臺中市,大里區,0,0,0,8,1,5,40,14,9,1,5,4,5,7,4,4,5,4,5,2,17,16,,,,,B03,,,1,,2,,,16,,1,22,,B03,120.702116,24.086425,3
2023,1,13,7,17,臺中市,大里區,0,2,0,8,1,5,50,8,8,1,5,4,5,7,4,4,1,4,4,2,13,16,2,8,1,1,C03,7,9,1,10,2,11,,16,16,1,22,8,C03,120.693042,24.100284,2
2023,1,13,7,20,臺中市,神岡區,0,1,0,8,1,5,50,4,1,1,5,4,5,7,1,1,1,4,4,2,17,25,2,9,1,1,C03,7,5,1,10,2,12,,25,25,1,12,8,C03,120.684161,24.246487,2
2023,1,13,7,21,臺中市,清水區,0,1,0,8,1,5,30,4,1,1,5,4,5,7,3,1,8,3,4,1,16,6,3,10,1,1,B03,7,9,1,8,2,8,,6,6,1,21,8,B03,120.578881,24.277637,2
2023,1,13,7,22,臺中市,大甲區,0,1,0,8,1,5,50,14,8,1,5,4,5,7,4,4,10,5,5,1,16,19,2,7,1,1,C03,7,1,1,10,2,12,11,19,19,1,4,1,C03,120.629974,24.340523,2
2023,1,13,7,27,臺中市,南屯區,0,0,0,8,,,50,,,,,,,,,,,,,,,23,,,,,B03,,,1,,1,,,23,23,1,22,,B03,120.612254,24.150463,3
2023,1,13,7,28,臺中市,東區,0,1,0,8,1,5,50,4,1,1,5,4,5,7,1,1,10,5,5,2,17,19,3,10,1,1,C03,7,1,1,10,2,11,,19,19,1,22,8,C03,120.692449,24.139396,2
2023,1,13,7,28,臺中市,西屯區,0,2,0,8,1,5,80,14,7,1,5,4,5,7,4,4,1,3,5,1,13,23,2,9,1,1,C01,7,9,1,9,11,11,,23,23,1,22,8,C01,120.634948,24.179291,2
2023,1,13,7,28,臺中市,豐原區,0,1,0,8,1,5,50,14,8,1,5,4,5,7,4,4,5,5,4,2,17,38,3,10,1,1,B03,7,14,1,13,2,2,,38,38,1,22,8,B03,120.722945,24.24818,2
2023,1,13,7,32,臺中市,龍井區,0,1,0,8,1,5,30,4,1,1,5,4,5,7,4,4,10,5,5,2,16,6,3,10,3,4,B03,7,5,1,8,2,5,,6,6,1,22,9,B03,120.576338,24.175493,2
2023,1,13,7,37,臺中市,南屯區,0,3,0,8,1,5,40,14,8,1,5,4,5,7,4,4,3,4,3,2,17,7,2,9,1,1,C03,7,7,1,10,2,12,,7,7,1,22,8,C03,120.597204,24.155525,2
2023,1,13,7,40,臺中市,大里區,0,2,0,8,1,5,50,3,1,1,5,4,5,7,1,1,10,5,5,2,16,6,2,7,1,1,C03,7,5,1,10,2,11,,6,6,1,22,8,C03,120.715346,24.094402,2
2023,1,13,7,40,臺中市,沙鹿區,0,0,0,8,,,60,,,,,,,,,,,,,,,23,,,,,B03,,,1,,2,,,23,,1,4,,B03,120.570549,24.240519,3
2023,1,13,7,41,臺中市,潭子區,0,1,0,8,1,5,50,4,1,1,5,4,5,7,1,1,1,4,5,1,16,26,2,8,1,1,C03,7,9,1,10,2,14,,26,26,1,22,8,C03,120.702514,24.193999,2
2023,1,13,7,41,臺中市,西區,0,1,0,8,1,5,50,3,9,1,5,4,5,7,4,4,5,4,5,2,18,42,2,9,1,1,C03,7,9,1,10,2,14,,42,42,1,21,8,C03,120.661417,24.152187,2
2023,1,13,7,41,臺中市,大甲區,0,2,0,8,1,5,50,14,9,1,5,4,5,7,4,4,9,5,5,1,13,23,2,3,1,1,B03,7,9,1,8,2,1,,23,23,1,4,1,B03,120.60651,24.32697,2
2023,1,13,7,42,臺中市,西屯區,0,0,0,8,,,60,,,,,,,,,,,,,,,23,,,,,B03,,,1,,1,,,23,,1,22,,B03,120.630241,24.162413,3
2023,1,13,7,45,臺中市,大雅區,0,1,0,8,1,5,30,14,9,1,5,4,5,7,4,4,10,5,5,1,27,23,2,9,1,1,C03,7,9,1,10,2,11,,23,23,1,22,8,C03,120.638907,24.210127,2
2023,1,13,7,45,臺中市,西區,0,0,0,8,,,50,,,,,,,,,,,,,,,23,,,,,C03,,,1,,1,,,23,23,1,5,,C03,120.669956,24.146401,3
2023,1,13,7,46,臺中市,后里區,0,0,0,8,1,5,60,3,1,1,5,4,5,7,1,1,5,4,5,1,16,6,3,10,1,1,B03,7,5,1,8,2,2,,6,6,1,21,8,B03,120.736256,24.34529,3
2023,1,13,7,48,臺中市,南屯區,0,0,0,8,,,50,,,,,,,,,,,,,,,12,,,,,B03,,,1,,1,,,12,,1,22,,B03,120.651295,24.142651,3
2023,1,13,7,50,臺中市,大雅區,0,1,0,8,1,5,50,4,1,1,5,4,5,7,4,4,10,5,5,2,17,17,2,8,1,1,C03,7,9,1,10,2,14,,17,17,1,22,8,C03,120.648496,24.22334,2
2023,1,13,7,52,臺中市,東區,0,0,0,8,,,50,,,,,,,,,,,,,,,1,,,,,B03,,,1,,9,,,1,,2,5,,B03,120.68488,24.128949,3
2023,1,13,7,52,臺中市,西屯區,0,0,0,8,,,50,,,,,,,,,,,,,,,8,,,,,F03,,,8,,1,,,8,,1,1,,F03,120.642281,24.197306,3
2023,1,13,7,52,臺中市,西屯區,0,1,0,8,1,5,50,4,2,1,5,4,5,7,1,1,5,4,5,2,13,23,3,10,1,1,C03,7,6,1,10,2,11,,23,16,1,22,8,C03,120.637702,24.175727,2
2023,1,13,7,53,臺中市,太平區,0,2,0,8,1,5,50,14,9,1,5,4,5,7,4,4,5,4,5,1,13,16,2,8,1,1,C03,7,9,1,10,2,13,,44,16,1,5,9,C03,120.727488,24.134225,2
2023,1,13,7,55,臺中市,北區,0,1,0,8,1,5,50,3,1,1,5,4,5,7,4,4,10,5,5,2,16,10,3,10,1,1,B12,7,11,1,8,2,8,,10,10,1,22,8,B12,120.688697,24.152433,2
2023,1,13,7,55,臺中市,大甲區,0,1,0,8,1,5,50,5,1,1,5,4,5,7,4,4,10,5,5,2,17,12,3,10,1,1,B03,7,2,1,8,2,3,,12,12,1,4,1,B03,120.620878,24.350915,2
2023,1,13,7,56,臺中市,西屯區,0,0,0,8,,,50,,,,,,,,,,,,,,,6,,,,,B03,,,1,,2,,,6,,1,22,,B03,120.662314,24.200772,3
2023,1,13,7,57,臺中市,龍井區,0,1,0,8,1,5,50,3,2,1,5,4,5,7,1,1,5,5,5,1,13,23,3,10,1,1,C03,7,9,1,10,2,11,,23,23,1,21,1,C03,120.587712,24.190999,2
2023,1,13,8,0,臺中市,北區,0,1,0,8,1,5,50,14,8,1,5,4,5,7,4,4,5,4,5,2,18,23,2,7,3,4,C03,7,9,1,10,2,14,,23,23,1,22,9,C03,120.688487,24.152239,2
2023,1,13,8,1,臺中市,烏日區,0,1,0,8,1,5,30,14,9,1,5,4,5,7,4,4,10,5,5,2,17,23,2,9,1,1,C03,7,9,1,10,2,11,,23,23,1,22,8,C03,120.640437,24.079598,2
2023,1,13,8,2,臺中市,太平區,0,0,0,8,,,50,,,,,,,,,,,,,,,23,,,,,B03,,,1,,2,,,23,,1,22,,B03,120.715223,24.147227,3
2023,1,13,8,2,臺中市,外埔區,0,1,0,8,1,5,50,14,9,1,5,4,5,7,4,4,9,4,5,1,16,26,3,10,1,1,B03,7,11,1,8,2,4,,26,26,1,22,8,B03,120.64501,24.346878,2
2023,1,13,8,3,臺中市,北屯區,0,0,0,8,,,50,,,,,,,,,,,,,,,16,,,,,B03,,,1,,1,,,16,,1,22,,B03,120.669387,24.177267,3
2023,1,13,8,5,臺中市,潭子區,0,2,0,8,1,5,50,4,2,1,5,4,5,7,4,4,9,4,5,2,16,6,2,9,1,1,C03,7,6,1,10,2,11,,6,6,1,22,8,C03,120.70671,24.21031,2
2023,1,13,8,5,臺中市,太平區,0,1,0,8,1,5,50,3,2,1,5,4,5,7,4,4,5,5,5,1,16,26,2,9,1,1,C03,7,5,1,10,2,11,,26,26,1,21,8,C03,120.714442,24.126409,2
2023,1,13,8,7,臺中市,西屯區,0,1,0,8,1,5,50,4,1,1,5,4,5,7,1,1,10,5,5,2,16,7,3,10,1,1,B03,7,7,1,8,2,7,,7,7,1,22,8,B03,120.591778,24.169168,2
2023,1,13,8,12,臺中市,梧棲區,0,0,0,,,,50,,,,,,,,,,,,,,,23,,,,,B03,,,1,,2,,,23,,1,20,,B03,120.529313,24.254333,3
2023,1,13,8,14,臺中市,西區,0,0,0,8,,,50,,,,,,,,,,,,,,,12,,,,,C03,,,1,,11,,,12,12,2,22,,C03,120.653939,24.150661,3
2023,1,13,8,15,臺中市,西區,0,1,0,8,1,5,50,14,9,1,5,4,5,7,4,4,10,5,5,2,17,6,3,10,1,1,B03,7,5,1,8,2,8,,6,6,1,21,8,B03,120.651502,24.1456,2
2023,1,13,8,18,臺中市,豐原區,0,1,0,8,1,5,50,4,1,1,5,4,5,7,1,1,10,5,5,2,16,6,2,9,1,1,C02,7,6,1,9,2,12,,6,6,1,22,8,C02,120.713881,24.253248,2
2023,1,13,8,19,臺中市,太平區,0,1,0,8,1,5,30,3,1,1,5,4,5,7,4,4,10,5,5,1,16,6,3,10,1,1,B12,7,5,1,8,2,1,,6,6,1,21,8,B12,120.756986,24.07929,2
2023,1,13,8,20,臺中市,東區,0,1,0,8,1,5,50,3,1,1,5,4,5,7,4,4,10,5,5,2,16,23,2,8,1,1,C03,7,14,1,10,2,11,,44,23,1,22,8,C03,120.700036,24.127291,2
2023,1,13,8,23,臺中市,烏日區,0,1,0,8,1,5,50,14,13,1,5,4,5,7,4,4,1,4,4,1,12,7,3,10,1,1,B03,7,8,1,8,2,5,,7,7,1,21,8,B03,120.58365,24.11107,2
2023,1,13,8,24,臺中市,南區,0,0,0,8,,,50,,,,,,,,,,,,,,,23,,,,,B03,,,1,,1,,,23,23,1,5,,B03,120.678021,24.129136,3
2023,1,13,8,24,臺中市,梧棲區,0,1,0,8,1,5,50,14,13,1,5,4,5,7,4,4,1,4,4,1,16,6,3,10,1,1,B02,7,6,1,8,2,5,,6,6,1,8,1,B02,120.54858,24.236521,2
2023,1,13,8,25,臺中市,清水區,0,1,0,8,1,5,30,4,1,1,5,4,5,7,3,1,8,3,4,1,16,6,3,10,1,1,B03,7,9,1,8,2,8,,6,6,1,21,8,B03,120.578881,24.277637,2
2023,1,13,8,26,臺中市,大甲區,0,1,0,8,1,5,50,4,1,1,5,4,5,7,4,4,10,5,5,2,15,6,3,10,1,1,B03,7,9,1,8,2,5,,6,6,1,4,1,B03,120.655388,24.40418,2
2023,1,13,8,30,臺中市,東勢區,0,0,0,,,,50,,,,,,,,,,,,,,,12,,,,,C03,,,1,,1,,,12,12,1,22,,C03,120.829723,24.253389,3
2023,1,13,8,31,臺中市,南屯區,0,1,0,8,1,5,50,14,9,1,5,4,5,7,4,4,9,5,5,2,17,8,3,10,1,1,B03,7,5,1,8,2,4,,8,8,1,22,9,B03,120.649474,24.140879,2
2023,1,13,8,32,臺中市,南屯區,0,1,0,8,1,5,30,14,9,1,5,4,5,7,4,4,10,5,5,2,17,19,3,10,1,1,B12,7,1,1,8,2,5,,19,19,1,22,8,B12,120.613175,24.141725,2
2023,1,13,8,32,臺中市,南屯區,0,0,0,8,,,50,,,,,,,,,,,,,,,6,,,,,C03,,,1,,2,,,6,,1,22,,C03,120.641452,24.138175,3
2023,1,13,8,36,臺中市,西屯區,0,0,0,8,,,80,,,,,,,,,,,,,,,7,,,,,A32,,,1,,2,,,7,,1,22,,A32,120.626443,24.158351,3
2023,1,13,8,37,臺中市,大雅區,0,0,0,8,,,50,,,,,,,,,,,,,,,9,,,,,B03,,,1,,2,,,9,,1,22,,B03,120.64505,24.229251,3
2023,1,13,8,37,臺中市,北屯區,0,0,0,8,,,30,,,,,,,,,,,,,,,5,,,,,B03,,,1,,1,,,5,,1,22,,B03,120.755293,24.166961,3
2023,1,13,8,39,臺中市,南屯區,0,1,0,8,1,5,50,14,9,1,5,4,5,7,4,4,3,4,5,2,17,23,2,9,1,1,B03,7,9,1,8,2,5,,23,23,1,22,8,B03,120.646598,24.14134,2
2023,1,13,8,39,臺中市,沙鹿區,0,2,0,8,1,5,50,14,7,1,5,4,5,7,4,4,1,3,4,2,13,23,2,9,1,1,F03,7,9,8,20,2,16,,44,23,1,22,9,F03,120.569661,24.219244,2
2023,1,13,8,40,臺中市,南區,0,2,0,8,1,5,50,4,1,1,5,4,5,7,1,1,10,5,5,2,16,25,2,9,1,1,C03,7,5,1,10,2,14,,26,25,1,5,8,C03,120.668384,24.129518,2
2023,1,13,8,42,臺中市,中區,0,1,0,8,1,5,50,14,9,1,5,4,5,7,4,4,5,4,5,2,9,36,3,10,1,1,A02,7,1,1,2,2,2,,36,36,1,10,4,A02,120.68024,24.142014,2
2023,1,13,8,42,臺中市,南區,0,0,0,8,,,50,,,,,,,,,,,,,,,7,,,,,B03,,,1,,1,,,7,,1,22,,B03,120.670042,24.124636,3
2023,1,13,8,45,臺中市,北區,0,0,0,8,1,5,50,4,2,1,5,4,5,7,1,1,4,1,5,2,14,12,,,,,A11,,,1,,1,,,12,,1,22,,A11,120.673232,24.153887,3
2023,1,13,8,46,臺中市,龍井區,0,0,0,8,,,30,,,,,,,,,,,,,,,6,,,,,C03,,,1,,1,,,6,,1,22,,C03,120.592601,24.181539,3
2023,1,13,8,49,臺中市,西區,0,1,0,8,1,5,40,3,2,1,5,4,5,7,4,4,1,4,4,2,13,16,3,10,1,1,C03,7,9,1,10,2,11,,16,16,1,5,8,C03,120.657556,24.139548,2
2023,1,13,8,51,臺中市,北區,0,0,0,8,,,50,,,,,,,,,,,,,,,26,,,,,C03,,,1,,2,,,26,,1,22,,C03,120.674402,24.171548,3
2023,1,13,8,52,臺中市,烏日區,0,1,0,8,1,5,50,14,5,1,5,4,5,7,4,4,1,4,1,1,23,23,2,9,1,1,B12,7,9,1,8,2,1,,23,23,1,4,8,B12,120.634497,24.09475,2
2023,1,13,8,53,臺中市,北屯區,0,2,0,8,1,5,50,4,1,1,5,4,5,7,1,1,10,5,5,2,15,25,2,9,1,1,C03,7,9,1,10,2,11,,25,25,1,22,8,C03,120.694548,24.200849,2
2023,1,13,9,0,臺中市,西區,0,1,0,8,1,5,40,14,8,1,5,4,5,7,4,4,1,5,1,2,9,42,3,10,1,1,A02,7,9,1,2,2,2,,42,42,1,10,8,A02,120.671805,24.149016,2
2023,1,13,9,0,臺中市,太平區,0,1,0,8,1,5,50,4,2,1,5,4,5,7,1,1,5,5,5,1,13,23,2,9,1,1,C03,7,9,1,10,2,14,,23,23,1,21,8,C03,120.716869,24.131566,2
2023,1,13,9,0,臺中市,大安區,0,1,0,8,1,5,30,14,9,1,5,4,5,7,4,4,10,5,5,1,14,12,3,10,1,1,B12,7,2,1,8,2,3,,12,12,1,4,1,B12,120.601445,24.39452,2
2023,1,13,9,0,臺中市,豐原區,0,0,0,8,,,50,,,,,,,,,,,,,,,12,,,,,B03,,,1,,2,,,12,,1,21,,B03,120.725497,24.252262,3
2023,1,13,9,2,臺中市,大里區,0,1,0,8,1,5,50,14,9,1,5,4,5,7,4,4,5,5,5,2,17,6,3,10,1,1,B03,7,5,1,8,2,8,,6,6,1,22,8,B03,120.677495,24.099268,2
2023,1,13,9,3,臺中市,豐原區,0,0,0,8,,,50,,,,,,,,,,,,,,,23,,,,,B03,,,1,,2,,,23,,1,22,,B03,120.729456,24.243818,3
2023,1,13,9,4,臺中市,西屯區,0,0,0,8,,,40,,,,,,,,,,,,,,,42,,,,,B03,,,1,,1,,,42,,1,1,,B03,120.635211,24.171574,3
2023,1,13,9,8,臺中市,大雅區,0,0,0,8,,,50,,,,,,,,,,,,,,,19,,,,,B03,,,1,,2,,,19,19,1,22,,B03,120.64985,24.242592,3
2023,1,13,9,15,臺中市,北屯區,0,0,0,8,,,50,,,,,,,,,,,,,,,23,,,,,B03,,,1,,1,,,23,,1,22,,B03,120.686033,24.183993,3
2023,1,13,9,16,臺中市,大里區,0,0,0,8,1,5,60,14,7,1,5,4,5,7,1,1,1,4,4,1,13,23,,,,,B03,,,1,,2,,,23,,1,22,,B03,120.686427,24.103095,3
2023,1,13,9,18,臺中市,太平區,0,1,0,8,1,5,50,3,1,1,5,4,5,7,3,1,10,5,5,2,16,6,2,9,1,1,C04,7,6,1,10,2,14,,6,6,1,5,9,C04,120.718462,24.129162,2
2023,1,13,9,20,臺中市,北區,0,1,0,8,1,5,50,3,2,1,5,4,5,7,4,4,5,5,5,2,17,23,2,7,1,1,C03,7,9,1,10,2,12,,23,23,1,5,8,C03,120.684346,24.15195,2
2023,1,13,9,25,臺中市,大里區,0,0,0,8,1,5,30,4,2,1,5,4,5,7,4,4,10,5,5,2,14,12,,,,,B03,,,1,,2,,,12,,1,22,,B03,120.688828,24.12442,3
2023,1,13,9,29,臺中市,東勢區,0,1,0,8,1,5,50,14,9,1,5,4,5,7,4,4,5,5,5,1,12,17,3,10,1,1,B12,7,9,1,8,2,2,,17,17,1,22,8,B12,120.830583,24.254048,2
2023,1,13,9,30,臺中市,潭子區,0,0,0,8,,,60,,,,,,,,,,,,,,,26,,,,,C03,,,1,,2,,,26,,1,22,,C03,120.705022,24.207144,3
2023,1,13,9,30,臺中市,沙鹿區,0,1,0,8,1,5,40,14,8,1,5,4,5,7,4,4,1,4,1,1,16,23,2,8,1,1,C03,7,9,1,10,2,14,,23,23,1,9,5,C03,120.565725,24.239529,2
2023,1,13,9,33,臺中市,大雅區,0,0,0,8,,,50,,,,,,,,,,,,,,,7,,,,,A41,,,1,,7,,,7,,1,22,,A41,120.64282,24.228236,3
2023,1,13,9,33,臺中市,南區,0,2,0,8,1,5,50,4,1,1,5,4,5,7,4,4,10,5,5,2,16,6,2,9,1,1,C03,7,6,1,10,2,11,,6,6,1,19,5,C03,120.681293,24.130069,2
2023,1,13,9,33,臺中市,南屯區,0,1,0,8,1,5,50,3,1,1,5,4,5,7,1,1,5,4,4,2,16,9,3,10,3,4,B03,7,6,1,8,2,5,,9,9,1,22,9,B03,120.635452,24.149944,2
2023,1,13,9,34,臺中市,北區,0,0,0,8,,,50,,,,,,,,,,,,,,,23,,,,,B12,,,1,,2,,,23,,1,22,,B12,120.670134,24.164139,3
2023,1,13,9,34,臺中市,太平區,0,0,0,8,,,40,,,,,,,,,,,,,,,23,,,,,B03,,,1,,2,,,23,,1,21,,B03,120.717484,24.158288,3
2023,1,13,9,36,臺中市,后里區,0,1,0,8,1,5,50,4,2,1,5,4,5,7,1,1,5,5,4,1,3,15,3,10,1,1,B03,7,6,1,8,2,1,,15,15,1,21,8,B03,120.709736,24.305226,2
2023,1,13,9,37,臺中市,西屯區,0,0,0,8,,,50,,,,,,,,,,,,,,,23,,,,,B03,,,1,,1,,,23,,1,22,,B03,120.620326,24.183926,3
2023,1,13,9,38,臺中市,南區,0,2,0,8,1,5,40,14,8,1,5,4,5,7,4,4,1,4,4,2,13,23,2,9,1,1,C03,7,9,1,10,2,11,,23,23,1,22,8,C03,120.670166,24.11648,2
2023,1,13,9,38,臺中市,南區,0,0,0,8,,,50,,,,,,,,,,,,,,,7,,,,,C03,,,1,,2,,,7,,1,5,,C03,120.658742,24.117709,3
2023,1,13,9,38,臺中市,北屯區,0,1,0,8,1,5,50,3,1,1,5,4,5,7,4,4,10,5,5,2,13,23,3,10,1,1,C03,7,9,1,10,2,11,,23,23,1,22,8,C03,120.676112,24.177115,2
2023,1,13,9,43,臺中市,大里區,0,0,0,8,,,50,,,,,,,,,,,,,,,23,,,,,C03,,,1,,2,,,23,,1,22,,C03,120.672495,24.104541,3
2023,1,13,9,45,臺中市,西屯區,0,1,0,8,1,5,50,4,2,1,5,4,5,7,2,1,8,3,5,1,17,23,3,10,1,1,B11,7,6,1,8,2,2,,23,23,1,22,8,B11,120.644359,24.174696,2
2023,1,13,9,47,臺中市,后里區,0,0,0,8,1,5,30,14,9,1,5,4,5,7,4,4,5,5,5,2,14,12,3,10,1,1,A11,7,2,1,3,2,3,,12,12,1,4,8,A11,120.688849,24.354035,3
2023,1,13,9,49,臺中市,南屯區,0,1,0,8,1,5,50,4,1,1,5,4,5,7,1,1,5,4,4,2,17,26,3,10,1,1,B03,7,5,1,8,2,2,,26,26,1,22,8,B03,120.637912,24.148726,2
2023,1,13,9,52,臺中市,大雅區,0,1,0,8,1,5,50,14,9,1,5,4,5,7,4,4,5,5,5,1,13,23,2,9,1,1,C03,7,9,1,10,2,11,,23,23,1,22,8,C03,120.644355,24.221047,2
2023,1,13,9,55,臺中市,豐原區,0,0,0,8,,,50,,,,,,,,,,,,,,,23,,,,,B03,,,1,,2,,,23,,1,21,,B03,120.728685,24.251041,3
2023,1,13,9,56,臺中市,北屯區,0,2,0,8,1,5,50,4,1,1,5,4,5,7,4,4,5,4,5,2,16,19,2,9,1,1,C03,7,1,1,10,2,11,,19,19,1,22,8,C03,120.714067,24.173408,2
2023,1,13,9,56,臺中市,西屯區,0,1,0,8,1,5,50,4,1,1,5,4,5,7,1,1,5,4,5,2,16,6,3,10,3,4,B12,7,6,1,8,1,2,,6,6,1,22,8,B12,120.655099,24.176111,2
2023,1,13,9,57,臺中市,大甲區,0,1,0,8,1,5,50,14,8,1,5,4,5,7,4,4,10,5,5,2,16,6,3,10,1,1,B03,7,5,6,18,2,8,,6,6,1,4,8,B03,120.627514,24.350581,2
2023,1,13,10,0,臺中市,北區,0,0,0,8,,,50,,,,,,,,,,,,,,,12,,,,,B03,,,1,,1,,,12,,1,5,,B03,120.683404,24.157797,3
2023,1,13,10,3,臺中市,西屯區,0,1,0,8,1,5,50,4,1,1,5,4,5,7,4,4,5,5,4,1,17,8,3,10,1,1,B03,7,5,1,8,2,1,,8,8,1,1,9,B03,120.663148,24.177472,2
2023,1,13,10,5,臺中市,東區,0,0,0,8,,,30,,,,,,,,,,,,,,,23,,,,,A12,,,1,7,9,,,23,23,1,21,,A12,120.694698,24.128611,3
2023,1,13,10,5,臺中市,南屯區,0,7,0,8,1,5,50,9,9,1,5,4,5,7,4,4,1,4,4,2,13,23,2,9,1,1,A05,7,9,1,1,2,5,,23,23,1,22,8,A05,120.6203,24.152548,2
2023,1,13,10,6,臺中市,西屯區,0,0,0,8,,,50,,,,,,,,,,,,,,,23,,,,,B03,,,1,,1,,,23,,1,22,,B03,120.587475,24.170617,3
2023,1,13,10,7,臺中市,南區,0,1,0,8,1,5,50,3,1,1,5,4,5,7,4,4,5,5,5,2,3,15,3,10,1,1,C03,7,9,1,10,2,11,,15,15,1,5,8,C03,120.656496,24.124656,2
2023,1,13,10,10,臺中市,北區,0,0,0,8,1,5,50,14,9,1,5,4,5,7,4,4,8,3,5,2,12,23,,,,,B03,,,1,,1,,,23,,1,22,,B03,120.680355,24.160332,3
2023,1,13,10,11,臺中市,西屯區,0,0,0,8,,,50,,,,,,,,,,,,,,,16,,,,,B03,,,1,,1,,,16,,1,22,,B03,120.615235,24.189298,3
2023,1,13,10,18,臺中市,太平區,0,0,0,8,,,50,,,,,,,,,,,,,,,23,,,,,B03,,,1,,1,,,23,,1,22,,B03,120.712437,24.157569,3
2023,1,13,10,20,臺中市,太平區,0,1,0,8,1,5,50,14,9,1,5,4,5,7,4,4,5,5,5,2,2,23,3,10,1,1,B03,7,6,1,8,2,5,,23,23,1,21,8,B03,120.719832,24.131147,2
2023,1,13,10,20,臺中市,烏日區,0,0,0,8,,,60,,,,,,,,,,,,,,,23,,,,,B03,,,1,,2,,,23,,1,21,,B03,120.643669,24.093185,3
2023,1,13,10,20,臺中市,龍井區,0,0,0,8,,,30,,,,,,,,,,,,,,,6,,,,,B12,,,1,,2,,,6,,1,10,,B12,120.540917,24.176253,4
2023,1,13,10,20,臺中市,清水區,0,0,0,,,,50,,,,,,,,,,,,,,,12,,,,,B03,,,1,,2,,,12,,1,21,,B03,120.575057,24.268595,3
2023,1,13,10,26,臺中市,北屯區,0,0,0,8,,,80,,,,,,,,,,,,,,,16,,,,,B12,,,1,,1,,,16,,1,22,,B12,120.712423,24.150862,3
2023,1,13,10,28,臺中市,西區,0,1,0,8,1,5,50,4,1,1,5,4,5,7,1,1,10,5,5,2,16,42,3,10,1,1,B03,7,5,1,8,2,4,,42,42,1,5,8,B03,120.658836,24.146698,2
2023,1,13,10,28,臺中市,西屯區,0,1,0,8,1,5,30,3,1,5,5,4,5,7,4,4,10,5,5,2,16,6,3,10,3,4,C03,7,5,1,10,2,14,,6,6,1,22,8,C03,120.645751,24.17507,2
2023,1,13,10,31,臺中市,北屯區,0,0,0,8,,,50,,,,,,,,,,,,,,,26,,,,,B03,,,1,,1,,,26,,1,22,,B03,120.664044,24.185599,3
2023,1,13,10,33,臺中市,東區,0,1,0,8,1,5,50,4,1,1,5,4,5,7,2,1,5,5,5,2,13,8,2,9,1,1,C03,7,5,1,10,2,13,,8,8,1,18,5,C03,120.697299,24.147967,2
2023,1,13,10,38,臺中市,清水區,0,0,0,,,,30,,,,,,,,,,,,,,,23,,,,,C03,,,1,,2,,,23,23,1,21,,C03,120.55623,24.263894,3
2023,1,13,10,39,臺中市,南屯區,0,0,0,8,,,50,,,,,,,,,,,,,,,16,,,,,B03,,,1,,1,,,16,,1,22,,B03,120.636021,24.153609,3
2023,1,13,10,41,臺中市,潭子區,0,2,0,8,1,5,50,4,1,1,5,4,5,7,1,1,5,5,5,1,17,6,2,9,1,1,C03,7,5,1,10,2,12,,6,6,1,22,8,C03,120.673918,24.20885,2
2023,1,13,10,43,臺中市,豐原區,0,1,0,8,1,5,60,3,2,1,5,4,5,7,2,1,1,3,4,2,13,23,3,10,1,1,B11,7,12,1,7,2,1,,23,23,1,22,8,B11,120.704524,24.237352,2
2023,1,13,10,46,臺中市,北區,0,0,0,8,,,50,,,,,,,,,,,,,,,23,,,,,B11,,,1,,1,,,23,,1,22,,B11,120.681164,24.161224,3
2023,1,13,10,46,臺中市,龍井區,0,2,0,8,1,5,40,3,2,1,5,4,5,7,1,1,3,5,5,2,23,23,2,9,1,1,C03,7,9,1,10,2,11,,23,23,1,18,8,C03,120.58027,24.188748,2
2023,1,13,10,47,臺中市,西屯區,0,0,0,8,,,50,,,,,,,,,,,,,,,17,,,,,B03,,,1,,2,,,17,,1,22,,B03,120.647755,24.168421,3
2023,1,13,10,50,臺中市,東區,0,1,0,8,1,5,50,14,9,1,5,3,5,7,4,4,9,4,5,2,29,61,,,,,,,,,,,,,61,61,1,,,,120.690483,24.139261,2
2023,1,13,10,50,臺中市,太平區,0,2,0,8,1,5,50,14,7,1,5,4,5,7,4,4,5,5,4,1,16,26,2,9,1,1,C03,7,1,1,10,2,13,,26,26,1,22,8,C03,120.730984,24.150048,2
2023,1,13,10,52,臺中市,西屯區,0,1,0,8,1,5,50,4,18,1,5,4,5,7,4,4,5,4,4,2,3,15,3,10,3,1,C03,7,9,3,18,2,11,,15,15,1,22,8,C03,120.616938,24.183498,2
2023,1,13,10,53,臺中市,北屯區,0,1,0,8,1,5,40,14,8,1,5,4,5,7,4,4,1,5,1,2,17,23,2,9,1,1,C03,7,9,1,10,2,11,,23,23,1,22,8,C03,120.722347,24.162182,2