年,月,日,時,分,縣市,區,死,受傷,2-30,天候,光線,道路類別,速限,道路型態,事故位置,路面鋪裝,路面狀態,路面缺陷,障礙物,視距,號誌種類,號誌動作,分向設施,快車道或一般車道間,快慢車道間,路面邊線,事故類型及型態,主要肇因,受傷程度,主要傷處,保護裝備,行動電話,當事者區分,車輛用途,當事者行動狀態,駕駛資格情形,駕駛執照種類,飲酒情形,車輛撞擊部位最初,車輛撞擊部位其他,肇事因素個別,肇事因素主要,肇事逃逸,職業,旅次目的,車種,GPS緯度,GPS經度,事故類別
2023,1,13,10,54,臺中市,沙鹿區,0,0,0,8,,,50,,,,,,,,,,,,,,,16,,,,,B03,,,1,,2,,,16,,1,10,,B03,120.568606,24.238298,3
2023,1,13,10,55,臺中市,北屯區,0,1,0,8,1,5,50,14,9,1,5,4,5,7,4,4,1,4,5,2,29,44,3,10,1,1,A04,7,12,1,1,2,15,,44,44,1,10,4,A04,120.694744,24.165953,2
2023,1,13,10,55,臺中市,北屯區,0,1,0,8,1,5,50,3,1,1,5,4,5,7,1,1,10,5,5,2,16,23,3,10,1,1,B12,7,6,1,8,2,5,,23,23,1,21,8,B12,120.721092,24.178215,2
2023,1,13,10,55,臺中市,后里區,0,1,0,8,1,5,30,5,1,1,5,4,5,7,3,1,5,5,5,1,15,6,3,10,1,1,B03,7,9,1,8,2,1,,6,6,1,21,8,B03,120.709981,24.315991,2
2023,1,13,11,0,臺中市,西屯區,0,0,0,8,,,40,,,,,,,,,,,,,,,9,,,,,B03,,,1,,1,,,9,,1,1,,B03,120.63495,24.171707,3
2023,1,13,11,0,臺中市,烏日區,0,0,0,8,1,5,50,14,13,1,5,4,5,7,4,4,10,2,5,1,14,12,,,,,B03,,,1,,2,,,12,,1,22,,B03,120.616684,24.113986,3
2023,1,13,11,2,臺中市,北屯區,0,1,0,8,1,5,50,4,1,1,5,4,5,7,1,1,10,5,5,2,16,42,3,10,1,1,B03,7,6,1,8,2,5,,42,42,1,22,8,B03,120.698586,24.170236,2
2023,1,13,11,3,臺中市,大里區,0,1,0,8,1,5,50,4,2,1,5,4,5,7,1,1,1,2,4,2,13,16,2,8,1,1,C03,7,9,1,10,2,11,,16,16,1,22,9,C03,120.684992,24.119144,2
2023,1,13,11,7,臺中市,東區,0,1,0,8,1,5,50,4,1,1,5,4,5,7,1,1,9,4,5,2,12,23,2,9,1,1,C03,7,9,1,10,9,14,,23,23,2,5,1,C03,120.690953,24.138815,2
2023,1,13,11,9,臺中市,潭子區,0,0,0,8,,,50,,,,,,,,,,,,,,,10,,,,,B03,,,1,,2,,,10,,1,22,,B03,120.6924,24.223997,3
2023,1,13,11,9,臺中市,南屯區,0,1,0,8,1,5,50,4,9,1,5,4,5,7,1,1,9,5,5,2,17,9,3,10,1,1,B03,7,6,1,8,2,2,,9,9,1,22,9,B03,120.652968,24.149932,2
2023,1,13,11,9,臺中市,南屯區,0,0,0,8,,,40,,,,,,,,,,,,,,,26,,,,,B03,,,1,,2,,,26,26,1,22,,B03,120.623451,24.145081,3
2023,1,13,11,12,臺中市,北區,0,0,0,8,1,5,50,3,2,1,5,4,5,7,4,4,10,5,5,2,12,23,,,,,B12,,,1,,1,,,23,,1,22,,B12,120.690205,24.161753,3
2023,1,13,11,13,臺中市,西屯區,0,1,0,8,1,5,40,4,1,1,5,4,5,7,1,1,5,5,4,2,16,43,2,9,1,1,C03,7,6,1,10,2,14,,43,43,1,22,8,C03,120.615308,24.18895,2
2023,1,13,11,14,臺中市,西屯區,0,1,0,8,1,5,50,4,1,1,5,4,5,7,3,1,10,5,5,2,15,6,3,10,3,4,B03,7,9,1,8,2,8,,6,6,1,22,8,B03,120.63913,24.186401,2
2023,1,13,11,19,臺中市,南區,0,0,0,,,,50,,,,,,,,,,,,,,,23,,,,,G06,,,8,,2,,,23,,1,5,,G06,120.673332,24.125574,3
2023,1,13,11,23,臺中市,西區,0,0,0,8,,,50,,,,,,,,,,,,,,,42,,,,,B03,,,1,,2,,,42,,1,5,,B03,120.654373,24.155293,3
2023,1,13,11,25,臺中市,中區,0,1,0,8,1,5,50,4,2,1,5,4,5,7,2,1,5,4,5,2,12,23,2,9,1,1,C03,7,9,1,10,2,12,,23,23,1,22,8,C03,120.678027,24.140981,2
2023,1,13,11,27,臺中市,西屯區,0,0,0,8,,,30,,,,,,,,,,,,,,,19,,,,,B03,,,1,,1,,,19,,1,22,,B03,120.617486,24.188202,3
2023,1,13,11,29,臺中市,南屯區,0,0,0,8,,,50,,,,,,,,,,,,,,,17,,,,,B03,,,1,,2,,,17,,1,22,,B03,120.639284,24.132246,3
2023,1,13,11,32,臺中市,東勢區,0,0,0,8,1,5,50,3,9,1,5,4,5,7,1,1,1,5,5,1,17,7,,,,,C03,,,1,,1,,,7,,1,22,,C03,120.823405,24.26172,3
2023,1,13,11,33,臺中市,西區,0,0,0,8,,,50,,,,,,,,,,,,,,,6,,,,,B03,,,1,,2,,,6,6,1,21,,B03,120.661694,24.132131,3
2023,1,13,11,35,臺中市,太平區,0,0,0,8,,,50,,,,,,,,,,,,,,,23,,,,,B03,,,1,,2,,,23,,1,21,,B03,120.716187,24.133508,3
2023,1,13,11,36,臺中市,西屯區,0,0,0,8,,,50,,,,,,,,,,,,,,,23,,,,,C03,,,1,,10,,,23,,1,22,,C03,120.642,24.15758,3
2023,1,13,11,37,臺中市,北屯區,0,0,0,8,,,50,,,,,,,,,,,,,,,7,,,,,C03,,,1,,2,,,7,7,1,22,,C03,120.685498,24.172177,3
2023,1,13,11,40,臺中市,大雅區,0,0,0,8,,,40,,,,,,,,,,,,,,,12,,,,,B03,,,1,,2,,,12,,1,22,,B03,120.650766,24.221608,3
2023,1,13,11,40,臺中市,南屯區,0,1,0,8,1,5,50,4,1,1,5,4,5,7,2,1,10,5,5,2,16,9,3,10,1,1,B03,7,6,1,8,2,2,5,9,9,1,5,8,B03,120.648124,24.123176,2
2023,1,13,11,40,臺中市,清水區,0,1,0,8,1,5,50,3,1,1,5,4,5,7,4,4,10,5,5,2,16,18,3,10,1,1,B03,7,6,1,7,2,1,,44,18,1,21,8,B03,120.574381,24.268967,2
2023,1,13,11,43,臺中市,后里區,0,0,0,,,,40,,,,,,,,,,,,,,,6,,,,,B02,,,1,,1,,,6,,1,9,,B02,120.689301,24.306861,3
2023,1,13,11,47,臺中市,后里區,0,1,0,8,1,5,50,4,2,1,5,4,5,7,3,1,1,4,4,1,15,14,3,10,1,1,B12,7,9,1,8,2,1,,14,14,1,4,8,B12,120.718414,24.314659,2
2023,1,13,11,53,臺中市,烏日區,0,2,0,8,1,5,50,14,9,1,5,4,5,7,4,4,5,4,5,2,12,7,3,10,1,1,B01,7,7,1,4,2,8,,7,7,1,21,8,B01,120.6154,24.111747,2
2023,1,13,11,55,臺中市,西區,0,0,0,,,,50,,,,,,,,,,,,,,,16,,,,,C03,,,1,,2,,,16,,1,21,,C03,120.666824,24.146845,3
2023,1,13,12,0,臺中市,大雅區,0,0,0,8,,,50,,,,,,,,,,,,,,,7,,,,,B03,,,1,,2,,,7,,1,22,,B03,120.650221,24.211988,3
2023,1,13,12,0,臺中市,北屯區,0,0,0,8,,,50,,,,,,,,,,,,,,,12,,,,,B02,,,1,,1,,,12,,1,21,,B02,120.721147,24.17562,3
2023,1,13,12,0,臺中市,西屯區,0,0,0,8,,,1,,,,,,,,,,,,,,,67,,,,,,,,,,,,,67,,1,,,,120.642031,24.163621,3
2023,1,13,12,1,臺中市,北區,0,0,0,8,,,50,,,,,,,,,,,,,,,67,,,,,,,,,,,,,67,,1,,,,120.664151,24.157131,3
2023,1,13,12,1,臺中市,烏日區,0,0,0,8,,,50,,,,,,,,,,,,,,,19,,,,,B01,,,1,,2,,,19,,1,10,,B01,120.614756,24.117754,3
2023,1,13,12,2,臺中市,北屯區,0,1,0,8,1,5,50,4,2,1,5,4,5,7,1,1,10,5,5,2,13,42,3,10,1,1,A02,7,15,1,2,2,1,,42,42,1,10,4,A02,120.72081,24.176558,2
2023,1,13,12,4,臺中市,西屯區,0,0,0,8,,,30,,,,,,,,,,,,,,,23,,,,,B11,,,1,,2,,,23,,1,22,,B11,120.617519,24.18816,3
2023,1,13,12,7,臺中市,北區,0,4,0,8,1,5,50,14,7,1,5,4,5,7,4,4,1,4,4,2,13,23,2,8,1,1,B12,7,9,1,8,2,8,1,23,23,1,22,8,B12,120.680439,24.163301,2
2023,1,13,12,9,臺中市,南屯區,0,0,0,8,,,50,,,,,,,,,,,,,,,7,,,,,C03,,,1,,1,,,7,,1,22,,C03,120.652664,24.135823,3
2023,1,13,12,10,臺中市,大雅區,0,0,0,8,,,30,,,,,,,,,,,,,,,23,,,,,B03,,,1,,2,,,23,,1,22,,B03,120.60917,24.221937,3
2023,1,13,12,10,臺中市,北屯區,0,0,0,8,,,50,,,,,,,,,,,,,,,43,,,,,B03,,,1,,1,,,43,,1,22,,B03,120.664093,24.185931,3
2023,1,13,12,13,臺中市,北屯區,0,1,0,8,1,5,30,14,9,1,5,4,5,7,4,4,10,5,5,2,12,23,3,10,1,1,C03,7,9,1,10,2,11,,23,23,1,22,8,C03,120.697796,24.176408,2
2023,1,13,12,15,臺中市,西區,0,1,0,8,1,5,30,14,9,1,5,4,5,7,4,4,10,5,5,2,2,17,3,10,1,1,B03,7,9,1,8,11,4,,17,17,1,22,8,B03,120.673298,24.150933,2
2023,1,13,12,18,臺中市,西區,0,2,0,8,1,5,40,4,7,1,5,4,5,7,4,4,5,5,4,2,16,19,2,9,1,1,C03,7,1,1,10,2,14,,19,19,1,21,8,C03,120.673752,24.142132,2
2023,1,13,12,18,臺中市,東區,0,0,0,,,,50,,,,,,,,,,,,,,,10,,,,,C03,,,1,,2,,,10,,1,22,,C03,120.694502,24.147716,3
2023,1,13,12,22,臺中市,梧棲區,0,0,0,8,,,70,,,,,,,,,,,,,,,23,,,,,B03,,,1,,1,,,23,,1,9,,B03,120.557878,24.242123,3
2023,1,13,12,27,臺中市,大里區,0,2,0,8,1,5,50,14,9,1,5,4,5,7,4,4,5,5,5,1,17,6,2,9,1,1,C03,7,9,1,10,2,11,,6,6,1,22,8,C03,120.699655,24.110091,2
2023,1,13,12,30,臺中市,潭子區,0,1,0,8,1,5,50,4,1,1,5,4,5,7,1,1,4,4,5,1,17,25,3,10,1,1,B03,7,5,1,8,9,15,,25,25,2,22,8,B03,120.723667,24.218003,2
2023,1,13,12,34,臺中市,北區,0,0,0,8,,,50,,,,,,,,,,,,,,,23,,,,,B03,,,1,,1,,,23,,1,5,,B03,120.685328,24.15734,3
2023,1,13,12,39,臺中市,北區,0,1,0,8,1,5,50,4,1,1,5,4,5,7,1,1,10,5,5,2,16,6,3,10,1,1,B03,7,6,1,7,2,5,,6,6,1,22,8,B03,120.685725,24.155948,2
2023,1,13,12,41,臺中市,西區,0,0,0,8,,,30,,,,,,,,,,,,,,,12,,,,,B03,,,1,,2,,,12,,1,5,,B03,120.659627,24.138847,3
2023,1,13,12,44,臺中市,大里區,0,2,0,8,1,5,50,14,9,1,5,4,5,7,1,1,3,4,5,1,13,23,2,9,1,1,C03,7,9,1,10,2,11,,23,23,1,22,8,C03,120.679273,24.116678,2
2023,1,13,12,46,臺中市,西屯區,0,0,0,8,,,30,,,,,,,,,,,,,,,19,,,,,B03,,,1,,1,,,19,,1,22,,B03,120.652376,24.173296,3
2023,1,13,12,48,臺中市,太平區,0,1,0,8,1,5,50,4,1,1,5,4,5,7,1,1,10,5,5,2,16,23,3,10,1,1,B12,7,5,1,8,2,4,,23,23,1,21,8,B12,120.724025,24.111108,2
2023,1,13,12,52,臺中市,大里區,0,1,0,8,1,5,50,4,1,1,5,4,5,7,3,1,10,5,5,2,16,6,2,8,1,1,C03,7,5,3,18,2,11,,6,6,1,22,9,C03,120.690261,24.10619,2
2023,1,13,12,58,臺中市,潭子區,0,0,0,8,,,50,,,,,,,,,,,,,,,23,,,,,B03,,,1,,2,,,23,,1,22,,B03,120.71809,24.197038,3
2023,1,13,12,58,臺中市,西屯區,0,2,0,8,1,5,40,3,1,1,5,4,5,7,4,4,10,5,5,2,16,8,2,9,3,4,C03,7,5,1,10,2,12,,8,8,1,22,8,C03,120.640561,24.17584,2
2023,1,13,12,59,臺中市,大里區,0,1,0,8,1,5,50,14,9,1,5,4,5,7,1,1,5,5,5,1,17,23,3,10,1,1,C03,7,9,1,10,2,12,,23,23,1,22,8,C03,120.678908,24.112443,2
2023,1,13,13,0,臺中市,北屯區,0,0,0,8,,,50,,,,,,,,,,,,,,,16,,,,,B03,,,1,,1,,,16,,1,22,,B03,120.669886,24.176422,3
2023,1,13,13,4,臺中市,龍井區,0,1,0,8,1,5,30,4,1,1,5,4,5,7,4,4,10,5,5,2,16,6,2,9,3,4,C03,7,5,1,10,2,11,,6,6,1,22,9,C03,120.58314,24.182221,2
2023,1,13,13,5,臺中市,太平區,0,0,0,8,,,40,,,,,,,,,,,,,,,23,,,,,B12,,,1,,1,,,23,,1,22,,B12,120.720038,24.156897,3
2023,1,13,13,7,臺中市,梧棲區,0,0,0,8,,,50,,,,,,,,,,,,,,,23,,,,,B03,,,1,,2,,,23,23,1,9,,B03,120.537913,24.258367,3
2023,1,13,13,10,臺中市,南屯區,0,2,0,8,1,5,50,14,7,1,5,4,5,7,4,4,5,4,5,2,12,7,3,10,1,1,B03,7,8,1,8,2,2,,7,7,1,22,9,B03,120.644324,24.146874,2
2023,1,13,13,10,臺中市,烏日區,0,0,0,8,,,50,,,,,,,,,,,,,,,12,,,,,B11,,,1,,2,,,12,,1,21,,B11,120.649121,24.086314,3
2023,1,13,13,13,臺中市,北區,0,2,0,8,1,5,50,3,1,1,5,4,5,7,4,4,8,3,5,2,12,6,2,8,1,1,C03,7,5,1,10,2,14,,6,6,1,18,8,C03,120.678665,24.15103,2
2023,1,13,13,13,臺中市,龍井區,0,2,0,8,1,5,50,3,1,1,5,4,5,7,4,4,10,5,5,2,16,6,2,9,3,4,C03,7,5,1,10,2,12,,6,6,1,22,9,C03,120.585304,24.185137,2
2023,1,13,13,15,臺中市,西區,0,2,0,8,1,5,50,4,2,1,5,4,5,7,1,1,10,5,5,2,13,23,2,8,1,1,C03,7,9,1,10,2,11,,23,23,1,22,9,C03,120.667101,24.132158,2
2023,1,13,13,15,臺中市,大里區,0,0,0,8,1,5,50,14,13,1,5,4,5,7,4,4,5,4,5,1,17,18,,,,,B03,,,1,,2,,,18,,1,22,,B03,120.689802,24.114559,3
2023,1,13,13,17,臺中市,南屯區,0,1,0,8,1,5,50,3,1,1,5,4,5,7,4,4,4,3,5,2,12,23,2,9,1,1,C03,7,9,1,10,2,11,14,23,23,1,22,8,C03,120.60949,24.141658,2
2023,1,13,13,23,臺中市,大雅區,0,1,0,8,1,5,50,3,2,1,5,4,5,7,4,4,1,4,4,1,14,12,3,10,1,1,B03,7,2,1,8,2,7,,12,12,1,22,9,B03,120.647148,24.221895,2
2023,1,13,13,24,臺中市,西屯區,0,1,0,8,1,5,60,4,2,1,5,4,5,7,2,1,1,3,1,1,17,42,3,10,1,1,B03,7,5,1,8,2,2,,42,42,1,22,8,B03,120.593044,24.183185,2
2023,1,13,13,25,臺中市,南屯區,0,2,0,8,1,5,50,4,1,1,5,4,5,7,2,1,5,5,5,2,16,8,2,9,1,1,C03,7,5,1,10,2,14,,8,8,1,22,8,C03,120.645077,24.129514,2
2023,1,13,13,26,臺中市,西屯區,0,1,0,8,1,5,50,4,1,1,5,4,5,7,4,4,10,5,5,2,13,16,2,9,1,1,C03,7,9,1,10,1,11,,16,16,1,22,8,C03,120.650429,24.167235,2
2023,1,13,13,28,臺中市,西屯區,0,0,0,8,,,50,,,,,,,,,,,,,,,23,,,,,B12,,,1,,2,,,23,,1,22,,B12,120.639735,24.171281,3
2023,1,13,13,28,臺中市,西屯區,0,0,0,8,,,50,,,,,,,,,,,,,,,12,,,,,B12,,,1,,1,,,12,,1,1,,B12,120.59661,24.166951,3
2023,1,13,13,30,臺中市,沙鹿區,0,1,0,8,1,5,50,4,1,1,5,4,5,7,2,1,10,5,5,2,12,42,3,10,1,1,B03,7,9,3,18,1,2,,42,42,1,21,5,B03,120.565908,24.250135,2
2023,1,13,13,31,臺中市,北區,0,1,0,8,1,5,50,5,1,1,5,4,5,7,1,1,10,5,5,2,16,7,3,10,1,1,B03,7,8,1,8,2,5,,7,7,1,22,8,B03,120.686252,24.15482,2
2023,1,13,13,40,臺中市,東區,0,0,0,8,,,50,,,,,,,,,,,,,,,6,,,,,B03,,,1,,2,,,6,,1,22,,B03,120.706651,24.140532,3
2023,1,13,13,40,臺中市,西屯區,0,0,0,8,,,50,,,,,,,,,,,,,,,23,,,,,B03,,,1,,1,,,23,,1,22,,B03,120.661271,24.16388,3
2023,1,13,13,45,臺中市,北區,0,0,0,8,1,5,50,4,2,1,5,4,5,7,2,1,8,3,5,2,13,23,,,,,B03,,,1,,1,,,23,,1,22,,B03,120.665372,24.153807,3
2023,1,13,13,48,臺中市,西屯區,0,0,0,8,,,50,,,,,,,,,,,,,,,42,,,,,B03,,,1,,1,,,42,,1,22,,B03,120.622374,24.174563,3
2023,1,13,13,50,臺中市,沙鹿區,0,0,0,8,,,40,,,,,,,,,,,,,,,17,,,,,B03,,,1,,2,,,17,,1,21,,B03,120.577839,24.222137,3
2023,1,13,13,50,臺中市,神岡區,0,0,0,8,,,50,,,,,,,,,,,,,,,7,,,,,A12,,,1,,1,,,7,,1,22,,A12,120.696095,24.248364,3
2023,1,13,13,51,臺中市,西屯區,0,1,0,8,1,5,50,4,1,1,5,4,5,7,2,1,10,5,5,2,16,9,3,10,1,1,B03,7,6,1,8,2,5,,9,6,1,22,8,B03,120.663939,24.172269,2
2023,1,13,13,54,臺中市,南屯區,0,1,0,8,1,5,50,12,8,1,5,4,5,7,4,4,4,3,5,2,13,23,2,9,1,1,F01,7,9,8,20,2,16,,23,23,1,22,8,F01,120.592936,24.142125,2
2023,1,13,13,56,臺中市,東區,0,0,0,8,,,50,,,,,,,,,,,,,,,23,,,,,B03,,,1,,2,,,23,,1,2,,B03,120.683779,24.134767,3
2023,1,13,14,0,臺中市,沙鹿區,0,0,0,8,,,50,,,,,,,,,,,,,,,12,,,,,B03,,,1,,2,,,12,,1,20,,B03,120.57024,24.222986,3
2023,1,13,14,4,臺中市,沙鹿區,0,2,0,8,1,5,60,3,1,1,5,4,5,7,1,1,1,5,5,2,13,16,2,1,1,1,B12,7,11,1,8,2,8,,16,16,1,10,3,B12,120.578891,24.250075,2
2023,1,13,14,6,臺中市,西屯區,0,0,0,8,,,50,,,,,,,,,,,,,,,7,,,,,B03,,,1,,2,,,7,,1,22,,B03,120.638506,24.159543,3
2023,1,13,14,9,臺中市,豐原區,0,1,0,8,1,5,50,14,9,1,5,4,5,7,1,1,5,4,5,1,17,23,2,9,1,1,C02,7,9,1,9,2,12,,23,23,1,22,8,C02,120.71274,24.251652,2
2023,1,13,14,14,臺中市,北區,0,0,0,8,,,50,,,,,,,,,,,,,,,9,,,,,B03,,,1,,1,,,9,,1,22,,B03,120.682335,24.153988,3
2023,1,13,14,15,臺中市,沙鹿區,0,0,0,8,,,50,,,,,,,,,,,,,,,42,,,,,B12,,,1,,2,,,42,,1,22,,B12,120.552073,24.215411,3
2023,1,13,14,16,臺中市,南屯區,0,0,0,8,,,50,,,,,,,,,,,,,,,42,,,,,C03,,,1,,1,,,42,,1,4,,C03,120.6332,24.137058,3
2023,1,13,14,18,臺中市,霧峰區,0,1,0,8,1,5,40,4,1,1,5,4,5,7,1,1,5,4,4,2,12,7,3,10,1,1,B03,7,9,1,8,2,2,,44,7,1,22,9,B03,120.662967,24.059732,2
2023,1,13,14,19,臺中市,太平區,0,1,0,8,1,5,50,14,9,1,5,4,5,7,4,4,5,5,5,1,13,23,3,10,1,1,C03,7,9,1,10,2,11,,23,23,1,18,8,C03,120.735878,24.133359,2
2023,1,13,14,21,臺中市,沙鹿區,0,2,0,8,1,5,50,4,1,1,5,4,5,7,1,1,10,5,5,2,15,25,2,8,1,1,C03,7,9,1,10,2,11,,25,25,1,20,8,C03,120.561319,24.242653,2
2023,1,13,14,24,臺中市,大雅區,0,0,0,8,,,50,,,,,,,,,,,,,,,23,,,,,B03,,,1,,2,,,23,,1,22,,B03,120.654272,24.22934,3
2023,1,13,14,26,臺中市,太平區,0,1,0,8,1,5,50,4,7,1,5,4,5,7,4,4,5,5,4,2,3,53,2,9,4,1,H01,8,16,8,20,10,16,,53,53,1,22,8,H01,120.720863,24.117897,2
2023,1,13,14,29,臺中市,潭子區,0,0,0,8,,,50,,,,,,,,,,,,,,,23,,,,,C03,,,1,,2,,,23,,1,5,,C03,120.673928,24.2077,3
2023,1,13,14,30,臺中市,北屯區,0,0,0,8,,,40,,,,,,,,,,,,,,,23,,,,,B03,,,1,,1,,,23,,1,22,,B03,120.706344,24.186517,3
2023,1,13,14,31,臺中市,西屯區,0,1,0,8,1,5,50,14,9,1,5,4,5,7,4,4,5,5,5,2,2,23,3,10,1,1,B03,7,9,1,8,1,2,,23,23,1,1,9,B03,120.638425,24.180361,2
2023,1,13,14,32,臺中市,北屯區,0,0,0,8,,,50,,,,,,,,,,,,,,,6,,,,,B03,,,1,,1,,,6,,1,22,,B03,120.679428,24.181803,3
2023,1,13,14,36,臺中市,北屯區,0,0,0,8,,,50,,,,,,,,,,,,,,,23,,,,,B03,,,1,,1,,,23,,1,22,,B03,120.725366,24.172017,3
2023,1,13,14,36,臺中市,豐原區,0,0,0,8,,,50,,,,,,,,,,,,,,,42,,,,,B03,,,1,,2,,,42,,1,22,,B03,120.7187,24.252205,3
2023,1,13,14,37,臺中市,西屯區,0,1,0,8,1,5,50,14,9,1,5,4,5,7,4,4,5,4,5,2,8,23,3,10,3,4,A04,7,8,1,2,2,5,,23,23,1,22,8,A04,120.644884,24.179269,2
2023,1,13,14,38,臺中市,霧峰區,0,0,0,8,,,60,,,,,,,,,,,,,,,18,,,,,B12,,,1,,2,,,18,18,1,22,,B12,120.696071,24.056627,3
2023,1,13,14,41,臺中市,北區,0,0,0,8,1,5,50,14,9,1,5,4,5,7,4,4,1,4,5,2,12,23,3,10,1,1,B03,7,6,1,8,1,6,,23,23,1,5,5,B03,120.671677,24.171896,3
2023,1,13,14,43,臺中市,大雅區,0,1,0,8,1,5,30,4,1,1,5,4,5,7,4,4,10,5,5,2,16,6,3,10,1,1,C03,7,9,1,10,2,13,,6,6,1,22,8,C03,120.662677,24.226319,2
2023,1,13,14,43,臺中市,太平區,0,1,0,8,1,5,50,3,1,1,5,4,5,7,1,1,5,5,5,2,18,23,2,9,1,1,C03,7,6,1,10,2,12,,23,23,1,21,8,C03,120.707115,24.129138,2
2023,1,13,14,44,臺中市,西區,0,0,0,8,,,40,,,,,,,,,,,,,,,23,,,,,B03,,,1,,2,,,23,,1,22,,B03,120.672588,24.148224,3
2023,1,13,14,49,臺中市,南屯區,0,0,0,,,,50,,,,,,,,,,,,,,,6,,,,,B03,,,1,,1,,,6,,1,22,,B03,120.608538,24.146391,3
2023,1,13,14,49,臺中市,北屯區,0,0,0,8,,,50,,,,,,,,,,,,,,,16,,,,,C03,,,1,,1,,,16,,1,21,,C03,120.703827,24.15997,3
2023,1,13,14,50,臺中市,南屯區,0,0,0,8,,,30,,,,,,,,,,,,,,,12,,,,,B12,,,1,,1,,,12,,1,22,,B12,120.620147,24.136775,3
2023,1,13,14,50,臺中市,大里區,0,1,0,8,1,5,50,4,2,1,5,4,5,7,1,1,1,4,4,2,12,16,3,10,1,1,B03,7,9,1,8,2,2,,16,16,1,22,9,B03,120.69018,24.092567,2
2023,1,13,14,55,臺中市,南屯區,0,1,0,8,1,5,50,4,1,1,5,4,5,7,2,1,10,5,5,2,13,16,2,9,1,1,C03,7,9,1,10,2,11,,16,16,1,22,9,C03,120.634198,24.158317,2
2023,1,13,14,56,臺中市,豐原區,0,1,0,8,1,5,50,4,1,1,5,4,5,7,2,1,4,5,4,2,16,8,3,10,1,1,C03,7,5,6,18,2,14,,8,8,1,20,8,C03,120.715636,24.251412,2
2023,1,13,14,59,臺中市,北區,0,2,0,8,1,5,5,3,1,1,5,4,5,7,1,1,10,5,5,2,16,9,3,10,1,1,B03,7,6,1,8,2,5,,9,9,1,5,8,B03,120.689278,24.153931,2
2023,1,13,14,59,臺中市,南屯區,0,0,0,8,,,50,,,,,,,,,,,,,,,42,,,,,B03,,,1,,2,,,42,,1,4,,B03,120.647024,24.13945,3
2023,1,13,15,0,臺中市,烏日區,0,1,0,8,1,5,30,11,9,1,5,4,5,7,4,4,10,5,5,2,18,23,2,9,1,1,C03,7,6,1,10,2,12,,23,23,1,3,8,C03,120.641248,24.11075,2
2023,1,13,15,2,臺中市,西區,0,1,0,8,1,5,50,3,1,1,5,4,5,7,4,4,5,4,5,2,16,26,2,9,1,1,C03,7,5,1,10,2,11,,26,26,1,5,8,C03,120.656751,24.150871,2
2023,1,13,15,4,臺中市,潭子區,0,1,0,8,1,5,50,3,1,1,5,4,5,7,3,1,10,5,5,2,12,17,3,10,1,1,B12,7,6,1,8,2,2,,17,17,1,21,8,B12,120.706176,24.215499,2
2023,1,13,15,5,臺中市,北區,0,0,0,8,,,50,,,,,,,,,,,,,,,23,,,,,B03,,,1,,2,,,23,,1,22,,B03,120.674616,24.162533,3
2023,1,13,15,6,臺中市,豐原區,0,1,0,8,1,5,50,4,1,1,5,4,5,7,2,1,4,3,5,2,16,6,2,8,1,1,C03,7,5,1,10,2,14,,6,8,1,22,8,C03,120.713963,24.25346,2
2023,1,13,15,8,臺中市,北區,0,0,0,8,,,40,,,,,,,,,,,,,,,23,,,,,C03,,,1,,1,,,23,,1,22,,C03,120.689091,24.157034,3
2023,1,13,15,10,臺中市,大雅區,0,0,0,8,,,50,,,,,,,,,,,,,,,17,,,,,B12,,,1,,2,,,17,,1,22,,B12,120.647538,24.224724,3
2023,1,13,15,10,臺中市,東區,0,1,0,8,3,5,50,3,1,1,5,4,5,7,4,4,10,5,5,2,12,6,3,10,1,1,B03,7,6,1,8,2,2,,6,6,1,22,8,B03,120.701068,24.135266,2
2023,1,13,15,10,臺中市,霧峰區,0,0,0,8,,,30,,,,,,,,,,,,,,,10,,,,,B03,,,1,,2,,,10,,1,22,,B03,120.712342,24.079262,3
2023,1,13,15,11,臺中市,北屯區,0,0,0,6,,,50,,,,,,,,,,,,,,,26,,,,,B02,,9,1,8,1,5,,26,26,1,21,8,B02,120.728458,24.171545,3
2023,1,13,15,11,臺中市,豐原區,0,0,0,8,,,30,,,,,,,,,,,,,,,42,,,,,A12,,,1,,2,,,42,,1,21,,A12,120.721908,24.275834,3
2023,1,13,15,12,臺中市,南區,0,1,0,8,1,5,50,4,1,1,5,4,5,7,1,1,10,5,5,2,17,6,2,6,1,1,C03,7,6,1,10,2,13,,6,6,1,22,8,C03,120.681897,24.133974,2
2023,1,13,15,14,臺中市,大雅區,0,2,0,8,1,5,30,4,1,1,5,4,5,7,4,4,10,5,5,2,12,23,3,10,1,1,B12,7,9,1,8,2,8,,23,23,1,22,9,B12,120.655189,24.222008,2
2023,1,13,15,14,臺中市,北屯區,0,1,0,8,1,5,30,14,9,1,5,4,5,7,4,4,10,5,5,2,10,5,2,9,1,1,C03,7,9,3,18,2,11,,5,5,1,5,8,C03,120.6799,24.1734,2