年,月,日,時,分,縣市,區,死,受傷,2-30,天候,光線,道路類別,速限,道路型態,事故位置,路面鋪裝,路面狀態,路面缺陷,障礙物,視距,號誌種類,號誌動作,分向設施,快車道或一般車道間,快慢車道間,路面邊線,事故類型及型態,主要肇因,受傷程度,主要傷處,保護裝備,行動電話,當事者區分,車輛用途,當事者行動狀態,駕駛資格情形,駕駛執照種類,飲酒情形,車輛撞擊部位最初,車輛撞擊部位其他,肇事因素個別,肇事因素主要,肇事逃逸,職業,旅次目的,車種,GPS緯度,GPS經度,事故類別
2023,1,15,15,28,臺中市,北區,0,0,0,8,,,50,,,,,,,,,,,,,,,6,,,,,C03,,,1,,2,,,6,,1,21,,C03,120.68616,24.146227,3
2023,1,15,15,29,臺中市,西屯區,0,1,0,8,1,5,50,14,7,1,5,4,5,7,4,4,8,4,4,1,13,23,2,8,1,4,C03,7,9,1,10,2,11,,23,23,1,4,8,C03,120.64578,24.172025,2
2023,1,15,15,29,臺中市,大甲區,0,1,0,8,1,5,50,14,8,1,5,4,5,7,4,4,8,5,4,2,12,23,2,7,1,1,F03,7,8,8,20,2,16,,23,23,1,22,9,F03,120.655737,24.38756,2
2023,1,15,15,34,臺中市,南區,0,1,0,8,1,5,50,14,9,1,5,4,5,7,4,4,1,4,5,2,16,9,3,10,1,1,B03,7,6,1,8,2,2,,9,9,1,22,8,B03,120.650778,24.11986,2
2023,1,15,15,41,臺中市,南區,0,2,0,8,1,5,50,4,1,1,5,4,5,7,4,4,10,5,5,2,3,23,2,9,1,1,C03,7,9,1,10,2,14,,23,23,1,5,8,C03,120.682377,24.130622,2
2023,1,15,15,46,臺中市,北屯區,0,0,0,8,,,50,,,,,,,,,,,,,,,17,,,,,B03,,,1,,1,,,17,,1,21,,B03,120.724965,24.16548,3
2023,1,15,15,49,臺中市,大里區,0,0,0,8,,,50,,,,,,,,,,,,,,,12,,,,,B03,,,1,,2,,,12,,1,22,,B03,120.689968,24.107894,3
2023,1,15,15,50,臺中市,西區,0,0,0,8,,,40,,,,,,,,,,,,,,,17,,,,,B03,,,1,,1,,,17,,1,22,,B03,120.674778,24.149024,3
2023,1,15,15,53,臺中市,北屯區,0,0,0,,,,50,,,,,,,,,,,,,,,19,,,,,B03,,1,1,8,1,5,,19,19,1,21,8,B03,120.664588,24.185881,3
2023,1,15,15,59,臺中市,西屯區,0,0,0,8,,,50,,,,,,,,,,,,,,,23,,,,,B03,,,1,,1,,,23,,1,22,,B03,120.634479,24.179478,3
2023,1,15,16,0,臺中市,西屯區,0,3,0,8,1,5,50,14,7,1,5,4,5,7,4,4,9,5,4,2,12,23,2,9,1,1,C03,7,9,3,18,2,11,,23,23,1,12,8,C03,120.655052,24.200897,2
2023,1,15,16,0,臺中市,烏日區,0,0,0,8,,,50,,,,,,,,,,,,,,,25,,,,,B03,,,1,,9,,,25,,1,21,,B03,120.642671,24.073308,3
2023,1,15,16,3,臺中市,北屯區,0,2,0,8,1,5,50,4,1,1,5,4,5,7,2,1,10,5,5,2,12,17,2,9,3,4,C03,7,15,1,10,2,12,,17,17,1,21,8,C03,120.692794,24.162343,2
2023,1,15,16,10,臺中市,東區,0,0,0,8,1,5,50,14,7,1,5,4,5,7,1,1,5,2,5,2,13,42,3,10,1,1,B03,7,9,1,8,2,1,,42,42,1,22,8,B03,120.687868,24.136529,3
2023,1,15,16,12,臺中市,北屯區,0,1,0,8,1,5,50,14,9,1,5,4,5,7,4,4,1,4,5,2,16,7,3,10,1,1,C03,7,8,1,10,2,12,,7,7,1,5,8,C03,120.711123,24.172178,2
2023,1,15,16,15,臺中市,西屯區,0,0,0,8,,,50,,,,,,,,,,,,,,,9,,,,,B02,,,1,,2,,,9,,1,1,,B02,120.643961,24.175344,3
2023,1,15,16,18,臺中市,西屯區,0,0,0,8,,,50,,,,,,,,,,,,,,,23,,,,,B03,,,1,,1,,,23,,1,22,,B03,120.645191,24.162759,3
2023,1,15,16,18,臺中市,龍井區,0,0,0,8,,,40,,,,,,,,,,,,,,,23,,,,,B03,,,1,,2,,,23,,1,4,,B03,120.547271,24.209203,3
2023,1,15,16,20,臺中市,大雅區,0,0,0,8,,,50,,,,,,,,,,,,,,,16,,,,,C03,,,1,,2,,,16,,1,22,,C03,120.662633,24.24566,3
2023,1,15,16,21,臺中市,東區,0,1,0,8,1,5,50,3,1,1,5,4,5,7,1,1,10,5,5,2,16,6,3,10,1,1,B03,7,6,1,8,2,5,,6,6,1,22,8,B03,120.710978,24.1427,2
2023,1,15,16,22,臺中市,北屯區,0,1,0,8,1,5,50,4,1,1,5,4,5,7,4,4,10,5,5,2,16,6,2,9,1,1,C03,7,9,1,10,2,12,,6,6,1,21,8,C03,120.716496,24.168151,2
2023,1,15,16,26,臺中市,大雅區,0,1,0,8,1,5,50,4,1,1,5,4,5,7,1,1,1,4,4,1,18,23,2,9,1,1,C03,7,9,1,10,2,15,,23,23,1,22,9,C03,120.648382,24.221362,2
2023,1,15,16,28,臺中市,西區,0,2,0,8,1,5,50,5,2,1,5,4,5,7,1,1,3,4,4,2,16,6,2,9,1,1,C03,7,6,1,10,2,12,,6,6,1,4,5,C03,120.673734,24.147974,2
2023,1,15,16,28,臺中市,西屯區,0,0,0,8,,,50,,,,,,,,,,,,,,,23,,,,,B03,,,1,,1,,,23,,1,22,,B03,120.657742,24.200696,3
2023,1,15,16,30,臺中市,南屯區,0,3,0,8,1,5,50,4,1,1,5,4,5,7,2,1,10,5,5,2,15,25,2,8,1,1,C03,7,9,1,10,2,11,,25,25,1,22,9,C03,120.631748,24.125647,2
2023,1,15,16,30,臺中市,霧峰區,0,1,0,8,1,5,40,4,1,1,5,4,5,7,1,1,10,5,5,2,16,6,2,9,1,1,C03,7,5,3,18,2,14,,6,6,1,5,8,C03,120.709285,24.080698,2
2023,1,15,16,31,臺中市,東區,0,1,0,8,1,5,50,4,2,1,5,4,5,7,2,1,5,2,5,2,13,23,2,9,1,1,C01,7,9,4,10,2,11,,23,23,1,22,8,C01,120.687711,24.136588,2
2023,1,15,16,35,臺中市,南屯區,0,0,0,8,,,50,,,,,,,,,,,,,,,6,,,,,B03,,,1,,1,,,6,6,1,22,,B03,120.646758,24.141706,3
2023,1,15,16,36,臺中市,沙鹿區,0,0,0,8,,,50,,,,,,,,,,,,,,,17,,,,,B03,,,1,,2,,,17,17,1,22,,B03,120.560838,24.237421,3
2023,1,15,16,40,臺中市,西屯區,0,0,0,8,,,50,,,,,,,,,,,,,,,67,,,,,,,,,,,,,67,,1,,,,120.63046,24.163835,3
2023,1,15,16,49,臺中市,沙鹿區,0,0,0,,,,50,,,,,,,,,,,,,,,12,,,,,B03,,,1,,2,,,12,,1,22,,B03,120.563461,24.233161,3
2023,1,15,16,51,臺中市,大里區,0,1,0,8,1,5,50,3,1,1,5,4,5,7,3,1,10,5,5,1,17,6,3,10,1,1,C03,7,5,1,10,2,15,,6,6,1,22,9,C03,120.69194,24.086527,2
2023,1,15,16,52,臺中市,西屯區,0,2,0,8,3,5,50,4,1,1,5,4,5,7,1,1,10,5,5,2,16,43,3,10,3,4,B03,7,9,1,8,2,2,,43,43,1,22,8,B03,120.634826,24.17949,2
2023,1,15,17,0,臺中市,南區,0,0,0,8,1,5,50,4,4,1,5,4,5,7,1,1,1,5,5,2,13,16,3,10,1,1,C03,7,9,1,10,2,11,,16,16,1,5,8,C03,120.676627,24.131752,3
2023,1,15,17,0,臺中市,豐原區,0,1,0,8,1,5,50,4,2,1,5,4,5,7,1,1,5,5,5,2,9,42,2,9,1,1,C03,7,9,1,10,2,14,,42,42,1,22,8,C03,120.718773,24.253383,2
2023,1,15,17,1,臺中市,南區,0,1,0,8,1,5,50,14,8,1,5,4,5,7,4,4,1,4,4,2,16,9,3,10,1,1,B02,7,6,1,8,2,2,,9,9,1,22,8,B02,120.662968,24.121275,2
2023,1,15,17,2,臺中市,西屯區,0,1,0,8,2,5,50,4,1,1,5,4,5,7,1,1,10,5,5,2,16,6,3,10,3,4,B03,7,5,1,8,2,1,,6,6,1,22,8,B03,120.64147,24.17345,2
2023,1,15,17,2,臺中市,西屯區,0,0,0,8,,,50,,,,,,,,,,,,,,,23,,,,,B03,,,1,,2,,,23,,1,12,,B03,120.652344,24.206041,3
2023,1,15,17,2,臺中市,豐原區,0,0,0,8,,,50,,,,,,,,,,,,,,,16,,,,,B03,,,1,,2,,,16,,1,21,,B03,120.738913,24.262167,3
2023,1,15,17,3,臺中市,北屯區,0,0,0,6,,,50,,,,,,,,,,,,,,,26,,,,,B01,,7,1,8,1,8,,26,26,1,21,8,B01,120.730358,24.17381,3
2023,1,15,17,3,臺中市,烏日區,0,1,0,8,1,5,40,14,9,1,5,4,5,7,4,4,10,5,5,2,18,23,2,9,1,1,C03,7,9,1,10,2,11,12,23,23,1,21,8,C03,120.633308,24.071854,2
2023,1,15,17,7,臺中市,神岡區,0,0,0,8,,,30,,,,,,,,,,,,,,,6,,,,,B03,,,1,,2,,,6,,1,21,,B03,120.686776,24.25031,3
2023,1,15,17,11,臺中市,太平區,0,1,0,8,1,5,50,14,9,1,5,4,5,7,4,4,5,4,5,2,16,23,3,10,1,1,B03,7,6,1,8,2,5,,9,23,1,5,8,B03,120.713249,24.149661,2
2023,1,15,17,19,臺中市,豐原區,0,0,0,8,,,50,,,,,,,,,,,,,,,7,,,,,C03,,,1,,2,,,7,,1,22,,C03,120.71817,24.257275,3
2023,1,15,17,20,臺中市,東區,0,1,0,8,1,5,50,3,1,1,5,4,5,7,1,1,10,5,5,2,29,67,,,,,,,,,,,,,67,67,1,,,,120.686877,24.136117,2
2023,1,15,17,24,臺中市,清水區,0,0,0,8,,,50,,,,,,,,,,,,,,,16,,,,,B03,,,1,,2,,,16,,1,21,,B03,120.606336,24.266666,3
2023,1,15,17,26,臺中市,北區,0,0,0,,,,40,,,,,,,,,,,,,,,23,,,,,B03,,,1,,2,,,44,23,1,21,,B03,120.663884,24.157614,3
2023,1,15,17,27,臺中市,西屯區,0,0,0,8,,,60,,,,,,,,,,,,,,,8,,,,,B03,,,1,,1,,,8,,1,1,,B03,120.628867,24.162746,3
2023,1,15,17,32,臺中市,潭子區,0,1,0,8,2,5,50,3,2,1,5,4,5,7,4,4,10,5,5,2,13,16,2,7,1,1,C03,7,9,1,10,2,11,,16,16,1,22,8,C03,120.706476,24.204627,2
2023,1,15,17,35,臺中市,大里區,0,1,0,8,1,5,50,3,2,1,5,4,5,7,4,4,5,5,4,2,17,23,2,9,1,1,C03,7,9,1,10,2,14,,23,23,1,5,5,C03,120.677178,24.098858,2
2023,1,15,17,37,臺中市,北屯區,0,0,0,8,,,50,,,,,,,,,,,,,,,23,,,,,A12,,,1,,2,,,23,,1,21,,A12,120.730136,24.159091,3
2023,1,15,17,44,臺中市,北屯區,0,1,0,8,3,5,50,4,2,1,5,4,5,7,1,1,10,5,5,2,13,23,3,10,1,1,B03,7,9,6,8,2,1,,23,23,1,21,8,B03,120.676356,24.174383,2
2023,1,15,17,45,臺中市,南屯區,0,0,0,8,3,5,50,14,9,1,5,4,5,7,4,4,9,5,5,2,12,40,3,10,1,1,B03,7,14,1,8,1,4,,40,40,1,22,8,B03,120.636834,24.149618,3
2023,1,15,17,45,臺中市,龍井區,0,0,0,8,,,30,,,,,,,,,,,,,,,17,,,,,B12,,,1,,2,,,17,,1,2,,B12,120.587893,24.178595,3
2023,1,15,17,48,臺中市,沙鹿區,0,1,0,8,1,5,30,15,9,1,5,4,5,7,4,4,10,5,5,1,17,6,3,10,1,1,B03,7,6,1,8,2,8,,6,6,1,4,9,B03,120.569574,24.251361,2
2023,1,15,17,49,臺中市,西屯區,0,0,0,8,,,30,,,,,,,,,,,,,,,23,,,,,B01,,,1,,1,,,23,,1,22,,B01,120.646264,24.183432,3
2023,1,15,17,50,臺中市,北屯區,0,0,0,6,,,50,,,,,,,,,,,,,,,16,,,,,B03,,9,1,8,1,1,,16,16,1,21,8,B03,120.689912,24.192878,3
2023,1,15,17,51,臺中市,沙鹿區,0,0,0,8,,,60,,,,,,,,,,,,,,,7,,,,,B03,,,1,,2,,,7,,1,22,,B03,120.567876,24.238453,3
2023,1,15,17,55,臺中市,南屯區,0,0,0,8,,,50,,,,,,,,,,,,,,,12,,,,,B03,,,1,,1,,,12,,1,22,,B03,120.642783,24.145956,3
2023,1,15,17,56,臺中市,西屯區,0,1,0,8,1,5,50,4,1,1,5,4,5,7,1,1,8,4,4,1,29,43,2,9,1,4,B03,7,15,1,8,2,1,,43,43,1,4,8,B03,120.655883,24.159431,2
2023,1,15,17,57,臺中市,西屯區,0,1,0,8,3,5,50,4,9,1,5,4,5,7,1,1,3,2,5,2,13,23,2,8,3,4,C03,7,9,1,10,2,11,,23,16,1,22,8,C03,120.641299,24.173423,2
2023,1,15,18,0,臺中市,西區,0,2,0,8,3,5,40,4,1,1,5,4,5,7,1,1,10,5,5,2,17,42,2,8,2,1,F01,7,15,8,20,2,16,,44,42,1,22,9,F01,120.656361,24.155923,2
2023,1,15,18,0,臺中市,龍井區,0,0,0,8,,,30,,,,,,,,,,,,,,,23,,,,,B03,,,1,,2,,,23,,1,2,,B03,120.587074,24.180338,3
2023,1,15,18,2,臺中市,南區,0,2,0,8,3,5,50,3,1,1,5,4,5,7,4,4,10,5,5,2,17,23,2,9,1,1,C03,7,9,1,10,2,11,,23,23,1,22,8,C03,120.670398,24.130316,2
2023,1,15,18,3,臺中市,霧峰區,0,0,0,8,,,50,,,,,,,,,,,,,,,6,,,,,B03,,,1,,2,,,6,,1,22,,B03,120.696962,24.063499,3
2023,1,15,18,5,臺中市,外埔區,0,2,0,8,4,5,50,14,9,1,5,4,5,7,4,4,9,4,5,1,21,43,2,7,3,4,B03,7,9,1,8,2,1,,43,43,1,22,8,B03,120.649756,24.332824,2
2023,1,15,18,6,臺中市,東區,0,0,0,8,,,50,,,,,,,,,,,,,,,12,,,,,B03,,,1,,9,,,12,,1,22,,B03,120.697928,24.140118,3
2023,1,15,18,8,臺中市,東區,0,1,0,8,3,5,50,4,1,1,5,4,5,7,1,1,10,5,5,2,16,6,3,10,1,1,C03,7,6,4,8,2,12,,6,6,1,5,8,C03,120.692456,24.142745,2
2023,1,15,18,13,臺中市,南區,0,1,0,8,1,5,50,3,1,1,5,4,5,7,4,4,5,5,5,2,13,23,2,8,1,1,C03,7,9,1,10,2,11,,23,23,1,22,8,C03,120.659639,24.125666,2
2023,1,15,18,17,臺中市,太平區,0,1,0,8,2,5,40,3,4,1,5,4,5,7,1,1,5,5,4,1,13,16,2,7,1,1,C03,7,9,1,10,2,11,,16,16,1,5,8,C03,120.735966,24.130234,2
2023,1,15,18,17,臺中市,太平區,0,0,0,8,,,50,,,,,,,,,,,,,,,18,,,,,B03,,,1,,2,,,18,,1,4,,B03,120.718812,24.148892,3
2023,1,15,18,20,臺中市,東區,0,1,0,8,1,5,50,3,1,1,5,4,5,7,4,4,10,5,5,2,17,8,2,9,1,1,C03,7,5,1,10,2,11,,8,8,1,22,8,C03,120.687286,24.141493,2
2023,1,15,18,20,臺中市,南屯區,0,0,0,8,,,50,,,,,,,,,,,,,,,23,,,,,B03,,,1,,2,,,23,,1,22,,B03,120.609151,24.148222,3
2023,1,15,18,24,臺中市,北屯區,0,1,0,8,3,5,50,11,9,1,5,4,5,7,4,4,5,5,5,1,18,23,2,9,1,1,C03,7,9,1,10,2,14,,23,23,1,5,8,C03,120.758413,24.160748,2
2023,1,15,18,25,臺中市,西屯區,0,2,0,8,3,5,50,4,1,1,5,4,5,7,1,1,9,4,4,2,3,15,3,10,1,1,B03,7,5,1,8,2,1,,15,15,1,12,8,B03,120.65155,24.158791,2
2023,1,15,18,27,臺中市,神岡區,0,0,0,8,,,50,,,,,,,,,,,,,,,23,,,,,B03,,,1,,2,,,23,23,2,22,,B03,120.660416,24.253785,3
2023,1,15,18,32,臺中市,梧棲區,0,2,0,8,3,5,40,4,1,1,5,4,5,7,4,4,5,5,5,1,15,6,3,10,1,1,B03,7,9,1,8,2,8,,6,6,1,4,8,B03,120.541094,24.22616,2
2023,1,15,18,36,臺中市,西區,0,2,0,8,3,5,1,4,1,1,5,4,5,7,1,1,10,5,5,2,15,25,2,9,3,4,F01,7,9,8,20,2,16,,25,25,1,19,8,F01,120.663275,24.132143,2
2023,1,15,18,40,臺中市,北屯區,0,0,0,8,,,50,,,,,,,,,,,,,,,23,,,,,B03,,,1,,11,,,23,,1,21,,B03,120.724596,24.166878,3
2023,1,15,18,41,臺中市,西屯區,0,0,0,8,,,60,,,,,,,,,,,,,,,7,,,,,B03,,,1,,2,,,7,,1,22,,B03,120.646454,24.164454,3
2023,1,15,18,45,臺中市,北屯區,0,2,0,8,3,5,50,14,9,1,5,4,5,7,4,4,9,4,5,2,16,6,2,9,1,1,C03,7,5,1,10,2,12,,6,6,1,21,8,C03,120.693758,24.171933,2
2023,1,15,18,45,臺中市,烏日區,0,1,0,8,3,5,40,14,7,1,5,4,5,7,4,4,8,3,4,2,13,16,3,10,1,1,C03,7,9,1,10,2,13,12,44,16,1,22,9,C03,120.607297,24.110431,2
2023,1,15,18,53,臺中市,北區,0,1,0,8,3,5,40,4,1,1,5,4,5,7,1,1,10,5,5,2,13,16,3,10,3,4,C03,7,9,1,10,2,12,,16,16,1,5,8,C03,120.677372,24.15385,2
2023,1,15,18,55,臺中市,北區,0,0,0,8,,,50,,,,,,,,,,,,,,,23,,,,,B03,,,1,,2,,,44,23,1,22,,B03,120.686164,24.154135,3
2023,1,15,19,2,臺中市,南區,0,0,0,8,,,50,,,,,,,,,,,,,,,43,,,,,B03,,,1,,2,,,43,,1,22,,B03,120.675262,24.125143,3
2023,1,15,19,2,臺中市,豐原區,0,1,0,8,3,5,60,5,9,1,5,4,5,7,1,1,1,3,5,1,17,26,3,10,1,1,B03,7,5,1,8,2,8,,6,26,1,22,5,B03,120.717005,24.244218,2
2023,1,15,19,5,臺中市,龍井區,0,1,0,8,3,5,50,14,9,1,5,4,5,7,4,4,5,5,5,1,17,40,3,10,1,1,B03,7,14,1,8,2,6,,40,40,1,2,8,B03,120.587838,24.185944,2
2023,1,15,19,10,臺中市,神岡區,0,1,0,7,3,5,50,14,9,1,5,4,5,7,4,4,10,5,5,1,18,42,2,9,1,1,C03,7,9,1,10,2,11,,42,42,1,20,8,C03,120.68917,24.245145,2
2023,1,15,19,16,臺中市,大里區,0,2,0,8,3,5,50,3,1,1,5,4,5,7,4,4,10,5,5,1,15,19,2,8,1,1,C03,7,1,1,10,2,11,,19,19,1,9,8,C03,120.705322,24.087729,2
2023,1,15,19,19,臺中市,太平區,0,1,0,8,3,5,50,14,9,1,5,4,5,7,4,4,5,5,5,1,13,16,3,10,1,1,C03,7,9,1,10,2,11,,16,16,1,6,8,C03,120.71438,24.144467,2
2023,1,15,19,21,臺中市,南屯區,0,0,0,8,,,50,,,,,,,,,,,,,,,23,,,,,B03,,,1,,1,,,23,,1,22,,B03,120.648885,24.150268,3
2023,1,15,19,22,臺中市,東區,0,0,0,8,,,50,,,,,,,,,,,,,,,23,,,,,B03,,,6,,2,,,23,,1,22,,B03,120.685556,24.135658,3
2023,1,15,19,25,臺中市,太平區,0,1,0,8,3,5,50,4,2,1,5,4,5,7,1,1,9,4,5,1,12,25,3,10,1,1,C03,7,5,1,10,2,13,,25,25,1,4,8,C03,120.721331,24.101346,2
2023,1,15,19,25,臺中市,烏日區,0,0,0,8,,,50,,,,,,,,,,,,,,,17,,,,,B03,,,1,,2,,,17,,1,21,,B03,120.618852,24.115983,3
2023,1,15,19,26,臺中市,西區,0,0,0,,,,50,,,,,,,,,,,,,,,12,,,,,B03,,,1,,1,,,12,,1,20,,B03,120.665287,24.150867,3
2023,1,15,19,27,臺中市,西區,0,2,0,8,3,5,1,4,1,1,5,4,5,7,1,1,10,5,5,2,16,19,2,7,3,4,F01,7,1,8,20,1,16,,19,19,1,14,8,F01,120.67358,24.140607,2
2023,1,15,19,28,臺中市,東區,2,2,0,8,3,5,50,4,1,1,5,4,5,7,1,1,10,5,5,2,15,25,2,9,1,1,B03,7,9,6,18,11,1,,25,25,1,22,8,B03,120.696648,24.133063,1
2023,1,15,19,35,臺中市,北區,0,0,0,8,,,50,,,,,,,,,,,,,,,23,,,,,C03,,,1,,1,,,23,,1,21,,C03,120.677811,24.149814,3
2023,1,15,19,40,臺中市,太平區,0,1,0,8,3,5,50,14,22,1,5,4,5,7,4,4,10,5,5,2,25,42,3,10,1,1,B03,7,6,1,8,2,1,,42,42,1,21,8,B03,120.704591,24.162381,2
2023,1,15,19,40,臺中市,大甲區,0,1,0,8,3,5,50,3,1,1,5,4,5,7,4,4,10,5,5,2,17,8,3,10,1,1,B03,7,5,1,8,2,8,,8,8,1,4,8,B03,120.654542,24.347069,2
2023,1,15,19,42,臺中市,南屯區,0,0,0,,,,50,,,,,,,,,,,,,,,16,,,,,B03,,,1,,1,,,16,16,1,4,,B03,120.633946,24.146191,3
2023,1,15,19,45,臺中市,沙鹿區,0,1,0,8,3,5,70,4,1,1,5,4,5,7,2,1,1,4,4,1,13,23,3,10,1,1,B03,7,9,1,8,2,1,,23,23,1,22,9,B03,120.606244,24.247281,2
2023,1,15,19,47,臺中市,北區,0,0,0,,,,50,,,,,,,,,,,,,,,7,,,,,B03,,,1,,2,,,7,,1,5,,B03,120.671799,24.172627,3
2023,1,15,19,50,臺中市,龍井區,0,0,0,8,,,70,,,,,,,,,,,,,,,19,,,,,B03,,,1,,2,,,19,,1,10,,B03,120.505931,24.211019,3
2023,1,15,19,52,臺中市,西屯區,0,0,0,8,,,40,,,,,,,,,,,,,,,23,,,,,B03,,,1,,1,,,23,,1,4,,B03,120.646453,24.172945,3
2023,1,15,20,0,臺中市,南區,0,0,0,8,3,5,50,14,8,1,5,4,5,7,4,4,1,4,4,2,17,43,,,,,,,,,,,,,43,43,1,,,,120.680815,24.12752,3
2023,1,15,20,0,臺中市,豐原區,0,0,0,8,,,60,,,,,,,,,,,,,,,18,,,,,B03,,,1,,2,,,18,,1,22,,B03,120.723838,24.264218,3
2023,1,15,20,7,臺中市,北區,0,2,0,8,3,5,50,14,7,1,5,4,5,7,4,4,1,4,4,2,13,16,2,8,1,5,H02,7,20,8,20,10,16,,67,16,1,22,8,H02,120.685073,24.168198,2
2023,1,15,20,12,臺中市,東勢區,0,2,0,8,3,5,50,3,1,1,5,4,5,7,3,1,10,5,5,2,16,6,2,9,1,1,C03,7,5,1,10,2,12,,6,6,1,5,8,C03,120.831927,24.247758,2
2023,1,15,20,20,臺中市,北屯區,0,1,0,8,3,5,50,4,1,1,5,4,5,7,1,1,10,3,5,2,16,23,2,9,1,1,C03,7,9,1,10,2,12,,23,23,1,21,8,C03,120.70119,24.186522,2
2023,1,15,20,32,臺中市,北區,0,1,0,8,3,5,50,4,1,1,5,4,5,7,1,1,5,5,4,2,16,7,3,10,1,1,C03,7,7,1,10,2,13,,7,7,1,21,8,C03,120.686813,24.166934,2
2023,1,15,20,40,臺中市,沙鹿區,0,1,0,8,3,5,50,4,1,1,5,4,5,7,3,1,10,5,5,2,17,10,3,10,1,1,B03,7,11,1,8,2,8,,10,10,1,22,8,B03,120.570755,24.222919,2
2023,1,15,20,44,臺中市,新社區,0,1,0,8,3,5,30,14,9,1,5,4,5,7,4,4,10,5,5,2,27,23,2,9,1,1,C03,7,9,1,10,2,11,,23,23,1,5,8,C03,120.801019,24.257872,2
2023,1,15,20,46,臺中市,北區,0,0,0,8,,,50,,,,,,,,,,,,,,,23,,,,,B03,,,1,,1,,,23,,1,21,,B03,120.671251,24.173717,3
2023,1,15,20,50,臺中市,北屯區,0,0,0,8,,,50,,,,,,,,,,,,,,,7,,,,,B03,,,3,,2,,,7,,1,21,,B03,120.686411,24.187518,3
2023,1,15,20,50,臺中市,西屯區,0,1,0,8,3,5,40,4,1,1,5,4,5,7,1,1,9,4,1,2,17,42,2,9,1,1,C03,7,9,1,10,2,11,,42,42,1,12,8,C03,120.656165,24.159361,2
2023,1,15,20,51,臺中市,太平區,0,1,0,8,3,5,50,3,1,1,5,4,5,7,4,4,10,5,5,2,16,6,3,10,1,1,B03,7,5,1,8,2,8,,6,6,1,22,8,B03,120.71462,24.143171,2
2023,1,15,20,55,臺中市,西屯區,0,1,0,8,3,5,60,4,1,1,5,4,5,7,1,1,10,5,5,2,17,43,2,9,3,4,C03,7,6,1,10,2,12,,43,43,1,22,8,C03,120.644351,24.201615,2
2023,1,15,21,0,臺中市,太平區,0,0,0,8,,,50,,,,,,,,,,,,,,,12,,,,,B03,,,1,,2,,,12,,1,21,,B03,120.713375,24.125505,3
2023,1,15,21,0,臺中市,太平區,0,0,0,8,,,30,,,,,,,,,,,,,,,43,,,,,,,,,,,15,,43,43,1,,,,120.720744,24.134381,3
2023,1,15,21,11,臺中市,東區,0,1,0,8,3,5,50,3,1,1,5,4,5,7,1,1,10,5,5,2,29,23,2,9,1,1,C03,7,9,1,10,2,11,,23,23,1,22,8,C03,120.710978,24.1427,2
2023,1,15,21,14,臺中市,豐原區,0,0,0,8,,,50,,,,,,,,,,,,,,,17,,,,,F01,,,8,,8,,,17,,1,22,,F01,120.725638,24.24613,3
2023,1,15,21,15,臺中市,大甲區,0,1,0,8,3,5,50,4,2,1,5,4,5,7,4,4,5,5,5,1,17,26,2,9,1,1,C03,7,4,1,10,2,11,,26,26,1,4,8,C03,120.614734,24.348046,2
2023,1,15,21,21,臺中市,南屯區,0,0,0,8,,,50,,,,,,,,,,,,,,,16,,,,,B03,,,1,,2,,,16,,1,22,,B03,120.625818,24.140633,3
2023,1,15,21,24,臺中市,北屯區,0,1,0,8,3,5,50,3,1,1,5,4,5,7,1,1,10,5,5,2,13,8,3,10,1,1,B03,7,9,1,8,2,1,,13,8,1,21,8,B03,120.733326,24.162644,2
2023,1,15,21,29,臺中市,南屯區,0,1,0,8,3,5,50,4,1,1,5,4,5,7,2,1,1,4,4,2,16,6,3,10,3,4,B03,7,6,1,8,2,6,,6,6,1,4,9,B03,120.640566,24.14688,2
2023,1,15,21,34,臺中市,西屯區,0,1,0,8,3,5,50,4,1,1,5,4,5,7,1,1,10,5,5,2,17,6,3,10,3,4,C02,7,5,1,9,2,11,,6,6,1,22,9,C02,120.638827,24.180171,2
2023,1,15,21,48,臺中市,西屯區,0,2,0,8,1,5,40,3,1,1,5,4,5,7,1,1,1,4,1,1,16,6,3,10,1,4,B03,7,6,1,8,2,2,,6,6,1,4,8,B03,120.615291,24.183343,2
2023,1,15,21,59,臺中市,南屯區,0,0,0,8,3,5,50,14,7,1,5,4,5,7,4,4,9,5,4,2,13,16,3,10,1,1,B03,7,9,1,8,1,1,,16,16,1,22,8,B03,120.645901,24.148703,3
2023,1,15,21,59,臺中市,西屯區,0,0,0,8,,,50,,,,,,,,,,,,,,,6,,,,,B03,,,1,,1,,,6,,1,22,,B03,120.615735,24.184641,3
2023,1,15,22,13,臺中市,大雅區,0,0,0,8,,,70,,,,,,,,,,,,,,,23,,,,,B03,,,1,,2,,,23,,1,21,,B03,120.62937,24.241592,3
2023,1,15,22,13,臺中市,太平區,0,0,0,8,,,30,,,,,,,,,,,,,,,12,,,,,B03,,,1,,1,,,12,,1,21,,B03,120.712863,24.140744,3
2023,1,15,22,22,臺中市,烏日區,0,2,0,8,3,5,40,4,2,1,5,4,5,7,2,1,1,4,4,1,13,16,2,9,3,4,C03,7,12,1,10,2,15,,16,16,1,21,9,C03,120.6158,24.105795,2