年,月,日,時,分,縣市,區,死,受傷,2-30,天候,光線,道路類別,速限,道路型態,事故位置,路面鋪裝,路面狀態,路面缺陷,障礙物,視距,號誌種類,號誌動作,分向設施,快車道或一般車道間,快慢車道間,路面邊線,事故類型及型態,主要肇因,受傷程度,主要傷處,保護裝備,行動電話,當事者區分,車輛用途,當事者行動狀態,駕駛資格情形,駕駛執照種類,飲酒情形,車輛撞擊部位最初,車輛撞擊部位其他,肇事因素個別,肇事因素主要,肇事逃逸,職業,旅次目的,車種,GPS緯度,GPS經度,事故類別
2023,1,16,13,39,臺中市,南屯區,0,0,0,8,,,50,,,,,,,,,,,,,,,19,,,,,B03,,,1,,2,,,19,,1,22,,B03,120.649761,24.153599,3
2023,1,16,13,40,臺中市,西屯區,0,0,0,8,,,40,,,,,,,,,,,,,,,23,,,,,B03,,,1,,2,,,23,,1,22,,B03,120.637386,24.15556,3
2023,1,16,13,40,臺中市,大里區,0,2,0,8,1,5,30,3,1,1,5,4,5,7,4,4,10,5,5,2,17,6,3,10,3,4,B03,7,5,1,8,2,1,,6,6,1,21,5,B03,120.71643,24.094483,2
2023,1,16,13,42,臺中市,太平區,0,1,0,8,1,5,50,4,1,1,5,4,5,7,1,1,5,5,5,2,13,23,3,10,1,1,B03,7,9,1,8,2,1,,23,23,1,21,8,B03,120.713834,24.144969,2
2023,1,16,13,44,臺中市,北屯區,0,0,0,8,,,50,,,,,,,,,,,,,,,12,,,,,B12,,,1,,2,,,12,,1,22,,B12,120.68689,24.195171,3
2023,1,16,13,46,臺中市,大里區,0,1,0,8,1,5,50,11,8,1,5,4,5,7,4,4,5,4,4,1,17,19,3,10,1,1,B03,7,1,1,8,2,1,,19,19,1,4,5,B03,120.690263,24.089619,2
2023,1,16,13,48,臺中市,豐原區,0,1,0,8,1,5,50,14,7,1,5,4,5,7,4,4,1,5,4,2,18,42,2,9,1,1,C03,7,9,1,10,2,14,,42,42,1,9,8,C03,120.722043,24.260311,2
2023,1,16,13,51,臺中市,西屯區,0,0,0,8,1,5,40,14,8,1,5,4,5,7,4,4,1,4,1,2,12,23,3,10,1,1,B03,7,9,1,8,2,2,,23,23,1,5,8,B03,120.638415,24.169272,3
2023,1,16,13,52,臺中市,沙鹿區,0,1,0,8,1,5,50,4,1,1,5,4,5,7,4,4,10,5,5,2,17,6,3,10,1,1,B03,7,11,1,5,2,5,,6,6,1,22,8,B03,120.559038,24.235546,2
2023,1,16,13,54,臺中市,東勢區,0,1,0,8,1,5,50,14,9,1,5,4,5,7,4,4,1,4,4,1,13,23,2,9,1,1,B03,7,9,1,8,2,1,,23,23,1,19,8,B03,120.820078,24.26092,2
2023,1,16,13,55,臺中市,西區,0,0,0,8,,,50,,,,,,,,,,,,,,,25,,,,,B03,,,1,,1,,,25,,1,9,,B03,120.665257,24.145546,3
2023,1,16,13,58,臺中市,南屯區,0,1,0,8,1,5,50,14,9,1,5,4,5,7,4,4,5,5,5,2,16,7,2,9,1,1,C03,7,7,1,10,2,14,,7,7,1,22,8,C03,120.645726,24.133511,2
2023,1,16,14,0,臺中市,北區,0,1,0,8,1,5,50,5,1,1,5,4,5,7,2,1,2,5,5,2,16,26,3,10,1,1,B03,7,9,1,8,2,2,,26,26,1,21,8,B03,120.686252,24.15482,2
2023,1,16,14,0,臺中市,南屯區,0,0,0,8,,,50,,,,,,,,,,,,,,,12,,,,,B03,,,1,,11,,,12,,2,22,,B03,120.651719,24.140137,3
2023,1,16,14,0,臺中市,大甲區,0,0,0,8,1,8,50,14,9,1,5,4,5,7,4,4,9,4,5,1,16,10,3,10,1,1,B03,7,5,1,8,2,5,,10,10,1,22,9,B03,120.624604,24.347311,3
2023,1,16,14,12,臺中市,大里區,0,1,0,8,1,5,50,4,1,1,5,4,5,7,4,4,10,5,5,2,17,6,2,9,1,1,B12,7,9,1,8,2,2,,6,6,1,22,8,B12,120.688173,24.086218,2
2023,1,16,14,13,臺中市,大雅區,0,0,0,8,,,40,,,,,,,,,,,,,,,42,,,,,B12,,,1,,2,,,42,,1,22,,B12,120.650468,24.211058,3
2023,1,16,14,15,臺中市,太平區,0,1,0,8,1,5,40,4,1,1,5,4,5,7,1,1,10,5,5,2,15,25,3,10,1,1,C03,7,9,1,10,2,12,,25,25,1,22,8,C03,120.718608,24.148877,2
2023,1,16,14,16,臺中市,大里區,0,1,0,8,1,5,50,4,1,1,5,4,5,7,2,1,10,5,5,2,12,6,3,10,1,1,B12,7,6,1,8,2,2,,6,6,1,10,5,B12,120.690064,24.092694,2
2023,1,16,14,20,臺中市,大雅區,0,1,0,8,1,5,50,3,1,1,5,4,5,7,1,1,10,5,5,2,17,7,3,10,1,1,B03,7,8,1,8,2,15,,7,7,1,22,8,B03,120.647564,24.220413,2
2023,1,16,14,20,臺中市,太平區,0,2,0,8,1,5,50,14,9,1,5,4,5,7,4,4,5,5,5,2,16,6,3,10,1,1,B03,7,5,1,8,2,1,,6,6,1,21,8,B03,120.702561,24.154668,2
2023,1,16,14,23,臺中市,西屯區,0,1,0,8,1,5,50,4,1,1,5,4,5,7,1,1,10,5,5,2,16,6,3,10,3,4,B03,7,6,1,8,2,2,,6,6,1,22,8,B03,120.638662,24.185333,2
2023,1,16,14,25,臺中市,西屯區,0,0,0,8,,,50,,,,,,,,,,,,,,,23,,,,,C03,,,6,,1,,,23,,1,21,,C03,120.654246,24.166081,3
2023,1,16,14,30,臺中市,石岡區,0,0,0,8,,,70,,,,,,,,,,,,,,,19,,,,,B03,,,1,,2,,,19,19,1,7,,B03,120.789715,24.273438,3
2023,1,16,14,33,臺中市,西屯區,0,0,0,8,,,70,,,,,,,,,,,,,,,16,,,,,B03,,,1,,1,,,16,,1,22,,B03,120.615946,24.182604,3
2023,1,16,14,34,臺中市,霧峰區,0,2,0,8,1,5,30,14,9,1,5,4,5,7,4,4,10,5,5,1,17,19,2,9,3,4,C03,7,1,1,10,2,15,,19,19,1,21,5,C03,120.672074,24.07758,2
2023,1,16,14,35,臺中市,神岡區,0,0,0,8,,,30,,,,,,,,,,,,,,,23,,,,,C03,,,1,,2,,,23,,1,22,,C03,120.691772,24.240921,3
2023,1,16,14,41,臺中市,太平區,0,1,0,8,1,5,30,3,1,1,5,4,5,7,4,4,10,5,5,2,17,6,3,10,1,1,B03,7,5,1,8,11,15,,6,6,1,22,8,B03,120.719126,24.124885,2
2023,1,16,14,43,臺中市,北區,0,1,0,8,1,5,50,3,2,1,5,4,5,7,3,1,4,5,4,2,16,6,2,9,1,1,C03,7,6,1,10,2,12,,6,6,1,21,8,C03,120.668276,24.170018,2
2023,1,16,14,49,臺中市,西屯區,0,1,0,8,1,5,40,14,8,1,5,4,5,7,4,4,1,4,4,2,12,7,2,9,1,1,C03,7,8,1,10,2,14,,7,7,1,22,8,C03,120.656426,24.176193,2
2023,1,16,14,50,臺中市,南屯區,0,2,0,8,1,5,50,14,7,1,5,4,5,7,4,4,5,4,4,2,16,16,2,9,1,1,C03,7,12,1,10,2,11,,16,16,1,22,8,C03,120.616573,24.15549,2
2023,1,16,14,54,臺中市,北區,0,2,0,8,1,5,50,4,1,1,5,4,5,7,1,1,10,5,5,2,17,7,3,10,3,4,A02,7,9,1,2,2,15,,44,7,1,5,8,A02,120.665554,24.153803,2
2023,1,16,14,57,臺中市,后里區,0,1,0,8,1,5,50,3,2,1,5,4,5,7,4,4,5,5,5,1,17,19,2,9,1,1,C03,7,1,1,10,2,12,,19,19,1,22,8,C03,120.713568,24.307544,2
2023,1,16,15,0,臺中市,霧峰區,0,2,0,8,1,5,50,14,9,1,5,4,5,7,4,4,9,5,5,1,26,23,2,9,1,1,C03,7,9,1,10,2,11,,23,23,1,3,8,C03,120.691718,24.057879,2
2023,1,16,15,3,臺中市,南屯區,0,0,0,8,,,50,,,,,,,,,,,,,,,42,,,,,C04,,,1,,1,,,42,,1,5,,C04,120.647438,24.140038,3
2023,1,16,15,5,臺中市,北屯區,0,0,0,8,,,50,,,,,,,,,,,,,,,23,,,,,B03,,,1,,2,,,23,,1,21,,B03,120.677421,24.173465,3
2023,1,16,15,7,臺中市,和平區,0,0,0,,,,30,,,,,,,,,,,,,,,23,,,,,B12,,,1,,2,,,23,,1,10,,B12,121.307666,24.327702,3
2023,1,16,15,8,臺中市,霧峰區,0,0,0,8,1,5,50,14,9,1,5,4,5,7,4,4,5,5,5,1,14,12,,,,,B12,,,1,,2,,,12,,1,9,,B12,120.698025,24.068474,3
2023,1,16,15,8,臺中市,太平區,0,1,0,8,1,5,50,3,1,1,5,4,5,7,1,1,5,5,5,2,16,19,2,9,1,1,C03,7,5,1,10,2,11,,23,19,1,18,8,C03,120.733596,24.146148,2
2023,1,16,15,8,臺中市,豐原區,0,0,0,8,,,40,,,,,,,,,,,,,,,19,,,,,B03,,,3,,2,,,19,,1,22,,B03,120.705835,24.242668,3
2023,1,16,15,10,臺中市,南區,0,0,0,,,,40,,,,,,,,,,,,,,,23,,,,,F01,,,8,,2,,,23,,1,14,,F01,120.670924,24.130466,3
2023,1,16,15,11,臺中市,西區,0,2,0,8,1,5,50,4,1,1,5,4,5,7,1,1,10,5,5,2,16,26,2,8,3,4,C03,7,5,6,18,1,11,,26,26,1,21,8,C03,120.664298,24.150856,2
2023,1,16,15,11,臺中市,西區,0,1,0,8,1,5,50,5,1,1,5,4,5,7,1,1,10,5,5,2,12,23,2,9,1,1,C03,7,9,4,8,2,11,,23,23,1,22,9,C03,120.669678,24.150839,2
2023,1,16,15,13,臺中市,北區,0,0,0,8,,,50,,,,,,,,,,,,,,,12,,,,,B03,,,1,,2,,,12,,1,21,,B03,120.666253,24.163002,3
2023,1,16,15,14,臺中市,北屯區,0,1,0,8,1,5,30,4,1,1,5,4,5,7,4,4,10,5,5,2,15,6,2,9,1,1,C03,7,9,4,10,2,11,,6,6,1,22,8,C03,120.670973,24.177478,2
2023,1,16,15,14,臺中市,豐原區,0,0,0,8,,,50,,,,,,,,,,,,,,,16,,,,,B12,,,1,,2,,,16,,1,22,,B12,120.722968,24.23657,3
2023,1,16,15,17,臺中市,大里區,0,0,0,8,,,40,,,,,,,,,,,,,,,23,,,,,B12,,,1,,2,,,23,,1,10,,B12,120.692515,24.102364,3
2023,1,16,15,18,臺中市,豐原區,0,2,0,8,1,5,60,14,8,1,5,4,5,7,4,4,1,2,4,1,17,6,3,10,3,4,B12,7,8,1,8,2,3,,6,6,1,22,8,B12,120.721869,24.243688,2
2023,1,16,15,21,臺中市,豐原區,0,2,0,8,1,5,50,4,1,1,5,4,5,7,1,1,5,5,5,2,15,25,2,9,1,1,C03,7,9,4,8,2,11,,25,25,1,20,8,C03,120.727106,24.25268,2
2023,1,16,15,23,臺中市,西屯區,0,0,0,8,,,50,,,,,,,,,,,,,,,23,,,,,B03,,,1,,2,,,23,,1,22,,B03,120.642667,24.172374,3
2023,1,16,15,24,臺中市,西屯區,0,0,0,8,,,50,,,,,,,,,,,,,,,7,,,,,B03,,,1,,11,,,7,,1,22,,B03,120.654038,24.167953,3
2023,1,16,15,25,臺中市,龍井區,0,1,0,8,1,5,70,5,1,1,5,4,5,7,1,1,10,5,5,2,16,42,3,10,1,1,B03,7,9,1,8,2,2,,42,42,1,12,8,B03,120.53529,24.193905,2
2023,1,16,15,29,臺中市,北屯區,0,0,0,8,,,30,,,,,,,,,,,,,,,23,,,,,B03,,,1,8,1,,,23,23,1,21,,B03,120.670316,24.178887,3
2023,1,16,15,30,臺中市,西屯區,0,1,0,8,1,5,50,14,8,1,5,4,5,7,4,4,1,4,4,2,17,16,2,9,3,4,C03,7,9,1,10,2,11,,16,16,1,22,9,C03,120.659154,24.193642,2
2023,1,16,15,30,臺中市,新社區,0,0,0,8,1,5,50,3,9,1,5,4,5,7,3,1,5,5,5,1,15,6,,,,,B03,,,1,,1,,,6,,1,22,,B03,120.791794,24.269293,3
2023,1,16,15,32,臺中市,南屯區,0,1,0,8,1,5,50,3,2,1,5,4,5,7,4,4,1,4,4,2,16,9,3,10,3,1,B03,7,6,1,8,2,15,,9,9,1,22,8,B03,120.625024,24.14515,2
2023,1,16,15,35,臺中市,霧峰區,0,0,0,8,,,40,,,,,,,,,,,,,,,23,,,,,A11,,,1,,2,,,23,,1,22,,A11,120.660433,24.072629,3
2023,1,16,15,38,臺中市,西屯區,0,1,0,8,1,5,40,15,8,1,5,4,5,7,4,4,8,4,4,1,17,16,2,8,1,4,C03,7,9,1,10,1,11,,16,16,1,4,8,C03,120.656956,24.161046,2
2023,1,16,15,39,臺中市,西屯區,0,0,0,8,,,40,,,,,,,,,,,,,,,10,,,,,A12,,,1,,11,,,10,,1,22,,A12,120.64619,24.187692,3
2023,1,16,15,43,臺中市,后里區,0,2,0,8,1,5,30,11,9,1,5,4,4,1,4,4,5,4,5,1,16,23,2,9,1,1,C03,7,9,1,10,2,14,,23,23,1,4,8,C03,120.713629,24.324659,2
2023,1,16,15,45,臺中市,龍井區,0,0,0,8,,,60,,,,,,,,,,,,,,,23,,,,,B03,,,1,,2,,,23,,1,2,,B03,120.577054,24.1773,3
2023,1,16,15,48,臺中市,南區,0,0,0,8,1,5,50,14,9,1,5,4,5,7,4,4,1,4,5,2,13,23,3,10,1,1,B03,7,9,1,8,2,1,,23,23,1,5,8,B03,120.661718,24.119985,3
2023,1,16,15,48,臺中市,神岡區,0,0,0,8,,,30,,,,,,,,,,,,,,,6,,,,,B03,,,1,,1,,,6,,1,22,,B03,120.64095,24.249548,3
2023,1,16,15,55,臺中市,北區,0,1,0,8,1,5,50,14,9,1,5,4,5,7,4,4,5,4,5,2,14,12,3,10,1,1,B03,7,2,1,8,2,6,,12,12,1,21,8,B03,120.688046,24.15262,2
2023,1,16,15,55,臺中市,豐原區,0,1,0,8,1,5,50,4,2,1,5,4,5,7,4,4,5,5,5,2,2,23,3,10,1,1,B03,7,9,1,8,2,5,,23,23,1,22,8,B03,120.71884,24.250578,2
2023,1,16,15,58,臺中市,后里區,0,2,0,8,1,5,30,11,9,1,5,4,5,7,4,4,10,5,5,2,11,5,2,9,1,1,C03,7,9,1,10,2,14,,5,5,1,21,8,C03,120.706196,24.31493,2
2023,1,16,15,59,臺中市,北屯區,0,0,0,8,,,50,,,,,,,,,,,,,,,12,,,,,B03,,,1,,1,,,12,,1,21,,B03,120.707718,24.185176,3
2023,1,16,16,0,臺中市,東區,0,0,0,8,1,5,50,3,1,1,5,4,5,7,1,1,10,5,5,2,16,26,3,10,1,1,C03,7,5,1,10,2,14,,26,26,1,22,8,C03,120.696008,24.134907,3
2023,1,16,16,0,臺中市,東區,0,0,0,,,,50,,,,,,,,,,,,,,,12,,,,,B03,,,1,,2,,,12,,1,22,,B03,120.697905,24.142783,3
2023,1,16,16,0,臺中市,北屯區,0,1,0,8,1,5,50,4,1,1,5,4,5,7,1,3,10,5,5,2,16,23,3,10,1,1,C03,7,9,1,10,2,12,,23,23,1,21,8,C03,120.702746,24.178343,2
2023,1,16,16,0,臺中市,太平區,0,0,0,8,,,50,,,,,,,,,,,,,,,12,,,,,B03,,,1,,2,,,12,,1,22,,B03,120.711981,24.126291,3
2023,1,16,16,3,臺中市,北區,0,0,0,8,,,50,,,,,,,,,,,,,,,12,,,,,B03,,,1,,1,,,12,,1,21,,B03,120.669449,24.171566,3
2023,1,16,16,3,臺中市,西屯區,0,0,0,8,,,30,,,,,,,,,,,,,,,43,,,,,C03,,,1,,2,,,43,,1,22,,C03,120.637194,24.189058,3
2023,1,16,16,4,臺中市,北區,0,0,0,,,,50,,,,,,,,,,,,,,,6,,,,,B03,,,1,,2,,,6,6,1,5,,B03,120.685102,24.160322,3
2023,1,16,16,8,臺中市,西屯區,0,0,0,8,,,50,,,,,,,,,,,,,,,23,,,,,B03,,,1,,2,,,23,,1,22,,B03,120.639595,24.179512,3
2023,1,16,16,10,臺中市,北屯區,0,0,0,8,,,50,,,,,,,,,,,,,,,26,,,,,B03,,,1,,1,,,26,,1,22,,B03,120.721505,24.182144,3
2023,1,16,16,11,臺中市,西屯區,0,1,0,8,1,5,50,4,1,1,5,4,5,7,1,1,1,4,5,2,17,26,2,9,3,4,C03,7,9,1,10,2,11,,26,26,1,22,9,C03,120.642667,24.172374,2
2023,1,16,16,15,臺中市,大雅區,0,0,0,8,,,30,,,,,,,,,,,,,,,23,,,,,B12,,,1,,2,,,23,,1,21,,B12,120.649809,24.213705,3
2023,1,16,16,20,臺中市,南屯區,0,0,0,8,,,50,,,,,,,,,,,,,,,23,,,,,B03,,,1,,2,,,23,,1,22,,B03,120.648605,24.150652,3
2023,1,16,16,21,臺中市,東勢區,0,1,0,8,1,5,50,4,1,1,5,4,5,7,1,1,10,5,5,2,17,6,3,10,1,1,B03,7,5,1,8,2,6,,6,6,1,22,8,B03,120.830056,24.251612,2
2023,1,16,16,31,臺中市,北區,0,1,0,8,1,5,50,4,1,1,5,4,5,7,4,4,10,5,5,2,17,6,3,10,1,1,C03,7,9,1,10,2,15,,6,6,1,22,8,C03,120.682366,24.161114,2
2023,1,16,16,31,臺中市,南區,0,0,0,8,1,5,50,14,9,1,5,4,5,7,4,4,5,5,5,2,13,23,3,10,1,1,B03,7,9,1,6,2,1,,23,23,1,5,8,B03,120.660093,24.110902,3
2023,1,16,16,32,臺中市,南區,0,0,0,,,,50,,,,,,,,,,,,,,,23,,,,,B03,,,1,,2,,,23,,1,21,,B03,120.671589,24.127779,3
2023,1,16,16,36,臺中市,西區,0,0,0,8,,,50,,,,,,,,,,,,,,,23,,,,,C04,,,1,,1,,,23,,1,21,,C04,120.66146,24.146671,3
2023,1,16,16,38,臺中市,西屯區,0,1,0,8,1,5,50,14,9,1,5,4,5,7,4,4,1,4,5,1,17,23,2,9,1,4,C03,7,9,2,18,1,14,,23,23,1,4,8,C03,120.646373,24.157235,2
2023,1,16,16,42,臺中市,梧棲區,1,1,0,7,1,5,50,4,1,1,5,4,5,7,1,1,1,4,1,1,15,25,2,9,1,1,C03,7,9,1,10,2,11,,25,25,1,4,8,C03,120.533244,24.243413,1
2023,1,16,16,43,臺中市,大里區,0,1,0,8,2,5,40,14,9,1,5,4,5,7,4,4,9,5,4,1,16,26,2,8,1,1,C03,7,5,1,10,2,11,,26,26,1,20,8,C03,120.729608,24.091372,2
2023,1,16,16,44,臺中市,沙鹿區,0,1,0,8,1,5,50,4,1,1,5,4,5,7,4,4,10,5,5,2,15,6,3,10,1,1,B03,7,9,1,8,2,2,,6,6,1,22,8,B03,120.573328,24.219265,2
2023,1,16,16,49,臺中市,南屯區,0,0,0,,,,30,,,,,,,,,,,,,,,6,,,,,B03,,,1,,2,,,6,,1,22,,B03,120.643018,24.140021,3
2023,1,16,16,53,臺中市,大雅區,0,0,0,8,,,30,,,,,,,,,,,,,,,12,,,,,B12,,,1,,1,,,12,,2,21,,B12,120.643122,24.237184,3
2023,1,16,16,55,臺中市,西區,0,0,0,8,,,50,,,,,,,,,,,,,,,10,,,,,B12,,,1,,2,,,10,10,1,21,,B12,120.666184,24.132415,3
2023,1,16,16,57,臺中市,西屯區,0,1,0,8,1,5,50,3,1,1,5,4,5,7,1,1,1,3,4,2,16,8,3,10,1,1,B03,7,5,1,8,2,2,,8,8,1,22,9,B03,120.639083,24.164986,2
2023,1,16,16,57,臺中市,太平區,0,0,0,8,,,30,,,,,,,,,,,,,,,12,,,,,B12,,,1,,2,,,12,,1,21,,B12,120.704183,24.153068,3
2023,1,16,16,58,臺中市,大里區,0,0,0,8,1,5,40,4,1,1,5,4,5,7,1,1,1,4,5,2,16,17,,,,,B12,,,1,,2,,,17,17,1,10,,B12,120.690064,24.092694,3
2023,1,16,16,58,臺中市,新社區,0,1,0,8,1,5,50,3,9,1,5,4,5,7,4,4,5,5,5,1,17,6,3,10,3,4,B03,7,5,1,8,2,6,,6,6,1,22,8,B03,120.797499,24.202847,2
2023,1,16,16,59,臺中市,南區,0,0,0,8,1,5,50,3,1,1,5,4,5,7,1,1,1,5,5,2,13,16,3,10,1,1,C03,7,9,1,10,2,11,,16,16,1,22,8,C03,120.657425,24.113175,3
2023,1,16,17,0,臺中市,潭子區,0,0,0,8,,,60,,,,,,,,,,,,,,,17,,,,,B12,,,1,,2,,,17,,1,22,,B12,120.707456,24.225947,3
2023,1,16,17,0,臺中市,東區,0,0,0,8,1,5,50,14,9,1,5,4,5,7,4,4,10,5,5,2,13,23,3,10,1,1,B03,7,9,1,8,2,5,,23,23,1,22,8,B03,120.686712,24.136634,3
2023,1,16,17,1,臺中市,南區,0,1,0,7,2,5,50,3,1,1,5,4,5,7,1,1,10,5,5,2,17,19,2,9,1,1,C03,7,1,1,10,2,14,,19,19,1,22,9,C03,120.661708,24.109193,2
2023,1,16,17,2,臺中市,北區,0,0,0,8,,,50,,,,,,,,,,,,,,,17,,,,,C03,,,1,,11,,,17,,1,22,,C03,120.677197,24.163329,3
2023,1,16,17,2,臺中市,后里區,0,1,0,8,1,5,50,3,2,1,5,4,5,7,4,4,4,4,4,1,29,44,2,9,1,1,C03,7,9,1,10,2,14,,44,44,1,4,8,C03,120.721422,24.308913,2
2023,1,16,17,5,臺中市,北屯區,0,1,0,8,3,5,50,14,7,1,5,4,5,7,4,4,5,4,4,2,16,43,2,9,1,1,C03,7,15,1,10,2,12,,43,43,1,21,8,C03,120.699383,24.185261,2
2023,1,16,17,5,臺中市,沙鹿區,0,1,0,8,1,5,50,13,9,1,5,4,5,7,4,4,4,5,5,2,16,14,2,9,1,1,C03,7,5,1,10,2,11,,14,14,1,22,8,C03,120.566625,24.254973,2
2023,1,16,17,10,臺中市,北區,0,0,0,8,,,50,,,,,,,,,,,,,,,23,,,,,C03,,,1,,2,,,23,,1,21,,C03,120.672284,24.170095,3
2023,1,16,17,10,臺中市,北屯區,0,1,0,8,1,5,50,3,1,1,5,4,5,7,4,4,10,5,5,2,17,6,3,10,1,1,B12,7,6,6,18,2,2,,6,6,1,21,8,B12,120.705185,24.166838,2
2023,1,16,17,12,臺中市,北區,0,0,0,8,,,50,,,,,,,,,,,,,,,23,,,,,C03,,,1,,2,,,23,,1,21,,C03,120.691322,24.155884,3
2023,1,16,17,12,臺中市,大里區,0,2,0,8,1,5,50,3,2,1,5,4,5,7,4,4,5,4,4,1,11,6,2,7,3,4,C03,7,11,1,10,2,11,,6,6,1,22,9,C03,120.700386,24.110334,2
2023,1,16,17,17,臺中市,北屯區,0,0,0,8,,,30,,,,,,,,,,,,,,,23,,,,,B12,,,1,,2,,,23,,1,22,,B12,120.703496,24.168576,3
2023,1,16,17,18,臺中市,西區,0,1,0,8,3,5,50,3,1,1,5,4,5,7,4,4,10,5,5,2,12,6,3,10,1,1,B03,7,6,1,8,2,2,,6,6,1,22,9,B03,120.657307,24.157349,2
2023,1,16,17,20,臺中市,南屯區,0,0,0,8,,,50,,,,,,,,,,,,,,,6,,,,,B03,,,1,8,2,,,6,6,1,12,,B03,120.633385,24.151082,3
2023,1,16,17,20,臺中市,豐原區,0,0,0,8,,,50,,,,,,,,,,,,,,,16,,,,,B12,,,1,,2,,,16,16,1,22,,B12,120.70916,24.250305,3
2023,1,16,17,22,臺中市,北區,0,0,0,,,,50,,,,,,,,,,,,,,,16,,,,,C03,,,1,,2,,,16,,1,5,,C03,120.697245,24.157675,3
2023,1,16,17,24,臺中市,西區,0,0,0,8,,,40,,,,,,,,,,,,,,,23,,,,,B03,,,1,,2,,,23,,1,22,,B03,120.663431,24.157374,3
2023,1,16,17,25,臺中市,北屯區,0,1,0,8,2,5,50,4,1,1,5,4,5,7,4,4,10,5,5,2,13,16,3,10,3,4,C03,7,9,1,9,2,14,,16,16,1,21,8,C03,120.711142,24.173988,2
2023,1,16,17,26,臺中市,大里區,0,2,0,8,3,5,50,14,9,1,5,4,5,7,4,4,1,4,5,1,13,23,2,9,1,1,C03,7,9,1,10,2,12,,23,23,1,5,8,C03,120.696056,24.110348,2
2023,1,16,17,27,臺中市,南屯區,0,2,0,8,3,5,40,3,1,1,5,4,5,7,4,4,10,5,5,2,16,6,2,9,1,1,C03,7,5,1,10,2,12,,6,6,1,22,8,C03,120.637823,24.138952,2
2023,1,16,17,28,臺中市,沙鹿區,0,2,0,8,3,5,60,14,7,1,5,4,5,7,4,4,1,3,3,1,13,23,3,10,1,1,B03,7,9,1,8,2,8,,23,23,1,4,9,B03,120.587233,24.24989,2
2023,1,16,17,29,臺中市,烏日區,0,1,0,8,2,5,50,14,8,1,5,4,5,7,4,4,5,5,4,2,1,17,2,9,1,1,C03,7,9,1,10,2,12,,17,17,1,21,8,C03,120.638186,24.10444,2
2023,1,16,17,31,臺中市,沙鹿區,0,1,0,8,3,5,50,14,9,1,5,4,5,7,1,1,9,5,5,1,13,22,3,10,1,1,B03,7,9,1,8,2,1,,22,22,1,22,8,B03,120.57079,24.242661,2
2023,1,16,17,32,臺中市,太平區,0,1,0,8,1,5,50,14,9,1,5,4,5,7,4,4,9,4,4,1,13,23,3,10,1,1,B03,7,9,1,8,2,1,,23,23,1,4,8,B03,120.710647,24.159018,2
2023,1,16,17,33,臺中市,潭子區,0,0,0,8,,,50,,,,,,,,,,,,,,,12,,,,,B03,,,1,,2,,,12,,1,22,,B03,120.713023,24.229579,3
2023,1,16,17,36,臺中市,西屯區,0,1,0,8,1,5,50,4,1,1,5,4,5,7,1,1,1,4,4,2,16,6,3,10,3,4,B03,7,5,1,8,2,5,,6,6,1,22,8,B03,120.658311,24.195146,2
2023,1,16,17,37,臺中市,南區,0,0,0,,,,50,,,,,,,,,,,,,,,7,,,,,B12,,,1,,1,,,7,,1,21,,B12,120.679499,24.12306,3
2023,1,16,17,37,臺中市,梧棲區,0,0,0,,,,50,,,,,,,,,,,,,,,23,,,,,B03,,,1,,1,,,23,,1,4,,B03,120.540374,24.257518,3
2023,1,16,17,39,臺中市,外埔區,0,0,0,8,3,5,50,3,1,1,5,4,5,7,4,4,5,5,4,1,16,6,3,10,1,1,C03,7,5,4,11,2,11,,6,6,1,21,8,C03,120.653886,24.330726,3
2023,1,16,17,43,臺中市,南屯區,0,2,0,8,2,5,40,14,8,1,5,4,5,7,4,4,5,5,4,2,13,23,2,8,1,1,C03,7,9,1,10,2,11,14,23,23,1,5,8,C03,120.609725,24.130763,2
2023,1,16,17,43,臺中市,西屯區,0,1,0,8,2,5,50,3,1,1,5,4,5,7,4,4,5,4,4,2,12,26,3,10,1,1,B03,7,7,6,18,2,8,,26,26,1,22,8,B03,120.658573,24.166746,2
2023,1,16,17,44,臺中市,北屯區,0,1,0,8,3,5,50,14,7,1,5,4,5,7,4,4,10,4,4,2,16,19,3,10,1,1,B03,7,1,1,8,2,8,,19,19,1,21,8,B03,120.699206,24.18529,2
2023,1,16,17,45,臺中市,南屯區,0,0,0,8,3,5,40,14,8,1,5,4,5,7,4,4,5,4,4,2,13,23,3,10,3,4,B03,7,3,1,8,2,1,6,23,23,1,12,8,B03,120.635411,24.136312,3
2023,1,16,17,45,臺中市,清水區,0,2,0,8,3,5,30,14,9,1,5,4,5,7,4,4,9,5,5,1,3,53,2,9,4,5,H01,8,18,8,20,10,16,,53,53,1,15,8,H01,120.56971,24.275243,2
2023,1,16,17,46,臺中市,南屯區,0,0,0,,,,80,,,,,,,,,,,,,,,23,,,,,C02,,,1,,1,,,23,,1,22,,C02,120.623033,24.140267,3
2023,1,16,17,46,臺中市,大肚區,0,0,0,8,,,50,,,,,,,,,,,,,,,8,,,,,B03,,,1,,2,,,8,8,1,2,,B03,120.575786,24.162435,3