年,月,日,時,分,縣市,區,死,受傷,2-30,天候,光線,道路類別,速限,道路型態,事故位置,路面鋪裝,路面狀態,路面缺陷,障礙物,視距,號誌種類,號誌動作,分向設施,快車道或一般車道間,快慢車道間,路面邊線,事故類型及型態,主要肇因,受傷程度,主要傷處,保護裝備,行動電話,當事者區分,車輛用途,當事者行動狀態,駕駛資格情形,駕駛執照種類,飲酒情形,車輛撞擊部位最初,車輛撞擊部位其他,肇事因素個別,肇事因素主要,肇事逃逸,職業,旅次目的,車種,GPS緯度,GPS經度,事故類別
2023,1,16,17,48,臺中市,南屯區,0,1,0,8,3,5,50,14,9,1,5,4,5,7,4,4,9,5,5,2,16,27,3,10,1,1,C03,7,9,1,10,2,12,,23,27,1,22,8,C03,120.608626,24.148465,2
2023,1,16,17,48,臺中市,西屯區,0,0,0,8,,,50,,,,,,,,,,,,,,,7,,,,,C03,,,1,,2,,,7,,1,22,,C03,120.651062,24.165307,3
2023,1,16,17,50,臺中市,大里區,0,0,0,8,,,30,,,,,,,,,,,,,,,23,,,,,B12,,,1,,2,,,23,,1,22,,B12,120.730518,24.089685,4
2023,1,16,17,51,臺中市,后里區,0,0,0,8,3,5,40,14,8,1,5,4,5,7,4,4,10,3,4,2,16,43,3,10,1,1,B03,7,8,1,4,1,2,,43,43,1,21,9,B03,120.713189,24.305458,3
2023,1,16,17,52,臺中市,北屯區,0,0,0,8,,,50,,,,,,,,,,,,,,,6,,,,,C03,,,1,,1,,,6,,1,21,,C03,120.720813,24.17994,3
2023,1,16,17,53,臺中市,太平區,0,1,0,8,3,5,50,14,9,1,5,4,5,7,4,4,5,5,5,2,12,17,3,10,1,1,B03,7,9,1,8,1,2,,17,17,1,21,8,B03,120.718918,24.15469,2
2023,1,16,17,54,臺中市,烏日區,0,1,0,8,1,5,40,14,7,1,5,4,5,7,4,4,5,4,4,2,13,16,2,8,1,1,C03,7,9,1,10,2,11,,16,16,1,21,8,C03,120.607033,24.123878,2
2023,1,16,17,55,臺中市,豐原區,0,0,0,8,,,30,,,,,,,,,,,,,,,16,,,,,B03,,,1,,2,,,16,,1,21,,B03,120.741783,24.270885,3
2023,1,16,17,58,臺中市,大里區,0,0,0,8,,,50,,,,,,,,,,,,,,,23,,,,,B03,,,1,,2,,,23,,1,5,,B03,120.684501,24.105636,3
2023,1,16,18,0,臺中市,北區,0,1,0,8,3,5,50,3,1,1,5,4,5,7,4,4,10,5,5,2,17,6,3,10,3,4,C03,7,5,1,10,2,11,,6,6,1,5,8,C03,120.703585,24.159471,2
2023,1,16,18,0,臺中市,東區,0,1,0,8,3,5,50,4,1,1,5,4,5,7,1,1,10,5,5,2,16,42,2,9,1,1,C03,7,9,1,10,2,14,,23,42,1,5,8,C03,120.692502,24.138738,2
2023,1,16,18,2,臺中市,東區,0,1,0,8,3,5,50,4,1,1,5,4,5,7,1,1,10,5,5,2,12,6,3,10,1,1,B03,7,6,1,8,2,2,,6,6,1,22,8,B03,120.684136,24.131984,2
2023,1,16,18,8,臺中市,西屯區,0,0,0,8,,,40,,,,,,,,,,,,,,,7,,,,,B03,,,1,,1,,,7,,1,4,,B03,120.660111,24.173611,3
2023,1,16,18,10,臺中市,潭子區,0,1,0,8,3,5,50,3,1,1,5,4,5,7,1,1,5,5,5,1,16,6,3,10,1,1,B03,7,5,1,8,2,5,,6,6,1,22,8,B03,120.714536,24.217918,2
2023,1,16,18,10,臺中市,南屯區,0,0,0,8,,,60,,,,,,,,,,,,,,,23,,,,,B03,,,1,,1,,,23,,1,5,,B03,120.60815,24.150648,3
2023,1,16,18,10,臺中市,北屯區,0,0,0,8,,,50,,,,,,,,,,,,,,,23,,,,,B03,,,1,,1,,,23,,1,22,,B03,120.711647,24.180191,3
2023,1,16,18,10,臺中市,太平區,0,2,0,8,3,5,50,4,1,1,5,4,5,7,1,1,10,5,5,1,16,42,2,9,1,1,C03,7,5,4,8,2,11,,42,42,1,4,8,C03,120.713563,24.141312,2
2023,1,16,18,12,臺中市,龍井區,0,1,0,8,3,5,50,3,2,1,5,4,5,7,1,1,5,4,5,1,12,23,3,10,1,1,B03,7,9,1,5,2,5,,23,23,1,12,8,B03,120.523401,24.20702,2
2023,1,16,18,15,臺中市,西區,0,0,0,,,,50,,,,,,,,,,,,,,,19,,,,,B03,,,1,,1,,,19,,1,21,,B03,120.652642,24.14892,3
2023,1,16,18,15,臺中市,北區,0,1,0,8,1,5,50,14,9,1,5,4,5,7,1,1,5,4,5,2,13,23,3,10,1,1,B03,7,14,1,8,11,1,,23,23,1,22,9,B03,120.682687,24.167028,2
2023,1,16,18,15,臺中市,烏日區,0,1,0,8,3,5,50,4,1,1,5,4,5,7,4,4,10,5,5,2,16,10,3,10,1,1,B03,7,11,1,8,2,7,,10,10,1,21,8,B03,120.620632,24.106634,2
2023,1,16,18,18,臺中市,西屯區,0,0,0,8,,,60,,,,,,,,,,,,,,,25,,,,,B03,,,1,,1,,,25,25,1,22,,B03,120.657838,24.15819,3
2023,1,16,18,19,臺中市,南區,0,2,0,8,3,5,50,14,9,1,5,4,5,7,4,4,3,4,5,2,17,27,2,9,1,1,C03,7,15,1,10,2,12,,27,27,1,21,8,C03,120.678557,24.127518,2
2023,1,16,18,19,臺中市,西屯區,0,1,0,8,1,5,50,14,9,1,5,4,5,7,4,4,5,4,4,2,16,26,3,10,3,4,B03,7,1,1,8,2,4,,26,26,1,22,8,B03,120.665373,24.170994,2
2023,1,16,18,20,臺中市,南區,0,1,0,7,3,5,50,14,8,1,5,4,5,7,4,4,5,4,4,2,17,4,3,10,1,1,C03,7,5,1,10,2,14,,4,4,1,22,9,C03,120.674565,24.128981,2
2023,1,16,18,20,臺中市,南屯區,0,0,0,8,,,50,,,,,,,,,,,,,,,23,,,,,B03,,,1,8,2,,,23,23,1,12,,B03,120.632146,24.15056,3
2023,1,16,18,24,臺中市,北區,0,0,0,8,,,50,,,,,,,,,,,,,,,23,,,,,C03,,,1,,1,,,23,,1,5,,C03,120.676813,24.150578,3
2023,1,16,18,26,臺中市,西區,0,0,0,8,,,50,,,,,,,,,,,,,,,23,,,,,C03,,,1,,1,,,23,23,1,21,,C03,120.655144,24.146707,3
2023,1,16,18,26,臺中市,西區,0,1,0,8,3,5,50,4,2,1,5,4,5,7,4,4,3,4,4,2,13,16,2,9,1,1,C03,7,9,1,10,2,11,,16,16,1,22,9,C03,120.657356,24.145022,2
2023,1,16,18,27,臺中市,太平區,0,1,0,8,3,5,50,14,9,1,5,4,5,7,4,4,5,5,5,2,17,23,2,9,1,1,C03,7,9,1,10,2,12,,23,23,1,21,8,C03,120.711782,24.127447,2
2023,1,16,18,30,臺中市,北屯區,0,0,0,8,,,50,,,,,,,,,,,,,,,12,,,,,B12,,,1,,11,,,12,,1,9,,B12,120.703671,24.175315,3
2023,1,16,18,32,臺中市,西屯區,0,0,0,8,,,50,,,,,,,,,,,,,,,16,,,,,C03,,,1,,1,,,16,,1,22,,C03,120.649547,24.168199,3
2023,1,16,18,36,臺中市,西屯區,0,0,0,8,,,50,,,,,,,,,,,,,,,23,,,,,B03,,,1,,1,,,23,,1,4,,B03,120.648248,24.159941,3
2023,1,16,18,37,臺中市,豐原區,0,0,0,8,,,50,,,,,,,,,,,,,,,23,,,,,B03,,,1,,2,,,23,,1,21,,B03,120.743226,24.26428,3
2023,1,16,18,44,臺中市,北區,0,0,0,8,,,50,,,,,,,,,,,,,,,12,,,,,B03,,,1,,1,,,12,,1,22,,B03,120.674193,24.169262,3
2023,1,16,18,46,臺中市,西區,0,0,0,8,,,50,,,,,,,,,,,,,,,23,,,,,A42,,,1,,1,,,23,,1,21,,A42,120.674495,24.138611,3
2023,1,16,18,48,臺中市,大里區,0,2,0,8,3,5,50,14,8,1,5,4,5,7,4,4,9,5,4,1,16,6,2,9,1,1,C03,7,11,1,10,2,12,,6,6,1,5,8,C03,120.673781,24.097656,2
2023,1,16,18,50,臺中市,沙鹿區,0,0,0,8,,,40,,,,,,,,,,,,,,,12,,,,,B12,,,1,,2,,,12,,1,4,,B12,120.568352,24.223476,3
2023,1,16,18,50,臺中市,豐原區,0,0,0,8,,,30,,,,,,,,,,,,,,,12,,,,,B03,,,1,,1,,,12,12,1,22,,B03,120.728491,24.221619,3
2023,1,16,18,52,臺中市,北屯區,0,1,0,8,3,5,50,14,9,1,5,4,5,7,4,4,9,5,5,2,17,19,3,10,1,1,B03,7,1,1,8,2,1,,19,19,1,21,8,B03,120.675956,24.17465,2
2023,1,16,18,53,臺中市,大雅區,0,0,0,8,,,30,,,,,,,,,,,,,,,23,,,,,B03,,,1,,2,,,23,,1,21,,B03,120.65676,24.226753,3
2023,1,16,18,54,臺中市,大里區,0,1,0,8,1,5,30,3,1,1,5,4,5,7,4,4,10,5,5,2,16,6,3,10,1,1,B03,7,1,1,8,2,8,,6,6,1,5,8,B03,120.719472,24.094028,2
2023,1,16,18,55,臺中市,北屯區,0,0,0,8,,,50,,,,,,,,,,,,,,,23,,,,,C03,,,1,,11,,,23,,1,21,,C03,120.685449,24.173934,3
2023,1,16,18,56,臺中市,北屯區,0,0,0,8,,,50,,,,,,,,,,,,,,,7,,,,,B03,,,1,,1,,,7,,1,22,,B03,120.721633,24.183485,3
2023,1,16,18,57,臺中市,北屯區,0,1,0,8,3,5,50,4,1,1,5,4,5,7,2,1,10,5,5,2,15,25,3,10,3,4,C03,7,9,1,10,2,11,,25,25,1,21,8,C03,120.677078,24.185883,2
2023,1,16,19,2,臺中市,潭子區,0,2,0,8,3,5,50,3,1,1,5,4,5,7,4,4,10,5,5,2,17,19,2,9,1,1,C03,7,1,1,10,2,11,,19,19,1,22,8,C03,120.692597,24.219878,2
2023,1,16,19,3,臺中市,西屯區,0,0,0,8,,,50,,,,,,,,,,,,,,,23,,,,,B03,,,1,,1,,,23,,1,22,,B03,120.658335,24.1926,3
2023,1,16,19,5,臺中市,大雅區,0,0,0,8,,,50,,,,,,,,,,,,,,,23,,,,,B03,,,1,,2,,,23,,1,22,,B03,120.63041,24.210237,3
2023,1,16,19,5,臺中市,太平區,0,0,0,8,,,40,,,,,,,,,,,,,,,23,,,,,B03,,,1,,9,2,,23,23,1,22,,B03,120.701033,24.147913,3
2023,1,16,19,6,臺中市,大雅區,0,0,0,8,,,50,,,,,,,,,,,,,,,6,,,,,C03,,,1,,2,,,6,,1,22,,C03,120.646704,24.226083,3
2023,1,16,19,6,臺中市,豐原區,0,0,0,8,,,50,,,,,,,,,,,,,,,6,,,,,F01,,,8,,2,,,6,,1,22,,F01,120.710736,24.250835,3
2023,1,16,19,10,臺中市,烏日區,0,0,0,8,,,50,,,,,,,,,,,,,,,9,,,,,B03,,,1,,2,,,9,,1,21,,B03,120.622068,24.10642,3
2023,1,16,19,10,臺中市,豐原區,0,0,0,8,,,50,,,,,,,,,,,,,,,6,,,,,C02,,,1,,2,,,6,,1,4,,C02,120.714491,24.251068,3
2023,1,16,19,14,臺中市,北屯區,0,0,0,8,,,50,,,,,,,,,,,,,,,26,,,,,B03,,,1,,2,,,26,26,1,21,,B03,120.694688,24.165758,3
2023,1,16,19,14,臺中市,新社區,0,0,0,8,,,30,,,,,,,,,,,,,,,23,,,,,B03,,,1,,2,,,23,,1,22,,B03,120.7926,24.213658,3
2023,1,16,19,15,臺中市,北屯區,0,0,0,8,,,50,,,,,,,,,,,,,,,4,,,,,B03,,,1,,2,,,4,4,1,21,,B03,120.728911,24.163711,3
2023,1,16,19,15,臺中市,沙鹿區,0,1,0,8,3,5,60,5,1,1,5,4,5,7,2,1,10,5,5,2,17,42,3,10,1,1,B12,7,15,6,7,2,6,,42,42,1,9,8,B12,120.5696,24.237305,2
2023,1,16,19,16,臺中市,清水區,0,1,0,8,3,5,40,3,1,1,5,4,5,7,1,1,10,5,5,2,14,12,3,10,1,1,B03,7,2,1,8,2,3,,12,12,1,21,8,B03,120.568304,24.272179,2
2023,1,16,19,18,臺中市,新社區,0,2,0,8,3,5,50,4,1,1,5,4,5,7,4,4,10,5,5,2,16,6,3,10,1,1,B03,7,5,1,8,2,5,,6,6,1,21,9,B03,120.807115,24.241268,2
2023,1,16,19,20,臺中市,潭子區,0,1,0,8,3,5,50,14,9,1,5,4,5,7,4,4,8,3,5,1,17,23,2,9,1,1,C03,7,9,1,10,2,11,,23,23,1,22,8,C03,120.702002,24.207151,2
2023,1,16,19,25,臺中市,烏日區,0,1,0,8,3,5,50,14,7,1,5,4,5,7,4,4,5,5,4,1,12,7,2,8,1,1,C03,7,7,1,10,2,13,,7,7,1,21,8,C03,120.621204,24.106453,2
2023,1,16,19,29,臺中市,北區,0,1,0,8,1,5,40,3,1,1,5,4,5,7,4,4,10,5,5,2,16,6,3,10,1,1,B03,7,6,1,8,2,6,,6,6,1,22,9,B03,120.673153,24.167501,2
2023,1,16,19,34,臺中市,豐原區,0,0,0,8,,,60,,,,,,,,,,,,,,,42,,,,,B03,,,1,,2,,,42,,1,22,,B03,120.728346,24.276294,3
2023,1,16,19,35,臺中市,西屯區,0,0,0,8,,,60,,,,,,,,,,,,,,,42,,,,,B03,,,1,,1,,,42,,1,22,,B03,120.631798,24.161693,3
2023,1,16,19,40,臺中市,清水區,0,0,0,8,,,40,,,,,,,,,,,,,,,23,,,,,B03,,,1,,2,,,23,,1,21,,B03,120.574581,24.267464,3
2023,1,16,19,43,臺中市,豐原區,0,0,0,8,,,50,,,,,,,,,,,,,,,23,,,,,B03,,,1,,2,,,44,23,1,22,,B03,120.706327,24.251804,3
2023,1,16,19,44,臺中市,東區,0,0,0,,,,80,,,,,,,,,,,,,,,23,,,,,B03,,,1,,2,,,23,,1,21,,B03,120.708419,24.134347,3
2023,1,16,19,45,臺中市,北區,0,0,0,8,,,50,,,,,,,,,,,,,,,23,,,,,C03,,,1,,1,,,23,,1,21,,C03,120.675151,24.146446,3
2023,1,16,19,45,臺中市,北屯區,0,0,0,,,,50,,,,,,,,,,,,,,,7,,,,,B03,,,1,,1,,,44,7,1,21,,B03,120.722967,24.181628,3
2023,1,16,19,46,臺中市,西屯區,0,1,0,8,3,5,30,4,1,1,5,4,5,7,4,4,10,5,5,2,16,6,3,10,1,1,B03,7,6,1,8,2,8,,6,6,1,22,8,B03,120.6184,24.188663,2
2023,1,16,19,47,臺中市,潭子區,0,1,0,8,3,5,50,4,2,1,5,4,5,7,1,1,5,4,4,1,11,9,2,9,1,1,C03,7,6,1,9,2,12,,9,9,1,22,8,C03,120.70072,24.216181,2
2023,1,16,19,49,臺中市,南區,0,0,0,8,3,5,50,3,1,1,5,4,5,7,4,4,10,5,5,2,13,16,3,10,1,1,C03,7,9,1,10,2,11,,16,16,1,5,8,C03,120.655984,24.113708,3
2023,1,16,19,52,臺中市,西屯區,0,1,0,8,3,5,50,3,1,1,5,4,5,7,4,4,10,5,5,2,17,19,3,10,3,4,B03,7,1,1,8,2,4,,19,19,1,22,9,B03,120.605265,24.188406,2
2023,1,16,19,55,臺中市,北區,0,0,0,8,,,50,,,,,,,,,,,,,,,23,,,,,B03,,,1,,2,,,23,,1,21,,B03,120.672082,24.17095,3
2023,1,16,19,56,臺中市,西屯區,0,0,0,8,,,50,,,,,,,,,,,,,,,23,,,,,B03,,,1,,1,,,23,,1,4,,B03,120.611714,24.184516,3
2023,1,16,19,56,臺中市,太平區,0,1,0,8,1,5,40,14,13,1,5,4,5,7,4,4,5,4,4,1,14,12,3,10,1,1,B03,7,2,1,8,2,3,,12,12,1,21,8,B03,120.720304,24.158482,2
2023,1,16,19,57,臺中市,南屯區,0,0,0,8,,,50,,,,,,,,,,,,,,,7,,,,,B03,,,1,,1,,,7,,1,22,,B03,120.638212,24.135302,3
2023,1,16,19,59,臺中市,中區,0,0,0,8,3,5,50,4,2,1,5,4,5,7,4,4,10,4,5,2,12,19,,,,,B03,,,1,,2,,,19,,1,22,,B03,120.679115,24.140037,3
2023,1,16,20,1,臺中市,西屯區,0,1,0,8,3,5,30,3,1,1,5,4,5,7,4,4,10,5,5,2,16,44,3,10,1,1,B03,7,6,1,8,2,1,,44,44,1,22,9,B03,120.643892,24.196792,2
2023,1,16,20,2,臺中市,豐原區,0,1,0,8,3,5,50,3,1,1,5,4,5,7,4,4,10,5,5,2,13,23,2,8,3,4,C03,7,9,2,18,2,11,,23,23,1,22,8,C03,120.716621,24.251951,2
2023,1,16,20,5,臺中市,沙鹿區,0,1,0,8,3,5,50,14,9,1,5,4,5,7,1,1,4,5,5,2,12,23,2,9,1,1,C03,7,9,1,10,2,11,,23,23,1,3,8,C03,120.603614,24.248578,2
2023,1,16,20,6,臺中市,東勢區,0,1,0,8,3,5,50,4,1,1,5,4,3,5,1,1,10,5,5,2,3,52,2,3,4,5,H01,8,16,8,20,10,16,,52,52,1,20,9,H01,120.830843,24.251518,2
2023,1,16,20,8,臺中市,大里區,0,0,0,8,,,30,,,,,,,,,,,,,,,12,,,,,B03,,,1,,2,,,12,,1,22,,B03,120.730419,24.088533,3
2023,1,16,20,10,臺中市,東區,0,1,0,8,3,5,50,14,7,1,5,4,5,7,4,4,5,4,5,2,16,26,3,10,1,1,B03,7,11,1,8,2,2,,26,26,1,22,8,B03,120.702184,24.138882,2
2023,1,16,20,14,臺中市,西屯區,0,1,0,8,2,5,50,4,1,1,5,4,5,7,1,1,1,4,5,2,15,44,3,10,3,4,B03,7,9,1,8,2,4,,44,44,1,22,8,B03,120.662314,24.200772,2
2023,1,16,20,16,臺中市,中區,0,1,0,8,3,5,50,4,1,1,5,4,5,7,1,1,5,4,4,2,16,6,2,7,1,1,C03,7,5,4,8,2,11,,6,6,1,22,8,C03,120.680864,24.145425,2
2023,1,16,20,23,臺中市,西屯區,0,0,0,8,,,40,,,,,,,,,,,,,,,67,,,,,,,,,,,,,67,,1,,,,120.66243,24.164251,3
2023,1,16,20,31,臺中市,西屯區,0,1,0,8,3,5,50,4,1,1,5,4,5,7,4,4,10,5,5,2,17,26,3,10,3,4,B01,7,5,1,4,2,8,,26,26,1,22,9,B01,120.650484,24.167165,2
2023,1,16,20,35,臺中市,龍井區,0,0,0,8,,,50,,,,,,,,,,,,,,,67,,,,,,,,,,,,,67,,1,,,,120.58597,24.181814,3
2023,1,16,20,39,臺中市,西屯區,0,0,0,8,,,50,,,,,,,,,,,,,,,23,,,,,B03,,,1,,2,,,23,,1,22,,B03,120.61728,24.160161,3
2023,1,16,20,43,臺中市,北區,0,1,0,8,3,5,50,14,7,1,5,4,5,7,4,4,1,4,4,2,13,23,2,8,1,1,C03,7,9,1,10,2,15,,23,23,1,22,8,C03,120.674355,24.164262,2
2023,1,16,20,43,臺中市,南屯區,0,0,0,8,,,50,,,,,,,,,,,,,,,23,,,,,B03,,,1,,2,,,23,,1,5,,B03,120.647011,24.149806,3
2023,1,16,20,53,臺中市,大里區,0,2,0,8,3,5,50,3,1,1,5,4,5,7,4,4,10,5,5,2,16,10,3,10,1,1,C03,7,11,1,10,2,14,,10,10,1,5,8,C03,120.700488,24.110378,2
2023,1,16,20,58,臺中市,南屯區,0,1,0,8,3,5,50,4,1,1,5,4,5,7,1,1,10,5,5,2,16,26,3,10,3,4,B03,7,6,1,8,2,2,,26,26,1,12,8,B03,120.623497,24.149515,2
2023,1,16,21,3,臺中市,梧棲區,0,1,0,8,3,5,40,3,9,1,5,4,5,7,4,4,10,5,5,1,18,42,2,9,1,1,C03,7,9,1,10,2,12,,42,42,1,4,8,C03,120.557883,24.241828,2
2023,1,16,21,4,臺中市,北屯區,0,1,0,8,3,5,50,14,9,1,5,4,5,7,4,4,5,5,5,2,13,23,3,10,3,4,B03,7,9,1,8,2,5,,23,23,1,21,8,B03,120.678843,24.176956,2
2023,1,16,21,7,臺中市,南屯區,0,0,0,8,1,5,50,14,9,1,5,4,5,7,1,1,1,2,5,2,12,17,,,,,C03,,,1,,1,,,17,17,1,5,,C03,120.644912,24.140091,3
2023,1,16,21,14,臺中市,南區,0,2,0,8,3,5,50,4,1,1,5,4,5,7,2,1,10,5,5,2,15,43,2,9,1,1,C03,7,9,1,10,2,11,,43,43,1,21,8,C03,120.650576,24.120293,2
2023,1,16,21,15,臺中市,西屯區,0,1,0,8,3,5,40,4,2,1,5,4,5,7,1,1,10,5,5,2,13,16,2,9,1,1,B03,7,9,1,8,2,5,,16,16,1,22,8,B03,120.624303,24.17847,2
2023,1,16,21,15,臺中市,烏日區,0,1,0,8,3,5,50,14,8,1,5,4,5,7,4,4,9,4,4,1,17,23,2,7,1,1,C03,7,9,1,10,2,12,,23,23,1,22,8,C03,120.651894,24.094234,2
2023,1,16,21,17,臺中市,北屯區,0,1,0,8,3,5,50,4,1,1,5,4,5,7,1,1,10,5,5,2,13,23,3,10,1,1,B03,7,9,1,8,2,5,,23,23,1,21,8,B03,120.678863,24.176666,2
2023,1,16,21,21,臺中市,太平區,0,0,0,8,,,40,,,,,,,,,,,,,,,23,,,,,B02,,,1,,2,,,23,,1,22,,B02,120.716994,24.151627,3
2023,1,16,21,25,臺中市,西區,0,0,0,8,,,40,,,,,,,,,,,,,,,23,,,,,B03,,,1,8,1,,,38,23,1,22,,B03,120.665893,24.137178,3
2023,1,16,21,30,臺中市,北區,0,1,0,8,3,5,50,14,9,1,5,4,5,7,1,1,5,4,4,2,13,23,2,9,1,1,C03,7,9,1,10,2,11,,23,23,1,21,8,C03,120.681971,24.154251,2
2023,1,16,21,39,臺中市,西屯區,0,1,0,8,3,5,30,3,1,1,5,4,5,7,4,4,10,5,5,2,16,6,2,8,1,1,C03,7,5,1,10,2,14,12,6,6,1,22,8,C03,120.648318,24.16937,2
2023,1,16,21,50,臺中市,南區,0,1,0,8,3,5,50,3,1,1,5,4,5,7,4,4,10,5,5,2,16,42,3,10,1,1,B03,7,15,1,8,2,2,,42,42,1,22,8,B03,120.664603,24.127792,2
2023,1,16,21,50,臺中市,烏日區,0,0,0,8,,,30,,,,,,,,,,,,,,,6,,,,,C03,,,1,,2,,,6,,1,18,,C03,120.644256,24.112747,3
2023,1,16,21,51,臺中市,大里區,0,2,0,8,4,5,50,4,1,1,5,4,5,7,1,1,10,5,5,2,16,19,2,9,1,1,C03,7,1,1,10,2,11,,19,19,1,3,8,C03,120.685153,24.085999,2
2023,1,16,22,0,臺中市,西區,0,2,0,8,3,5,50,4,1,1,5,4,5,7,2,1,10,5,5,2,17,23,3,10,1,1,B01,7,14,1,8,2,4,,38,23,1,21,8,B01,120.675763,24.138754,2
2023,1,16,22,10,臺中市,潭子區,0,0,0,8,,,50,,,,,,,,,,,,,,,26,,,,,B03,,,3,,2,,,26,,1,22,,B03,120.703427,24.200703,3
2023,1,16,22,22,臺中市,北屯區,0,0,0,8,3,5,50,4,1,1,5,4,5,7,2,1,10,5,5,2,16,23,,,,,C03,,,1,,1,,,23,,1,21,,C03,120.68314,24.171126,3
2023,1,16,22,34,臺中市,中區,0,1,0,8,3,5,50,4,1,1,5,4,5,7,1,1,10,5,5,2,12,25,3,10,1,1,C03,7,8,1,10,1,12,,25,25,1,22,9,C03,120.679547,24.142469,2
2023,1,16,22,37,臺中市,南屯區,0,1,0,8,3,5,50,14,9,1,5,4,5,7,4,4,5,4,5,2,13,23,2,8,1,1,C03,7,9,1,10,2,11,,23,23,1,5,8,C03,120.641856,24.134741,2
2023,1,16,22,54,臺中市,北屯區,0,0,0,8,,,50,,,,,,,,,,,,,,,23,,,,,B12,,,1,8,1,,,23,23,1,21,,B12,120.664731,24.1844,3
2023,1,16,23,0,臺中市,潭子區,0,0,0,8,,,60,,,,,,,,,,,,,,,42,,,,,C03,,,1,,2,,,42,,1,22,,C03,120.707578,24.226986,3
2023,1,16,23,1,臺中市,西屯區,0,1,0,8,3,5,50,3,1,1,5,4,5,7,4,4,10,5,5,2,16,9,3,10,3,4,B03,7,6,1,8,2,6,,9,9,1,22,8,B03,120.627121,24.177501,2
2023,1,16,23,4,臺中市,北區,0,0,0,8,,,50,,,,,,,,,,,,,,,16,,,,,C03,,,1,,1,,,16,,1,22,,C03,120.668268,24.168034,3
2023,1,16,23,11,臺中市,北區,0,0,0,,,,50,,,,,,,,,,,,,,,6,,,,,B03,,,1,,1,,,6,,1,21,,B03,120.66806,24.154319,3
2023,1,16,23,14,臺中市,北屯區,0,1,0,8,1,5,50,4,1,1,5,4,5,7,4,4,10,5,5,2,16,6,3,10,1,1,B03,7,5,1,8,2,7,,6,6,1,5,8,B03,120.673337,24.181634,2
2023,1,16,23,35,臺中市,西屯區,0,0,0,8,,,40,,,,,,,,,,,,,,,16,,,,,C03,,,1,,1,,,16,,1,4,,C03,120.656678,24.159002,3
2023,1,16,23,48,臺中市,外埔區,0,2,0,8,3,5,50,3,9,1,5,4,5,7,1,1,1,2,5,1,13,23,3,10,1,1,B03,7,9,1,8,2,1,,23,23,1,21,1,B03,120.639672,24.341093,2
2023,1,16,23,49,臺中市,太平區,0,0,0,8,,,50,,,,,,,,,,,,,,,44,,,,,B03,,,1,,9,15,,44,44,1,22,,B03,120.725674,24.128675,3
2023,1,17,0,35,臺中市,龍井區,0,3,0,8,3,5,50,3,1,1,5,4,5,7,4,4,9,4,5,2,16,23,2,8,1,1,C03,7,4,1,10,2,12,11,23,23,1,21,8,C03,120.586888,24.18125,2
2023,1,17,1,5,臺中市,南屯區,0,1,0,8,3,5,50,14,9,1,5,4,5,7,4,4,5,5,5,1,18,43,2,9,1,1,C03,7,9,1,10,2,12,,43,43,1,5,8,C03,120.588346,24.13909,2
2023,1,17,1,30,臺中市,西屯區,0,0,0,8,,,50,,,,,,,,,,,,,,,19,,,,,B12,,,1,,2,,,19,,1,22,,B12,120.644753,24.173,3
2023,1,17,2,56,臺中市,西屯區,0,1,0,8,3,5,50,4,1,1,5,4,5,7,1,1,10,5,5,2,16,9,3,10,1,1,B03,7,6,1,8,1,2,,9,9,1,4,8,B03,120.633761,24.161253,2
2023,1,17,6,17,臺中市,豐原區,0,2,0,8,3,5,50,14,9,1,5,4,5,7,4,4,4,5,5,2,2,23,2,9,1,1,C03,7,9,1,10,2,11,,23,23,1,19,5,C03,120.716836,24.247536,2
2023,1,17,6,24,臺中市,霧峰區,0,1,0,8,2,5,50,3,18,1,5,4,5,7,1,1,10,5,5,1,1,15,3,10,1,1,B03,7,5,1,8,2,5,,15,15,1,4,8,B03,120.701962,24.068096,2
2023,1,17,6,34,臺中市,沙鹿區,0,0,0,8,,,60,,,,,,,,,,,,,,,42,,,,,B03,,,1,,2,,,42,,1,4,,B03,120.569563,24.237414,3
2023,1,17,6,40,臺中市,神岡區,0,1,0,8,1,5,30,3,1,1,5,4,5,7,4,4,10,5,5,1,18,42,2,9,1,1,C03,7,9,1,10,2,14,,42,42,1,21,1,C03,120.682221,24.264071,2
2023,1,17,6,43,臺中市,龍井區,0,1,0,8,1,5,40,14,7,1,5,4,5,7,4,4,5,4,4,1,12,19,3,10,1,1,B12,7,1,1,8,2,7,,19,19,1,12,8,B12,120.49562,24.213578,2
2023,1,17,6,52,臺中市,后里區,0,1,0,8,1,5,60,14,8,1,5,4,5,7,4,4,1,3,4,1,12,7,3,10,1,1,B03,7,8,1,8,2,6,,7,7,1,21,1,B03,120.72349,24.293713,2
2023,1,17,7,0,臺中市,西屯區,0,2,0,8,1,5,50,14,9,1,5,4,5,7,4,4,10,4,5,2,13,43,3,10,3,4,C04,7,14,1,10,1,15,,43,42,1,22,8,C04,120.625056,24.180049,2