年,月,日,時,分,縣市,區,死,受傷,2-30,天候,光線,道路類別,速限,道路型態,事故位置,路面鋪裝,路面狀態,路面缺陷,障礙物,視距,號誌種類,號誌動作,分向設施,快車道或一般車道間,快慢車道間,路面邊線,事故類型及型態,主要肇因,受傷程度,主要傷處,保護裝備,行動電話,當事者區分,車輛用途,當事者行動狀態,駕駛資格情形,駕駛執照種類,飲酒情形,車輛撞擊部位最初,車輛撞擊部位其他,肇事因素個別,肇事因素主要,肇事逃逸,職業,旅次目的,車種,GPS緯度,GPS經度,事故類別
2023,1,17,7,4,臺中市,東區,0,1,0,8,1,5,30,4,1,1,5,4,5,7,4,4,10,5,5,2,16,6,2,9,1,1,C03,7,9,1,10,2,11,,6,6,1,22,8,C03,120.696374,24.126312,2
2023,1,17,7,4,臺中市,大甲區,0,0,0,8,,,70,,,,,,,,,,,,,,,23,,,,,C03,,,1,,2,,,23,,1,9,,C03,120.65156,24.38764,3
2023,1,17,7,10,臺中市,大里區,0,0,0,8,,,30,,,,,,,,,,,,,,,6,,,,,B03,,,1,,2,,,6,,1,22,,B03,120.697591,24.108293,3
2023,1,17,7,19,臺中市,大肚區,0,2,0,8,1,5,50,5,1,1,5,4,5,7,2,1,10,5,5,2,15,25,2,9,1,1,C03,7,9,1,10,2,11,,25,25,1,5,1,C03,120.563042,24.123974,2
2023,1,17,7,20,臺中市,北屯區,0,1,0,8,1,5,30,4,1,1,5,4,5,7,3,1,5,2,5,2,15,6,2,9,1,1,C03,7,9,1,10,2,12,,6,6,1,22,8,C03,120.717905,24.168042,2
2023,1,17,7,20,臺中市,北屯區,0,2,0,8,1,5,50,14,9,1,5,4,5,7,4,4,5,5,5,2,3,51,2,9,4,5,H01,8,16,8,20,10,16,,51,51,1,22,8,H01,120.682573,24.191893,2
2023,1,17,7,21,臺中市,西屯區,0,1,0,8,1,5,50,4,1,1,5,4,5,7,2,1,10,5,5,2,13,23,2,9,1,1,C03,7,9,1,10,2,11,,23,23,1,21,1,C03,120.636518,24.170791,2
2023,1,17,7,23,臺中市,潭子區,0,1,0,8,1,5,50,4,1,1,5,4,5,7,1,1,5,4,4,2,18,42,2,9,1,1,C03,7,9,1,10,2,12,,42,42,1,22,8,C03,120.703197,24.207223,2
2023,1,17,7,24,臺中市,北區,0,2,0,8,1,5,50,3,8,1,5,4,5,7,4,4,3,2,4,2,16,23,2,9,3,4,C03,7,6,1,10,2,12,,9,23,1,22,9,C03,120.691803,24.158972,2
2023,1,17,7,27,臺中市,西屯區,0,0,0,8,,,40,,,,,,,,,,,,,,,23,,,,,B03,,,1,,1,,,23,,1,22,,B03,120.647847,24.196114,3
2023,1,17,7,27,臺中市,烏日區,0,1,0,8,1,5,30,11,9,1,5,4,5,7,4,4,10,5,5,2,11,23,2,7,1,1,C03,7,6,1,10,2,11,,23,23,1,21,8,C03,120.627302,24.111652,2
2023,1,17,7,27,臺中市,豐原區,0,0,0,8,,,30,,,,,,,,,,,,,,,23,,,,,F03,,,1,,2,,,23,,1,22,,F03,120.707976,24.239559,3
2023,1,17,7,30,臺中市,大雅區,0,0,0,8,,,50,,,,,,,,,,,,,,,9,,,,,B03,,,1,,2,,,9,,1,22,,B03,120.63158,24.221304,3
2023,1,17,7,30,臺中市,清水區,0,0,0,,,,30,,,,,,,,,,,,,,,23,,,,,B03,,,1,,1,,,23,23,1,5,,B03,120.557989,24.281085,3
2023,1,17,7,30,臺中市,清水區,0,2,0,8,2,5,50,4,1,1,5,4,5,7,4,4,10,5,5,2,16,6,2,9,1,1,C03,7,5,1,10,2,12,,6,6,1,5,1,C03,120.589438,24.297055,2
2023,1,17,7,32,臺中市,大雅區,0,0,0,8,,,30,,,,,,,,,,,,,,,12,,,,,B03,,,1,,2,,,12,12,1,22,,B03,120.644518,24.228189,3
2023,1,17,7,32,臺中市,龍井區,0,0,0,,,,40,,,,,,,,,,,,,,,23,,,,,C03,,,1,,2,,,23,,1,22,,C03,120.592957,24.182933,3
2023,1,17,7,34,臺中市,潭子區,0,3,0,8,1,5,60,4,1,1,5,4,5,7,2,1,10,5,5,2,16,25,2,7,1,1,C03,7,9,1,10,2,11,,25,25,1,9,8,C03,120.703656,24.220688,2
2023,1,17,7,34,臺中市,南屯區,0,1,0,8,1,5,50,4,1,1,5,4,5,7,2,1,5,2,5,2,16,9,3,10,1,1,B03,7,6,1,8,2,2,,9,9,1,4,8,B03,120.640731,24.146859,2
2023,1,17,7,35,臺中市,南區,0,1,0,8,1,5,50,4,1,1,5,4,5,7,4,4,10,5,5,2,17,43,2,8,3,4,C03,7,9,1,10,2,14,,43,43,1,5,8,C03,120.65894,24.123731,2
2023,1,17,7,35,臺中市,西屯區,0,2,0,8,1,5,50,14,9,1,5,4,5,7,1,1,1,4,5,2,13,16,2,9,1,1,C03,7,9,1,10,2,11,,16,16,1,22,8,C03,120.656953,24.200373,2
2023,1,17,7,35,臺中市,太平區,0,1,0,8,1,5,50,4,1,1,5,4,5,7,1,1,10,5,5,2,16,6,3,10,3,4,C03,7,6,1,10,2,12,,6,6,1,9,8,C03,120.72252,24.133799,2
2023,1,17,7,39,臺中市,霧峰區,0,1,0,8,1,5,50,4,9,1,5,4,5,7,1,1,9,4,5,1,16,9,3,10,1,1,B03,7,6,1,6,2,6,,9,9,1,10,1,B03,120.679735,24.071094,2
2023,1,17,7,39,臺中市,豐原區,0,2,0,8,1,5,50,3,1,1,5,4,5,7,4,4,10,5,5,2,16,6,2,9,3,4,C03,7,5,1,10,2,11,,6,6,1,22,8,C03,120.802916,24.256438,2
2023,1,17,7,40,臺中市,潭子區,0,0,0,8,,,40,,,,,,,,,,,,,,,23,,,,,B03,,,1,,2,,,23,,1,22,,B03,120.703756,24.19637,3
2023,1,17,7,40,臺中市,北區,0,1,0,8,1,5,40,14,8,1,5,4,5,7,4,4,1,4,4,2,13,16,3,10,1,1,C03,7,9,2,18,2,11,,16,16,1,5,8,C03,120.672092,24.169895,2
2023,1,17,7,40,臺中市,東區,0,1,0,8,1,5,50,5,9,1,5,4,5,7,2,1,3,5,5,2,13,44,3,10,3,4,B03,7,9,1,8,2,6,,44,44,1,22,8,B03,120.693452,24.133073,2
2023,1,17,7,40,臺中市,西屯區,0,0,0,,,,40,,,,,,,,,,,,,,,23,,,,,B03,,,1,,1,,,23,,1,22,,B03,120.618758,24.181345,3
2023,1,17,7,40,臺中市,西屯區,0,1,0,8,1,5,40,3,1,1,5,4,5,7,4,4,5,4,4,2,16,6,2,9,1,1,C03,7,5,1,10,2,12,,6,6,1,22,8,C03,120.5879,24.174374,2
2023,1,17,7,40,臺中市,大里區,0,2,0,8,1,5,40,14,8,1,5,4,5,7,4,4,1,4,1,1,13,23,2,8,1,1,C03,7,9,1,10,2,11,,23,23,1,18,8,C03,120.695688,24.109767,2
2023,1,17,7,41,臺中市,霧峰區,0,1,0,8,1,5,30,14,9,1,5,4,5,7,4,4,10,5,5,1,17,27,3,10,1,1,C03,7,5,1,10,2,13,,27,27,1,22,8,C03,120.668228,24.034456,2
2023,1,17,7,42,臺中市,神岡區,0,2,0,8,1,5,50,14,9,1,5,4,5,7,4,4,5,5,5,1,16,26,2,9,1,1,C03,7,11,1,10,2,12,,26,26,1,22,8,C03,120.674891,24.262695,2
2023,1,17,7,43,臺中市,南區,0,0,0,8,1,5,50,14,9,1,5,4,5,7,4,4,3,4,5,2,13,23,3,10,1,1,B03,7,9,1,8,2,1,,23,23,1,21,8,B03,120.67009,24.114271,3
2023,1,17,7,43,臺中市,大里區,0,1,0,8,1,5,30,14,9,1,5,4,5,7,4,4,10,5,5,2,17,42,3,10,3,4,B03,7,12,1,8,2,3,,42,42,1,21,5,B03,120.709584,24.100402,2
2023,1,17,7,45,臺中市,豐原區,0,2,0,8,1,5,50,3,1,1,5,4,5,7,4,4,10,5,5,2,3,53,2,9,4,1,H01,8,16,8,20,2,16,,53,53,1,20,8,H01,120.707053,24.239838,2
2023,1,17,7,48,臺中市,西區,0,0,0,8,,,50,,,,,,,,,,,,,,,23,,,,,B03,,,1,,1,,,23,,1,22,,B03,120.655123,24.136837,3
2023,1,17,7,48,臺中市,神岡區,0,1,0,8,1,5,50,3,2,1,5,4,5,7,4,4,5,5,5,1,18,42,2,9,1,4,C03,7,9,1,10,2,14,,42,42,1,22,9,C03,120.698782,24.261971,2
2023,1,17,7,49,臺中市,東區,0,1,0,8,1,5,50,4,1,1,5,4,5,7,4,4,9,5,4,2,16,6,2,9,1,1,C03,7,5,1,10,2,12,,6,6,1,5,8,C03,120.689422,24.133481,2
2023,1,17,7,49,臺中市,霧峰區,0,1,0,8,1,5,50,4,9,1,5,4,5,7,1,1,9,4,5,1,15,23,2,1,1,1,C03,7,9,1,10,2,11,,23,23,1,3,1,C03,120.679735,24.071094,2
2023,1,17,7,50,臺中市,龍井區,0,1,0,8,1,5,30,4,1,1,5,4,5,7,1,1,10,5,5,2,16,23,2,8,1,1,C03,7,5,1,10,2,11,,23,23,1,12,8,C03,120.541811,24.216156,2
2023,1,17,7,51,臺中市,潭子區,0,2,0,8,1,5,50,3,1,1,5,4,5,7,4,4,5,5,4,1,17,6,2,7,1,1,C03,7,5,1,10,2,11,,6,6,1,22,8,C03,120.701874,24.222658,2
2023,1,17,7,52,臺中市,南屯區,0,0,0,8,,,50,,,,,,,,,,,,,,,4,,,,,C03,,,1,,1,,,4,,1,22,,C03,120.638077,24.139616,3
2023,1,17,7,52,臺中市,北屯區,0,1,0,8,1,5,50,4,1,1,5,4,5,7,2,1,10,5,5,2,16,6,3,10,1,1,B03,7,6,1,8,2,5,,6,6,1,4,8,B03,120.673575,24.190226,2
2023,1,17,7,53,臺中市,北屯區,0,1,0,8,1,5,30,3,1,1,5,4,5,7,4,4,10,5,5,2,16,6,2,8,1,1,C03,7,6,6,10,1,14,,6,6,1,21,8,C03,120.714928,24.189511,2
2023,1,17,7,54,臺中市,潭子區,0,2,0,8,1,5,50,4,1,1,5,4,5,7,1,1,1,3,5,2,15,25,2,8,1,1,C03,7,9,1,10,2,11,,25,25,1,22,8,C03,120.710655,24.227215,2
2023,1,17,7,54,臺中市,潭子區,0,0,0,8,,,50,,,,,,,,,,,,,,,23,,,,,A12,,,1,,2,,,23,,1,22,,A12,120.722624,24.213208,3
2023,1,17,7,54,臺中市,東區,0,2,0,8,1,5,50,4,1,1,5,4,5,7,4,4,10,5,5,2,16,6,2,9,1,1,C03,7,9,1,10,2,12,,6,6,1,22,8,C03,120.705886,24.137172,2
2023,1,17,7,55,臺中市,南屯區,0,0,0,,,,50,,,,,,,,,,,,,,,23,,,,,B03,,,1,,1,,,23,,1,4,,B03,120.623133,24.149047,3
2023,1,17,7,55,臺中市,龍井區,0,0,0,,,,40,,,,,,,,,,,,,,,7,,,,,A31,,,1,,2,,,7,,1,12,,A31,120.505851,24.210198,3
2023,1,17,7,56,臺中市,西屯區,0,0,0,8,,,70,,,,,,,,,,,,,,,7,,,,,B01,,,1,,1,,,7,,1,22,,B01,120.609608,24.184261,3
2023,1,17,7,58,臺中市,西屯區,0,0,0,8,,,40,,,,,,,,,,,,,,,23,,,,,B03,,,1,,2,,,23,,1,21,,B03,120.632955,24.161383,3
2023,1,17,7,59,臺中市,北屯區,0,0,0,8,,,50,,,,,,,,,,,,,,,19,,,,,B03,,,1,,1,,,19,,1,22,,B03,120.69013,24.177206,3
2023,1,17,7,59,臺中市,龍井區,0,3,0,8,1,5,50,4,1,1,5,4,5,7,4,4,10,5,5,2,16,19,2,9,1,1,C03,7,1,3,18,2,14,,19,19,1,19,8,C03,120.531699,24.181829,2
2023,1,17,8,2,臺中市,西區,0,0,0,8,1,5,50,4,1,1,5,4,5,7,1,1,10,5,5,2,12,6,,,,,C03,,,1,,1,,,6,,1,22,,C03,120.677263,24.140206,3
2023,1,17,8,2,臺中市,西區,0,2,0,8,1,5,50,14,9,1,5,4,5,7,4,4,4,4,5,2,13,23,2,9,1,1,C03,7,9,1,10,2,11,,23,23,1,4,8,C03,120.661566,24.143847,2
2023,1,17,8,2,臺中市,西區,0,0,0,8,,,50,,,,,,,,,,,,,,,7,,,,,B03,,,1,,1,,,7,7,1,2,,B03,120.676181,24.134298,3
2023,1,17,8,4,臺中市,烏日區,0,0,0,8,3,8,無,17,22,2,5,4,5,7,4,4,10,5,5,2,10,18,,,,,B03,,,3,,2,,,18,,1,5,,B03,120.644214,24.082155,3
2023,1,17,8,5,臺中市,南區,0,1,0,8,1,5,50,4,1,1,5,4,5,7,2,1,10,5,5,2,3,15,3,10,3,4,B03,7,5,1,8,2,1,,15,15,1,5,8,B03,120.65411,24.113993,2
2023,1,17,8,7,臺中市,東區,0,2,0,8,1,5,50,4,1,1,5,4,5,7,1,1,10,5,5,2,12,16,2,8,1,1,C03,7,9,1,10,2,14,,16,16,1,5,8,C03,120.708079,24.140667,2
2023,1,17,8,7,臺中市,東區,0,2,0,8,1,5,50,4,4,1,5,4,5,7,1,2,5,5,5,2,13,23,2,9,3,4,C03,7,9,1,10,2,11,,23,23,1,22,8,C03,120.708289,24.135828,2
2023,1,17,8,8,臺中市,北屯區,0,1,0,8,1,5,50,4,1,1,5,4,5,7,1,1,5,5,4,2,18,23,2,9,1,1,C03,7,5,1,10,2,12,,23,23,1,22,8,C03,120.690494,24.192772,2
2023,1,17,8,9,臺中市,東區,0,0,0,8,1,5,50,14,7,1,5,4,5,7,4,4,1,4,4,2,13,16,3,10,1,1,B03,7,9,3,18,2,1,,16,16,1,21,8,B03,120.686748,24.13044,3
2023,1,17,8,10,臺中市,南屯區,0,1,0,8,1,5,40,14,7,1,5,4,5,7,4,4,5,5,4,2,17,19,2,9,1,1,F03,7,1,8,20,2,15,,19,19,1,19,8,F03,120.633045,24.157882,2
2023,1,17,8,10,臺中市,沙鹿區,0,0,0,8,,,60,,,,,,,,,,,,,,,42,,,,,B03,,,1,,2,,,42,,1,22,,B03,120.597682,24.250132,3
2023,1,17,8,10,臺中市,石岡區,0,1,0,8,1,5,50,14,9,1,5,4,5,7,4,4,5,5,5,1,17,23,2,9,1,1,C03,7,9,1,10,2,15,,23,23,1,21,8,C03,120.816077,24.259562,2
2023,1,17,8,11,臺中市,潭子區,0,1,0,8,1,5,50,14,9,1,5,4,5,7,4,4,4,5,5,1,17,10,2,8,1,1,C03,7,11,1,10,2,14,,10,10,1,22,8,C03,120.673513,24.206038,2
2023,1,17,8,12,臺中市,大雅區,0,0,0,8,,,30,,,,,,,,,,,,,,,16,,,,,B03,,,1,,2,,,16,,1,22,,B03,120.646181,24.220329,3
2023,1,17,8,12,臺中市,北屯區,0,1,0,8,1,5,50,14,7,1,5,4,5,7,4,4,5,4,4,2,13,16,3,10,1,1,B03,7,9,1,8,2,5,,16,16,1,5,8,B03,120.698038,24.165046,2
2023,1,17,8,12,臺中市,烏日區,0,1,0,8,1,5,30,4,1,1,5,4,5,7,4,4,10,5,5,2,16,6,3,10,1,1,C03,7,9,1,10,2,12,,6,6,1,21,1,C03,120.639303,24.087638,2
2023,1,17,8,14,臺中市,西屯區,0,2,0,8,1,5,50,3,1,1,5,4,5,7,1,1,10,5,5,2,16,25,2,9,1,4,C03,7,5,1,10,2,14,,25,25,1,22,8,C03,120.606877,24.193803,2
2023,1,17,8,14,臺中市,西屯區,0,0,0,8,,,50,,,,,,,,,,,,,,,23,,,,,B03,,,1,,2,,,23,,1,22,,B03,120.614496,24.178456,3
2023,1,17,8,21,臺中市,西屯區,0,1,0,8,1,5,50,3,1,1,5,4,5,7,4,4,5,4,5,2,16,10,3,10,1,1,B03,7,11,1,8,2,5,,10,10,1,22,8,B03,120.641944,24.161705,2
2023,1,17,8,23,臺中市,大里區,0,1,0,8,1,5,50,8,11,1,5,4,5,7,1,1,1,2,1,1,16,26,2,9,1,1,C03,7,8,1,10,9,12,,26,26,2,22,8,C03,120.688422,24.094316,2
2023,1,17,8,25,臺中市,潭子區,0,2,0,8,1,5,50,14,12,1,5,4,5,7,4,4,1,4,4,1,13,23,2,9,1,1,C03,7,9,1,10,2,11,,23,23,1,22,8,C03,120.685184,24.216367,2
2023,1,17,8,27,臺中市,烏日區,0,0,0,8,,,50,,,,,,,,,,,,,,,23,,,,,B03,,,1,,2,,,23,,1,21,,B03,120.616288,24.104252,3
2023,1,17,8,29,臺中市,梧棲區,0,0,0,8,,,60,,,,,,,,,,,,,,,16,,,,,B03,,,1,,1,,,16,,1,22,,B03,120.513113,24.22711,3
2023,1,17,8,30,臺中市,西屯區,0,0,0,,,,50,,,,,,,,,,,,,,,23,,,,,A06,,,1,,1,,,23,,1,22,,A06,120.648915,24.163096,3
2023,1,17,8,30,臺中市,太平區,0,0,0,8,,,40,,,,,,,,,,,,,,,16,,,,,C03,,,1,,1,,,16,,1,9,,C03,120.721299,24.149058,3
2023,1,17,8,32,臺中市,太平區,0,0,0,8,,,50,,,,,,,,,,,,,,,23,,,,,B03,,,1,,2,,,23,,1,22,,B03,120.707617,24.151048,3
2023,1,17,8,35,臺中市,大里區,0,0,0,8,,,50,,,,,,,,,,,,,,,23,,,,,C03,,,1,,2,,,23,,1,9,,C03,120.69324,24.112002,3
2023,1,17,8,38,臺中市,北屯區,0,0,0,8,,,50,,,,,,,,,,,,,,,23,,,,,B03,,,1,,1,,,23,,1,21,,B03,120.692457,24.164952,3
2023,1,17,8,38,臺中市,豐原區,0,0,0,8,,,30,,,,,,,,,,,,,,,17,,,,,B03,,,1,,2,,,17,,1,22,,B03,120.707649,24.239524,3
2023,1,17,8,39,臺中市,西屯區,0,1,0,8,1,5,50,14,7,1,5,4,5,7,4,4,1,4,4,2,13,23,2,9,3,4,C03,7,9,2,18,2,11,,23,23,1,22,8,C03,120.654098,24.20168,2
2023,1,17,8,45,臺中市,烏日區,0,1,0,8,1,5,50,3,1,1,5,4,5,7,4,4,10,5,5,2,16,44,3,10,1,1,B03,7,6,1,8,2,6,,44,44,1,21,8,B03,120.602694,24.106959,2
2023,1,17,8,48,臺中市,西屯區,0,0,0,8,,,50,,,,,,,,,,,,,,,25,,,,,B03,,,1,,1,,,25,,1,21,,B03,120.636775,24.171061,3
2023,1,17,8,48,臺中市,豐原區,0,0,0,8,,,50,,,,,,,,,,,,,,,23,,,,,B12,,,1,,2,,,23,,1,21,,B12,120.709558,24.240513,3
2023,1,17,8,50,臺中市,大里區,0,0,0,8,,,80,,,,,,,,,,,,,,,16,,,,,B03,,,1,,2,,,16,,1,5,,B03,120.69417,24.050448,3
2023,1,17,8,53,臺中市,豐原區,0,1,0,8,1,5,40,3,9,1,5,4,5,7,4,4,9,4,4,2,13,23,2,8,1,1,C03,7,9,1,10,2,11,,23,23,1,22,8,C03,120.724971,24.243758,2
2023,1,17,8,56,臺中市,豐原區,0,2,0,8,1,5,50,4,2,1,5,4,5,7,1,1,5,4,4,2,17,23,3,10,1,1,B03,7,5,1,8,2,5,,23,23,1,22,8,B03,120.709856,24.244593,2
2023,1,17,8,57,臺中市,東區,0,0,0,8,1,5,50,14,9,1,5,4,5,7,4,4,1,2,5,2,14,42,3,10,1,1,C03,7,2,1,10,11,12,,42,42,2,5,8,C03,120.684687,24.134963,3
2023,1,17,9,0,臺中市,北區,0,0,0,,,,50,,,,,,,,,,,,,,,12,,,,,C03,,,1,,2,,,12,,1,22,,C03,120.679099,24.169828,3
2023,1,17,9,1,臺中市,大里區,0,0,0,8,,,80,,,,,,,,,,,,,,,16,,,,,B12,,,1,,2,,,16,,1,5,,B12,120.684936,24.075285,3
2023,1,17,9,2,臺中市,北區,0,0,0,8,,,50,,,,,,,,,,,,,,,26,,,,,B01,,,1,,2,,,26,,1,22,,B01,120.676245,24.159143,3
2023,1,17,9,4,臺中市,西屯區,0,0,0,8,,,50,,,,,,,,,,,,,,,23,,,,,B03,,,1,,1,,,23,,1,22,,B03,120.601113,24.182341,3
2023,1,17,9,5,臺中市,后里區,0,0,0,8,1,5,50,3,2,1,5,4,5,7,4,4,5,5,5,1,17,23,3,10,1,1,B03,7,9,1,8,2,2,,23,23,1,21,8,B03,120.72662,24.309136,3
2023,1,17,9,6,臺中市,西區,0,2,0,8,1,5,50,14,9,1,5,4,5,7,4,4,5,5,5,2,16,26,2,8,1,1,C03,7,9,1,10,2,11,,26,26,1,12,9,C03,120.656405,24.144957,2
2023,1,17,9,8,臺中市,西屯區,0,0,0,8,,,30,,,,,,,,,,,,,,,17,,,,,B03,,,1,,2,,,17,17,1,22,,B03,120.660181,24.167157,3
2023,1,17,9,8,臺中市,大里區,0,0,0,8,,,50,,,,,,,,,,,,,,,18,,,,,B03,,,1,,2,,,18,,1,22,,B03,120.685433,24.119191,3
2023,1,17,9,8,臺中市,太平區,0,2,0,8,1,5,50,14,9,1,5,4,5,7,4,4,9,5,5,1,17,42,2,9,1,1,C03,7,9,1,10,2,12,,42,42,1,4,1,C03,120.733723,24.157438,2
2023,1,17,9,10,臺中市,東區,0,1,0,8,1,5,50,14,9,1,5,4,5,7,4,4,9,5,5,2,16,10,3,10,1,1,B12,7,11,6,18,2,4,,10,10,1,22,8,B12,120.701621,24.139362,2
2023,1,17,9,13,臺中市,東區,0,1,0,8,1,5,50,14,9,1,5,4,5,7,4,4,9,5,5,2,16,42,3,10,3,4,B12,7,15,1,8,2,2,,42,42,1,5,8,B12,120.699015,24.134431,2
2023,1,17,9,15,臺中市,霧峰區,0,0,0,8,,,30,,,,,,,,,,,,,,,23,,,,,A12,,,1,,2,,,23,,1,21,,A12,120.714489,24.076612,3
2023,1,17,9,16,臺中市,西區,0,0,0,8,1,5,30,13,1,1,5,4,5,7,4,4,10,5,5,2,14,12,,,,,B03,,,1,,2,,,12,,1,22,,B03,120.658049,24.142096,3
2023,1,17,9,16,臺中市,北區,0,1,0,8,1,5,30,14,9,1,5,4,5,7,4,4,10,5,5,2,10,23,3,10,2,1,C03,7,9,1,10,2,11,,23,23,1,20,8,C03,120.691191,24.149127,2
2023,1,17,9,20,臺中市,大里區,0,1,0,8,1,5,40,8,9,1,5,4,5,7,4,4,5,2,5,1,18,23,2,9,1,1,C03,7,9,1,10,2,14,,23,23,1,4,8,C03,120.671036,24.080692,2
2023,1,17,9,20,臺中市,太平區,0,0,0,8,,,50,,,,,,,,,,,,,,,6,,,,,B03,,,1,,2,,,6,,1,22,,B03,120.706473,24.148596,3
2023,1,17,9,21,臺中市,北屯區,0,1,0,8,1,5,50,4,1,1,5,4,5,7,2,1,10,5,5,2,18,23,2,9,1,1,C03,7,9,1,10,2,14,,23,23,1,21,8,C03,120.690293,24.175563,2
2023,1,17,9,30,臺中市,西屯區,0,1,0,8,1,5,50,4,1,1,5,4,5,7,1,1,10,5,5,2,17,42,2,9,3,4,C03,7,15,1,10,2,11,,42,42,1,22,8,C03,120.662438,24.169106,2
2023,1,17,9,30,臺中市,太平區,0,0,0,,,,40,,,,,,,,,,,,,,,12,,,,,C03,,,1,,1,,,12,,1,9,,C03,120.70368,24.153244,3
2023,1,17,9,32,臺中市,南區,0,0,0,8,1,5,50,3,1,1,5,4,5,7,4,4,5,5,4,2,16,6,3,10,1,1,B12,7,9,1,8,2,5,,44,6,1,21,8,B12,120.650645,24.109915,3
2023,1,17,9,35,臺中市,清水區,0,0,0,8,,,50,,,,,,,,,,,,,,,42,,,,,B03,,,1,,2,,,42,,1,21,,B03,120.576286,24.273327,3
2023,1,17,9,38,臺中市,西屯區,0,0,0,8,,,50,,,,,,,,,,,,,,,23,,,,,B12,,,1,,1,,,23,,1,22,,B12,120.632436,24.17992,3
2023,1,17,9,38,臺中市,太平區,0,0,0,8,,,50,,,,,,,,,,,,,,,23,,,,,B03,,,1,,1,,,23,,1,4,,B03,120.71245,24.157986,3
2023,1,17,9,39,臺中市,北區,0,1,0,8,1,5,50,14,9,1,5,4,5,7,4,4,5,4,5,1,17,23,2,9,3,4,C03,7,9,1,10,2,14,,23,23,1,22,9,C03,120.67965,24.158314,2
2023,1,17,9,40,臺中市,中區,0,2,0,8,1,5,50,15,9,1,5,4,5,7,4,4,9,4,5,2,13,16,2,9,1,1,C03,7,9,1,10,2,13,,44,16,1,5,8,C03,120.685169,24.140468,2
2023,1,17,9,40,臺中市,大里區,0,0,0,8,,,80,,,,,,,,,,,,,,,7,,,,,B03,,,1,,2,,,7,,1,5,,B03,120.687422,24.093886,3
2023,1,17,9,40,臺中市,清水區,0,1,0,8,1,5,50,4,2,1,5,4,5,7,1,1,5,4,4,2,16,8,2,8,1,1,C03,7,5,1,10,2,11,,8,8,1,5,5,C03,120.574436,24.269181,2
2023,1,17,9,41,臺中市,南屯區,0,0,0,8,,,50,,,,,,,,,,,,,,,7,,,,,A11,,,1,,1,,,7,,1,22,,A11,120.625227,24.131669,3
2023,1,17,9,50,臺中市,東區,0,1,0,8,1,5,50,5,2,1,5,4,5,7,1,1,5,4,5,2,12,17,2,7,1,1,C03,7,9,3,18,2,14,,17,17,1,5,8,C03,120.705418,24.130156,2
2023,1,17,9,50,臺中市,南屯區,0,0,0,,,,40,,,,,,,,,,,,,,,12,,,,,B12,,,1,,1,,,12,,1,4,,B12,120.626231,24.136915,3
2023,1,17,9,53,臺中市,大里區,0,1,0,8,1,5,50,3,2,1,5,4,5,7,4,4,5,5,4,1,16,4,3,10,1,1,C03,7,5,1,10,2,12,,4,4,1,22,7,C03,120.698501,24.109571,2
2023,1,17,9,54,臺中市,潭子區,0,1,0,8,1,5,40,14,8,1,5,4,5,7,4,4,1,4,4,1,17,40,3,10,1,1,B12,7,15,1,8,2,4,,40,40,1,22,8,B12,120.694568,24.216164,2
2023,1,17,9,54,臺中市,太平區,0,1,0,8,1,5,50,4,1,1,5,4,5,7,1,1,10,5,5,2,16,6,3,10,3,4,B12,7,6,1,8,2,2,,6,6,1,9,8,B12,120.712182,24.144435,2
2023,1,17,9,55,臺中市,龍井區,0,0,0,8,,,50,,,,,,,,,,,,,,,16,,,,,C03,,,1,,2,,,16,,1,22,,C03,120.57389,24.184503,3
2023,1,17,9,58,臺中市,南屯區,0,0,0,8,,,30,,,,,,,,,,,,,,,42,,,,,B02,,,1,,1,,,42,,1,4,,B02,120.644954,24.138164,3
2023,1,17,10,0,臺中市,東區,0,2,0,8,1,5,50,14,9,1,5,4,5,7,4,4,5,5,5,2,13,23,2,9,1,1,C03,7,9,1,10,2,11,,23,23,1,22,8,C03,120.699389,24.145084,2
2023,1,17,10,0,臺中市,北屯區,0,1,0,8,1,5,50,14,9,1,5,4,5,7,4,4,1,4,5,2,12,7,3,10,1,1,C03,7,8,1,10,2,12,,7,7,1,22,8,C03,120.669415,24.177239,2
2023,1,17,10,0,臺中市,大里區,0,0,0,8,,,50,,,,,,,,,,,,,,,23,,,,,B11,,,1,,2,,,23,,1,21,,B11,120.695154,24.099903,3
2023,1,17,10,3,臺中市,豐原區,0,0,0,8,,,30,,,,,,,,,,,,,,,12,,,,,B12,,,1,,2,,,12,,1,22,,B12,120.735098,24.263613,3
2023,1,17,10,6,臺中市,北屯區,0,2,0,8,1,5,50,3,1,1,5,4,5,7,1,1,10,5,5,2,16,25,2,9,1,1,C03,7,9,1,10,2,11,,25,25,1,4,8,C03,120.664696,24.186281,2
2023,1,17,10,7,臺中市,北區,0,1,0,8,1,5,50,3,1,1,5,4,5,7,4,4,10,5,5,2,16,6,3,10,1,1,C03,7,5,1,10,2,11,,6,6,1,5,8,C03,120.693868,24.160643,2
2023,1,17,10,11,臺中市,潭子區,0,0,0,8,,,60,,,,,,,,,,,,,,,16,,,,,B03,,,1,,2,,,44,16,1,22,,B03,120.690061,24.224983,3
2023,1,17,10,12,臺中市,東區,0,1,0,8,1,5,50,14,9,1,5,4,5,7,4,4,5,4,5,2,17,23,2,9,1,1,C04,7,9,3,18,2,12,,23,23,1,5,8,C04,120.692763,24.136491,2