年,月,日,時,分,縣市,區,死,受傷,2-30,天候,光線,道路類別,速限,道路型態,事故位置,路面鋪裝,路面狀態,路面缺陷,障礙物,視距,號誌種類,號誌動作,分向設施,快車道或一般車道間,快慢車道間,路面邊線,事故類型及型態,主要肇因,受傷程度,主要傷處,保護裝備,行動電話,當事者區分,車輛用途,當事者行動狀態,駕駛資格情形,駕駛執照種類,飲酒情形,車輛撞擊部位最初,車輛撞擊部位其他,肇事因素個別,肇事因素主要,肇事逃逸,職業,旅次目的,車種,GPS緯度,GPS經度,事故類別
2023,1,17,10,13,臺中市,大里區,0,2,0,8,1,5,50,4,1,1,5,4,5,7,1,1,10,5,5,2,16,6,2,8,1,1,C03,7,5,1,10,2,12,,6,6,1,22,9,C03,120.692458,24.112015,2
2023,1,17,10,15,臺中市,西區,0,1,0,8,1,5,50,4,1,1,5,4,5,7,1,1,10,5,5,2,15,25,3,10,1,1,B03,7,9,1,8,2,1,,25,25,1,22,9,B03,120.671999,24.13511,2
2023,1,17,10,15,臺中市,太平區,0,0,0,8,,,50,,,,,,,,,,,,,,,18,,,,,B01,,,1,,2,,,18,,1,22,,B01,120.705062,24.160726,3
2023,1,17,10,16,臺中市,西屯區,0,1,0,8,1,5,50,14,9,1,5,4,5,7,4,4,1,4,5,2,16,19,3,10,1,1,B03,7,1,1,8,2,1,,19,19,1,21,8,B03,120.656861,24.201323,2
2023,1,17,10,17,臺中市,中區,0,0,0,8,,,50,,,,,,,,,,,,,,,18,,,,,C03,,,1,,1,,,18,,1,22,,C03,120.677786,24.142498,3
2023,1,17,10,17,臺中市,北屯區,0,1,0,8,1,5,50,5,1,1,5,4,5,7,2,1,10,5,5,2,16,6,3,10,1,1,B03,7,6,1,8,2,5,,6,6,1,21,8,B03,120.674112,24.173988,2
2023,1,17,10,22,臺中市,南區,0,0,0,8,,,50,,,,,,,,,,,,,,,7,,,,,B03,,,1,,2,,,7,,1,22,,B03,120.670201,24.113921,3
2023,1,17,10,27,臺中市,北區,0,1,0,8,1,5,50,3,9,1,5,4,5,7,4,4,1,4,5,2,16,9,3,10,1,1,B03,7,6,1,8,2,5,,9,9,1,22,9,B03,120.683238,24.147569,2
2023,1,17,10,29,臺中市,西屯區,0,1,0,8,1,5,40,4,1,1,5,4,5,7,1,1,10,5,5,2,12,26,3,10,1,4,B03,7,9,1,8,2,4,,26,26,1,22,8,B03,120.646454,24.164454,2
2023,1,17,10,30,臺中市,西屯區,0,1,0,8,1,5,40,14,8,1,5,4,5,7,4,4,1,4,4,2,13,44,3,10,1,1,C03,7,8,1,10,2,14,,44,44,1,22,8,C03,120.636208,24.159488,2
2023,1,17,10,38,臺中市,西區,0,0,0,8,,,50,,,,,,,,,,,,,,,12,,,,,B03,,,1,,2,,,12,,1,12,,B03,120.651298,24.145824,3
2023,1,17,10,39,臺中市,西屯區,0,0,0,8,,,50,,,,,,,,,,,,,,,42,,,,,B03,,,1,,1,,,42,,1,22,,B03,120.657905,24.170414,3
2023,1,17,10,45,臺中市,大里區,0,0,0,8,,,30,,,,,,,,,,,,,,,17,,,,,B12,,,1,,2,,,17,,1,22,,B12,120.703493,24.095916,3
2023,1,17,10,48,臺中市,太平區,0,1,0,8,1,5,50,3,1,1,5,4,5,7,4,4,10,5,5,2,3,23,2,9,1,1,C03,7,9,1,10,2,12,14,23,23,1,22,8,C03,120.726523,24.149869,2
2023,1,17,10,51,臺中市,大雅區,0,0,0,8,,,30,,,,,,,,,,,,,,,23,,,,,B02,,,1,,2,,,23,,1,22,,B02,120.642889,24.210206,3
2023,1,17,10,54,臺中市,潭子區,0,0,0,8,1,5,60,14,7,1,5,4,5,7,4,4,1,4,4,1,13,16,3,10,1,1,B12,7,9,1,8,5,5,,16,16,1,22,8,B12,120.705044,24.213572,3
2023,1,17,10,54,臺中市,潭子區,0,1,0,8,1,5,50,4,1,1,5,4,5,7,1,1,5,4,5,1,12,17,3,10,1,1,B03,7,9,1,8,2,2,,17,17,1,22,8,B03,120.673934,24.209107,2
2023,1,17,10,55,臺中市,南屯區,0,0,0,,,,50,,,,,,,,,,,,,,,17,,,,,B12,,,1,,1,,,17,,1,22,,B12,120.609916,24.140896,3
2023,1,17,11,0,臺中市,北屯區,0,3,0,8,1,5,50,14,9,1,5,4,5,7,4,4,1,4,5,2,16,43,2,9,1,1,C03,7,9,1,10,2,15,,43,43,1,22,8,C03,120.669034,24.173506,2
2023,1,17,11,4,臺中市,北區,0,1,0,8,1,5,50,4,9,1,5,4,5,7,1,1,5,5,5,2,16,19,3,10,3,4,C03,7,1,1,10,2,13,,19,19,1,22,9,C03,120.676326,24.160416,2
2023,1,17,11,4,臺中市,南屯區,0,0,0,8,,,50,,,,,,,,,,,,,,,6,,,,,,,,,,,,,,,,,,,120.638183,24.147186,3
2023,1,17,11,5,臺中市,大肚區,0,0,0,,,,30,,,,,,,,,,,,,,,12,,,,,G02,,,1,,2,,,12,,1,20,,G02,120.544401,24.168657,3
2023,1,17,11,8,臺中市,烏日區,0,1,0,8,1,5,50,4,1,1,5,4,5,7,4,4,5,5,4,2,18,23,2,9,1,1,C03,7,9,1,10,2,14,11,23,23,1,21,8,C03,120.620252,24.103079,2
2023,1,17,11,12,臺中市,太平區,0,1,0,8,1,5,30,4,1,1,5,4,5,7,3,1,10,5,5,2,15,6,2,9,3,4,C03,7,9,1,10,2,11,,6,6,1,5,8,C03,120.715642,24.145223,2
2023,1,17,11,18,臺中市,豐原區,0,1,0,8,1,5,50,3,1,1,5,4,5,7,1,1,1,4,5,1,13,9,3,10,1,1,B03,7,6,1,8,2,3,,9,9,1,22,8,B03,120.723621,24.24477,2
2023,1,17,11,21,臺中市,西屯區,0,0,0,8,,,60,,,,,,,,,,,,,,,7,,,,,B03,,,1,,1,,,7,,1,22,,B03,120.632431,24.170543,3
2023,1,17,11,22,臺中市,潭子區,0,1,0,8,1,5,80,14,7,1,5,4,5,7,4,4,1,4,4,1,13,30,2,8,1,1,B12,7,9,1,8,2,1,,16,30,1,22,8,B12,120.721902,24.193921,2
2023,1,17,11,22,臺中市,東區,0,1,0,8,1,5,30,4,1,1,5,4,5,7,4,4,10,5,5,2,16,23,3,10,1,1,B03,7,5,1,8,2,9,,23,23,1,22,8,B03,120.696069,24.1472,2
2023,1,17,11,24,臺中市,西屯區,0,0,0,,,,50,,,,,,,,,,,,,,,23,,,,,B03,,,1,,2,,,23,,1,22,,B03,120.664486,24.166796,3
2023,1,17,11,24,臺中市,東勢區,0,1,0,8,1,5,50,5,1,1,5,4,5,7,1,1,10,5,5,2,17,6,3,10,1,1,B03,7,5,1,8,2,6,,6,6,1,22,8,B03,120.826062,24.264473,2
2023,1,17,11,26,臺中市,西區,0,1,0,8,1,5,40,14,8,1,5,4,5,7,4,4,1,4,1,2,12,17,3,10,1,1,B03,7,9,1,8,3,5,,17,17,1,22,8,B03,120.658814,24.157795,2
2023,1,17,11,26,臺中市,北區,0,0,0,8,,,30,,,,,,,,,,,,,,,12,,,,,B03,,,1,,2,,,12,,1,20,,B03,120.677711,24.162614,3
2023,1,17,11,29,臺中市,豐原區,0,0,0,8,,,60,,,,,,,,,,,,,,,12,,,,,B03,,,1,,2,,,12,,1,22,,B03,120.726691,24.265186,3
2023,1,17,11,32,臺中市,北屯區,0,0,0,8,,,40,,,,,,,,,,,,,,,23,,,,,B12,,,1,,2,,,23,,1,21,,B12,120.705008,24.200741,3
2023,1,17,11,34,臺中市,南區,0,2,0,8,1,5,30,4,1,1,5,4,5,7,4,4,10,5,5,2,15,6,2,9,3,4,C03,7,9,1,10,2,12,,6,6,1,5,8,C03,120.670918,24.125151,2
2023,1,17,11,35,臺中市,北屯區,0,1,0,8,1,5,50,3,2,1,5,4,5,7,1,1,5,4,4,2,16,19,2,8,1,1,C03,7,1,3,18,2,13,,19,19,1,22,8,C03,120.696855,24.174239,2
2023,1,17,11,36,臺中市,烏日區,0,1,0,8,1,5,60,4,2,1,5,4,5,7,2,1,1,4,1,1,13,23,3,10,1,1,B03,7,9,1,8,2,1,,23,23,1,21,1,B03,120.646139,24.068665,2
2023,1,17,11,42,臺中市,北屯區,0,1,0,8,1,5,50,5,1,1,5,4,5,7,2,1,10,5,5,2,3,52,2,9,4,5,H01,8,18,8,20,10,16,,52,52,1,22,8,H01,120.68624,24.188258,2
2023,1,17,11,42,臺中市,豐原區,0,0,0,8,,,50,,,,,,,,,,,,,,,12,,,,,B03,,,1,,9,,,12,,1,20,,B03,120.728893,24.246551,3
2023,1,17,11,45,臺中市,東區,0,1,0,8,1,5,50,5,9,1,5,4,5,7,1,1,5,5,5,2,16,6,3,10,3,4,C03,7,5,1,10,2,11,,6,6,1,22,8,C03,120.697117,24.125089,2
2023,1,17,11,47,臺中市,西區,0,0,0,8,,,50,,,,,,,,,,,,,,,23,,,,,B02,,,1,,1,,,23,,1,4,,B02,120.670255,24.146337,3
2023,1,17,11,48,臺中市,梧棲區,0,1,0,8,1,5,40,4,1,1,5,4,5,7,4,4,5,5,5,2,17,42,3,10,1,1,C03,7,5,1,10,2,15,,42,42,1,4,8,C03,120.528613,24.255978,2
2023,1,17,11,51,臺中市,西屯區,0,1,0,8,1,5,50,4,1,1,5,4,5,7,1,1,10,5,5,2,16,10,3,10,1,1,C03,7,11,1,10,1,14,,10,10,1,18,8,C03,120.635328,24.166726,2
2023,1,17,11,55,臺中市,南區,0,0,0,,,,30,,,,,,,,,,,,,,,23,,,,,B12,,,1,,9,,,23,,1,5,,B12,120.671183,24.111645,3
2023,1,17,11,56,臺中市,北區,0,2,0,8,1,5,50,4,1,1,5,4,5,7,1,1,10,5,5,2,16,9,2,9,1,1,C03,7,6,1,10,2,15,,9,9,1,22,9,C03,120.6824,24.153139,2
2023,1,17,11,58,臺中市,太平區,0,2,0,8,1,5,50,3,1,1,5,4,5,7,4,4,10,5,5,1,16,6,2,8,1,1,C03,7,5,1,10,2,11,,6,6,1,22,5,C03,120.709974,24.155414,2
2023,1,17,11,59,臺中市,東區,0,0,0,8,1,5,50,4,3,1,5,4,5,7,1,1,3,4,5,2,17,42,3,10,1,1,C03,7,11,1,10,2,11,,42,42,1,21,8,C03,120.69745,24.144699,3
2023,1,17,12,0,臺中市,西屯區,0,1,0,8,1,5,50,3,1,1,5,4,5,7,2,1,10,5,5,2,12,6,3,10,1,1,B03,7,6,1,8,2,5,,6,6,1,22,8,B03,120.65297,24.168966,2
2023,1,17,12,1,臺中市,北屯區,0,0,0,8,,,50,,,,,,,,,,,,,,,23,,,,,B03,,,1,,1,,,23,,1,4,,B03,120.676778,24.180875,3
2023,1,17,12,2,臺中市,西屯區,0,0,0,8,,,50,,,,,,,,,,,,,,,23,,,,,B03,,,1,,1,,,23,,1,22,,B03,120.641381,24.162412,3
2023,1,17,12,3,臺中市,龍井區,0,1,0,8,1,5,50,14,8,1,5,4,5,7,1,1,1,4,4,2,18,23,2,9,1,1,C03,7,9,1,10,2,12,,23,23,1,19,8,C03,120.545906,24.191863,2
2023,1,17,12,7,臺中市,大里區,0,1,0,8,1,5,50,14,9,1,5,4,5,7,4,4,10,4,5,1,11,6,3,10,1,1,B03,7,5,1,8,2,5,,6,6,1,3,9,B03,120.699421,24.083285,2
2023,1,17,12,8,臺中市,南屯區,0,0,0,8,,,50,,,,,,,,,,,,,,,6,,,,,B03,,,1,,1,,,6,,1,4,,B03,120.636798,24.153605,3
2023,1,17,12,8,臺中市,烏日區,0,0,0,8,,,80,,,,,,,,,,,,,,,42,,,,,B03,,,1,,2,,,42,,1,21,,B03,120.616572,24.107077,3
2023,1,17,12,9,臺中市,中區,0,2,0,8,1,5,50,3,1,1,5,4,5,7,4,4,10,5,5,2,3,51,2,8,4,1,H01,8,16,8,20,9,16,,51,51,1,2,9,H01,120.677849,24.139705,2
2023,1,17,12,10,臺中市,太平區,0,0,0,8,,,30,,,,,,,,,,,,,,,23,,,,,B12,,,1,,2,,,23,,1,4,,B12,120.708895,24.154144,3
2023,1,17,12,11,臺中市,西屯區,0,0,0,8,,,50,,,,,,,,,,,,,,,16,,,,,B03,,,1,,1,,,16,,1,22,,B03,120.66465,24.166788,3
2023,1,17,12,13,臺中市,大里區,0,1,0,8,1,5,50,14,9,1,5,4,5,7,1,1,10,5,5,2,17,23,3,10,1,1,C03,7,1,1,10,2,11,,23,23,1,21,5,C03,120.718061,24.096126,2
2023,1,17,12,15,臺中市,南屯區,0,0,0,8,,,50,,,,,,,,,,,,,,,23,,,,,B03,,,1,,2,,,23,23,1,22,,B03,120.637016,24.147663,3
2023,1,17,12,19,臺中市,西屯區,0,0,0,8,,,50,,,,,,,,,,,,,,,23,,,,,C03,,,1,,1,,,23,,1,22,,C03,120.619752,24.184552,3
2023,1,17,12,21,臺中市,潭子區,0,2,0,8,1,5,50,14,7,1,5,4,5,7,4,4,5,4,4,2,13,16,2,9,1,1,C03,7,9,1,10,2,11,,16,16,1,22,8,C03,120.700689,24.21086,2
2023,1,17,12,21,臺中市,神岡區,0,0,0,,,,50,,,,,,,,,,,,,,,7,,,,,A11,,,1,,9,,,7,7,2,10,,A11,120.698914,24.248668,3
2023,1,17,12,22,臺中市,西屯區,0,1,0,8,1,5,40,3,1,1,5,4,5,7,4,4,10,5,5,2,13,16,3,10,1,1,B12,7,9,1,8,2,1,,16,16,1,21,8,B12,120.615096,24.183453,2
2023,1,17,12,26,臺中市,烏日區,0,0,0,8,,,30,,,,,,,,,,,,,,,25,,,,,C03,,,1,,2,,,25,,1,3,,C03,120.647465,24.063061,3
2023,1,17,12,36,臺中市,東勢區,0,0,0,8,1,5,60,3,1,1,5,4,5,7,1,1,10,5,5,2,16,21,3,10,1,4,B12,7,9,1,8,6,5,,21,21,1,5,8,B12,120.834444,24.239118,3
2023,1,17,12,38,臺中市,西屯區,0,0,0,8,,,50,,,,,,,,,,,,,,,12,,,,,B03,,,1,,2,,,12,,1,22,,B03,120.601583,24.186985,3
2023,1,17,12,38,臺中市,太平區,0,1,0,8,1,5,50,4,1,1,5,4,5,7,1,1,10,5,5,2,15,25,3,10,3,4,B03,7,9,1,8,2,1,,25,25,1,19,8,B03,120.712859,24.144408,2
2023,1,17,12,39,臺中市,南屯區,0,2,0,8,1,5,50,4,1,1,5,4,5,7,2,1,1,2,5,2,15,25,2,9,1,1,C03,7,9,1,10,2,12,,25,25,1,19,8,C03,120.646629,24.140096,2
2023,1,17,12,39,臺中市,烏日區,0,0,0,8,,,30,,,,,,,,,,,,,,,18,,,,,B12,,,1,,2,,,18,,1,22,,B12,120.603338,24.114302,3
2023,1,17,12,40,臺中市,南屯區,0,1,0,8,1,5,50,3,1,1,5,4,5,7,1,1,10,5,5,2,16,26,2,9,1,1,C03,7,5,1,10,2,14,,26,26,1,4,8,C03,120.624108,24.152316,2
2023,1,17,12,45,臺中市,西屯區,0,2,0,8,1,5,50,4,1,1,5,4,5,7,2,1,10,5,5,2,16,25,2,1,1,1,B03,7,5,1,8,2,2,,25,25,1,22,8,B03,120.653086,24.168841,2
2023,1,17,12,45,臺中市,太平區,0,0,0,8,,,50,,,,,,,,,,,,,,,12,,,,,B12,,,1,,2,,,12,,1,22,,B12,120.700775,24.147866,3
2023,1,17,12,46,臺中市,南屯區,0,1,0,8,1,5,50,14,9,1,5,4,5,7,4,4,5,4,5,2,12,7,2,9,3,4,C03,7,7,1,10,2,14,,7,7,1,22,8,C03,120.647413,24.146983,2
2023,1,17,12,46,臺中市,北屯區,0,1,0,8,1,5,30,3,1,1,5,4,5,7,4,4,10,5,5,2,16,6,3,10,1,1,B12,7,6,1,8,2,8,,6,6,1,21,8,B12,120.671241,24.1809,2
2023,1,17,12,47,臺中市,西屯區,0,1,0,8,1,5,50,14,9,1,5,4,5,7,4,4,5,4,5,2,16,10,3,10,1,1,B03,7,11,1,8,2,7,,10,10,1,22,8,B03,120.628969,24.205105,2
2023,1,17,12,49,臺中市,北區,0,0,0,,,,50,,,,,,,,,,,,,,,9,,,,,B03,,,1,,2,,,9,,1,22,,B03,120.685119,24.165279,3
2023,1,17,12,52,臺中市,后里區,0,1,0,8,1,5,50,4,2,1,5,4,5,7,1,1,1,3,4,1,16,9,3,10,1,1,B01,7,6,1,8,2,2,,9,9,1,4,8,B01,120.724277,24.316375,2
2023,1,17,12,56,臺中市,西屯區,0,1,0,8,1,5,50,4,1,1,5,4,5,7,1,1,10,5,5,2,16,6,3,10,3,4,C03,7,5,1,10,2,15,,6,6,1,22,8,C03,120.654582,24.156886,2
2023,1,17,12,58,臺中市,中區,0,1,0,8,1,5,50,4,1,1,5,4,5,7,1,1,10,5,5,2,16,26,3,10,3,4,B12,7,5,1,8,2,1,,26,26,1,21,8,B12,120.683065,24.13938,2
2023,1,17,12,58,臺中市,西屯區,0,2,0,8,1,5,40,14,12,1,5,4,5,7,4,4,1,5,5,2,13,23,2,9,3,4,C03,7,9,1,9,2,11,,23,23,1,22,8,C03,120.664533,24.177812,2
2023,1,17,12,58,臺中市,豐原區,0,0,0,8,,,50,,,,,,,,,,,,,,,16,,,,,C03,,,1,,1,,,16,,1,22,,C03,120.719464,24.253481,3
2023,1,17,13,0,臺中市,烏日區,0,1,0,8,1,5,60,14,7,1,5,4,5,7,2,1,1,3,1,1,17,7,3,10,1,1,B03,7,7,1,8,2,15,,7,7,1,22,9,B03,120.613577,24.106997,2
2023,1,17,13,1,臺中市,東勢區,0,2,0,8,1,5,50,14,9,1,5,4,5,7,4,4,5,5,5,1,12,19,3,10,1,4,B03,7,1,1,8,2,8,,19,19,1,21,8,B03,120.827461,24.25951,2
2023,1,17,13,5,臺中市,南區,0,0,0,,,,50,,,,,,,,,,,,,,,16,,,,,C03,,,1,,2,,,16,,1,5,,C03,120.659977,24.113875,3
2023,1,17,13,10,臺中市,清水區,0,0,0,8,,,30,,,,,,,,,,,,,,,23,,,,,C03,,,1,,2,,,23,,1,21,,C03,120.573458,24.269423,3
2023,1,17,13,11,臺中市,西區,0,0,0,8,,,50,,,,,,,,,,,,,,,9,,,,,B03,,,1,,1,,,9,,1,22,,B03,120.655172,24.144932,3
2023,1,17,13,18,臺中市,大里區,0,1,0,8,1,5,60,14,12,1,5,4,5,7,4,4,1,4,4,2,16,19,3,10,1,1,B03,7,1,1,8,2,8,,19,19,1,22,8,B03,120.689295,24.07771,2
2023,1,17,13,25,臺中市,大里區,0,1,0,8,1,5,50,4,4,1,5,4,5,7,1,1,10,5,5,2,13,23,3,10,1,1,B03,7,9,1,8,2,5,,23,23,1,6,8,B03,120.686153,24.115274,2
2023,1,17,13,25,臺中市,豐原區,0,1,0,8,1,5,50,3,2,1,5,4,5,7,1,1,5,2,4,2,17,10,3,10,1,1,C03,7,11,1,10,2,12,,10,10,1,22,8,C03,120.728266,24.244547,2
2023,1,17,13,27,臺中市,西區,0,1,0,8,1,5,50,14,9,1,5,4,5,7,4,4,5,5,5,2,17,19,3,10,1,1,B03,7,1,1,8,2,8,,19,19,1,4,8,B03,120.654457,24.150201,2
2023,1,17,13,28,臺中市,北屯區,0,0,0,8,,,50,,,,,,,,,,,,,,,23,,,,,B03,,,1,,1,,,23,,1,22,,B03,120.680031,24.182323,3
2023,1,17,13,28,臺中市,龍井區,0,0,0,8,,,30,,,,,,,,,,,,,,,6,,,,,B03,,,1,,2,,,6,,1,22,,B03,120.593802,24.187324,3
2023,1,17,13,29,臺中市,西屯區,0,0,0,8,,,1,,,,,,,,,,,,,,,26,,,,,C03,,,1,,2,,,26,,1,21,,C03,120.642516,24.17806,3
2023,1,17,13,30,臺中市,太平區,0,0,0,8,,,50,,,,,,,,,,,,,,,12,,,,,B03,,,1,,1,,,12,,1,4,,B03,120.705045,24.159562,3
2023,1,17,13,30,臺中市,外埔區,0,2,0,8,1,5,50,3,2,1,5,4,5,7,4,4,4,4,4,1,16,8,2,9,1,1,C03,7,5,1,10,2,14,,8,8,1,4,8,C03,120.638549,24.341491,2
2023,1,17,13,31,臺中市,北屯區,0,0,0,8,,,50,,,,,,,,,,,,,,,8,,,,,C03,,,1,,2,,,8,,1,22,,C03,120.689391,24.185716,3
2023,1,17,13,35,臺中市,北屯區,0,2,0,8,1,5,50,3,2,1,5,4,5,7,4,4,5,5,5,2,29,23,2,9,1,1,C03,7,6,1,10,2,11,,23,23,1,21,8,C03,120.695447,24.165237,2
2023,1,17,13,36,臺中市,烏日區,0,1,0,8,1,5,30,4,1,1,5,4,5,7,4,4,10,5,5,2,17,6,3,10,1,1,B02,7,6,1,8,2,8,,6,6,1,4,8,B02,120.640505,24.099449,2
2023,1,17,13,39,臺中市,西區,0,0,0,8,1,5,50,3,1,1,5,4,5,7,1,1,10,5,5,2,17,6,,,,,B03,,,1,,1,,,6,,1,4,,B03,120.665257,24.145546,3
2023,1,17,13,43,臺中市,南屯區,0,0,0,8,,,40,,,,,,,,,,,,,,,23,,,,,C03,,,1,10,9,,,23,23,1,12,,C03,120.613492,24.148881,3
2023,1,17,13,44,臺中市,西區,0,0,0,8,,,50,,,,,,,,,,,,,,,42,,,,,B12,,,1,,1,,,42,,1,21,,B12,120.656776,24.146716,3
2023,1,17,13,45,臺中市,中區,0,0,0,8,,,50,,,,,,,,,,,,,,,23,,,,,B03,,,1,,1,,,23,23,1,21,,B03,120.681712,24.141682,3
2023,1,17,13,51,臺中市,太平區,0,1,0,8,1,5,50,4,1,1,5,4,5,7,1,1,10,5,5,2,18,23,2,9,3,4,C03,7,9,1,10,1,14,,23,23,1,9,8,C03,120.700547,24.147973,2
2023,1,17,13,52,臺中市,北屯區,0,1,0,8,1,5,50,4,1,1,5,4,5,7,1,1,10,5,5,2,16,23,2,9,1,1,C03,7,15,1,10,2,15,,23,23,1,21,8,C03,120.719335,24.182262,2
2023,1,17,13,53,臺中市,北區,0,0,0,8,,,40,,,,,,,,,,,,,,,26,,,,,B03,,,1,,1,,,26,,1,22,,B03,120.675675,24.16834,3
2023,1,17,13,53,臺中市,大肚區,0,0,0,8,,,30,,,,,,,,,,,,,,,44,,,,,B03,,,1,,2,,,44,,1,22,,B03,120.580049,24.173214,3
2023,1,17,13,54,臺中市,南屯區,0,0,0,8,,,50,,,,,,,,,,,,,,,17,,,,,B03,,,1,8,1,,,17,17,1,12,,B03,120.622572,24.150316,3
2023,1,17,13,54,臺中市,南屯區,0,2,0,8,1,5,50,3,1,1,5,4,5,7,4,4,10,5,5,2,12,6,3,10,1,1,B03,7,6,1,8,2,2,,6,6,1,22,8,B03,120.644447,24.151028,2
2023,1,17,13,55,臺中市,南區,0,2,0,8,1,5,50,4,1,1,5,4,5,7,4,4,10,5,5,2,16,6,2,9,1,1,C03,7,9,1,10,2,12,,6,6,1,22,7,C03,120.65262,24.119904,2
2023,1,17,13,57,臺中市,北屯區,0,1,0,8,1,5,50,4,2,1,5,4,5,7,4,4,5,4,4,2,16,6,2,8,1,1,C03,7,9,1,10,2,12,,6,6,1,22,8,C03,120.701175,24.18522,2
2023,1,17,13,58,臺中市,豐原區,0,0,0,8,,,30,,,,,,,,,,,,,,,12,,,,,A12,,,1,,2,,,12,,1,22,,A12,120.725371,24.239551,3
2023,1,17,13,59,臺中市,西屯區,0,1,0,8,1,5,50,4,1,1,5,4,5,7,1,1,10,5,5,2,12,9,3,10,1,4,B03,7,6,1,8,2,2,,9,9,1,22,8,B03,120.644681,24.184426,2
2023,1,17,14,0,臺中市,大雅區,0,0,0,8,,,50,,,,,,,,,,,,,,,6,,,,,C03,,,1,,2,,,6,6,1,21,,C03,120.653545,24.221255,3
2023,1,17,14,1,臺中市,新社區,0,1,0,8,1,5,30,14,9,1,5,4,5,7,4,4,10,5,5,1,12,19,3,10,1,4,B12,7,1,1,8,2,8,,19,19,1,21,8,B12,120.800658,24.226619,2
2023,1,17,14,2,臺中市,北區,0,0,0,8,,,50,,,,,,,,,,,,,,,7,,,,,B03,,,1,,2,,,7,,1,22,,B03,120.684959,24.159118,3
2023,1,17,14,3,臺中市,大雅區,0,0,0,8,,,50,,,,,,,,,,,,,,,7,,,,,A12,,,1,,2,,,7,,1,22,,A12,120.649502,24.215362,3
2023,1,17,14,4,臺中市,南屯區,0,1,0,8,1,5,50,4,1,1,5,4,5,7,1,1,10,5,5,2,16,6,3,10,1,1,B03,7,5,1,8,2,6,,6,6,1,5,8,B03,120.65124,24.150955,2
2023,1,17,14,7,臺中市,豐原區,0,1,0,8,1,5,50,4,1,1,5,4,5,7,3,1,10,5,5,2,17,6,3,10,3,4,B01,7,5,1,4,2,1,,6,6,1,22,8,B01,120.703788,24.240116,2
2023,1,17,14,9,臺中市,太平區,0,0,0,8,,,80,,,,,,,,,,,,,,,7,,,,,B03,,,1,,2,,,7,,1,22,,B03,120.716865,24.154214,3
2023,1,17,14,11,臺中市,潭子區,0,0,0,8,,,40,,,,,,,,,,,,,,,25,,,,,B03,,,1,,2,,,25,,1,22,,B03,120.717513,24.214267,3
2023,1,17,14,12,臺中市,梧棲區,0,1,0,8,1,5,70,4,2,1,5,4,5,7,1,1,10,5,5,2,16,9,3,10,1,1,B12,7,6,3,18,2,6,,9,9,1,11,8,B12,120.514192,24.23021,2
2023,1,17,14,15,臺中市,龍井區,0,0,0,,,,30,,,,,,,,,,,,,,,23,,,,,B03,,,1,,2,,,23,,1,4,,B03,120.592293,24.187661,3
2023,1,17,14,16,臺中市,大里區,0,1,0,8,1,5,50,14,9,1,5,4,5,7,4,4,1,3,1,1,16,7,2,9,1,1,C03,7,7,2,18,2,14,,7,7,1,18,8,C03,120.692642,24.090898,2
2023,1,17,14,20,臺中市,西區,0,1,0,8,1,5,50,4,1,1,5,4,5,7,4,4,10,5,5,2,15,6,3,10,3,4,C03,7,9,1,10,2,12,,6,6,1,21,8,C03,120.668192,24.149007,2
2023,1,17,14,20,臺中市,西區,0,0,0,8,1,5,50,14,9,1,5,4,5,7,4,4,5,2,5,2,12,23,,,,,B12,,,1,,1,,,38,23,1,10,,B12,120.662077,24.14916,3
2023,1,17,14,20,臺中市,北區,0,0,0,8,,,50,,,,,,,,,,,,,,,17,,,,,C03,,,1,,1,,,17,,1,5,,C03,120.684098,24.162854,3
2023,1,17,14,20,臺中市,東勢區,0,0,0,8,,,50,,,,,,,,,,,,,,,1,,,,,B03,,,1,,1,,,1,,1,7,,B03,120.867016,24.167189,3
2023,1,17,14,24,臺中市,大雅區,0,0,0,8,,,50,,,,,,,,,,,,,,,23,,,,,B03,,,1,,2,,,23,,1,21,,B03,120.649941,24.214219,3
2023,1,17,14,25,臺中市,南屯區,0,0,0,8,,,50,,,,,,,,,,,,,,,26,,,,,B03,,,1,8,1,,,26,26,1,23,,B03,120.647919,24.148994,3
2023,1,17,14,26,臺中市,烏日區,0,0,0,8,,,50,,,,,,,,,,,,,,,7,,,,,A12,,,1,,2,,,7,,1,21,,A12,120.62903,24.100994,3
2023,1,17,14,30,臺中市,西屯區,0,2,0,8,1,5,50,14,9,1,5,4,5,7,4,4,5,4,5,2,16,26,2,8,1,1,C03,7,5,1,10,2,11,,26,26,1,22,8,C03,120.65536,24.200466,2
2023,1,17,14,32,臺中市,北屯區,0,0,0,8,,,50,,,,,,,,,,,,,,,23,,,,,B02,,,1,,2,,,23,23,1,22,,B02,120.687523,24.189333,3
2023,1,17,14,32,臺中市,沙鹿區,0,2,0,8,1,5,50,3,1,1,5,4,5,7,4,4,10,5,5,2,17,6,2,8,1,1,C03,7,5,1,10,2,12,,6,6,1,5,9,C03,120.56555,24.23713,2