年,月,日,時,分,縣市,區,死,受傷,2-30,天候,光線,道路類別,速限,道路型態,事故位置,路面鋪裝,路面狀態,路面缺陷,障礙物,視距,號誌種類,號誌動作,分向設施,快車道或一般車道間,快慢車道間,路面邊線,事故類型及型態,主要肇因,受傷程度,主要傷處,保護裝備,行動電話,當事者區分,車輛用途,當事者行動狀態,駕駛資格情形,駕駛執照種類,飲酒情形,車輛撞擊部位最初,車輛撞擊部位其他,肇事因素個別,肇事因素主要,肇事逃逸,職業,旅次目的,車種,GPS緯度,GPS經度,事故類別
2023,1,17,14,35,臺中市,沙鹿區,0,1,0,8,1,5,50,3,9,1,5,4,5,7,1,1,4,3,4,1,11,23,3,10,1,1,B03,7,5,1,8,2,4,,23,23,1,22,8,B03,120.566781,24.23694,2
2023,1,17,14,39,臺中市,西區,0,3,0,8,1,5,50,3,1,1,5,4,5,7,4,4,10,5,5,2,16,6,2,9,1,1,C03,7,5,1,10,2,12,,6,6,1,22,8,C03,120.663097,24.132668,2
2023,1,17,14,41,臺中市,西區,0,0,0,8,,,60,,,,,,,,,,,,,,,26,,,,,B03,,,1,,1,,,26,,1,4,,B03,120.664208,24.154416,3
2023,1,17,14,43,臺中市,西屯區,0,1,0,8,1,5,50,4,1,1,5,4,5,7,1,1,1,4,1,2,13,23,2,9,1,1,C03,7,6,1,10,2,11,,23,16,1,22,8,C03,120.632545,24.170095,2
2023,1,17,14,44,臺中市,南屯區,0,2,0,8,1,5,50,4,1,1,5,4,5,7,1,1,10,5,5,2,17,6,3,10,1,1,B03,7,6,1,8,2,15,,6,6,1,22,8,B03,120.634413,24.136363,2
2023,1,17,14,45,臺中市,太平區,0,1,0,8,1,5,50,4,1,1,5,4,5,7,2,1,10,5,5,2,15,25,3,10,1,1,B01,7,9,1,4,2,5,,25,25,1,22,8,B01,120.717915,24.1288,2
2023,1,17,14,47,臺中市,烏日區,0,0,0,8,,,40,,,,,,,,,,,,,,,23,,,,,B12,,,1,,2,,,23,,1,6,,B12,120.616521,24.107356,3
2023,1,17,14,49,臺中市,南屯區,0,2,0,8,1,5,50,14,9,1,5,4,5,7,4,4,7,5,5,2,13,23,2,9,1,1,C03,7,9,1,10,2,11,,23,23,1,22,8,C03,120.643341,24.138182,2
2023,1,17,14,53,臺中市,豐原區,0,0,0,8,,,30,,,,,,,,,,,,,,,12,,,,,B12,,,1,,2,,,12,,1,21,,B12,120.730735,24.23776,3
2023,1,17,14,55,臺中市,大里區,0,1,0,8,1,5,50,4,1,1,5,4,5,7,1,1,10,5,5,2,16,25,3,10,1,1,B01,7,9,1,4,2,6,,25,25,1,10,8,B01,120.685454,24.102988,2
2023,1,17,14,56,臺中市,北屯區,0,1,0,8,1,5,50,14,9,1,5,4,5,7,4,4,9,5,5,2,12,19,2,9,1,1,C03,7,1,1,10,2,14,,19,19,1,21,8,C03,120.695616,24.161134,2
2023,1,17,15,0,臺中市,西區,0,0,0,8,,,50,,,,,,,,,,,,,,,12,,,,,B03,,,1,,1,,,12,,1,4,,B03,120.665279,24.144329,3
2023,1,17,15,0,臺中市,烏日區,0,0,0,,,,30,,,,,,,,,,,,,,,35,,,,,A12,,,1,,1,,,35,,1,22,,A12,120.59123,24.114927,3
2023,1,17,15,4,臺中市,烏日區,0,0,0,8,,,50,,,,,,,,,,,,,,,18,,,,,B12,,,1,,2,,,18,,1,21,,B12,120.649628,24.107808,3
2023,1,17,15,5,臺中市,大里區,0,2,0,8,1,5,50,14,20,1,5,4,5,7,4,4,1,5,5,1,14,12,3,10,1,1,B03,7,2,1,5,2,3,,12,12,1,20,8,B03,120.682175,24.102088,2
2023,1,17,15,10,臺中市,西區,0,0,0,8,1,5,50,14,9,1,5,4,5,7,4,4,5,2,5,2,13,23,,,,,C03,,,1,,1,,,23,,1,5,,C03,120.655818,24.136637,3
2023,1,17,15,10,臺中市,西屯區,0,0,0,8,,,50,,,,,,,,,,,,,,,42,,,,,B12,,,1,,1,,,42,,1,21,,B12,120.641511,24.167216,3
2023,1,17,15,13,臺中市,大里區,0,1,0,8,1,5,40,4,1,1,5,4,5,7,1,1,1,4,5,1,17,6,3,10,3,4,B03,7,6,1,8,2,5,,6,6,1,12,8,B03,120.695305,24.096976,2
2023,1,17,15,16,臺中市,南屯區,0,1,0,8,1,5,50,4,1,1,5,4,5,7,1,1,10,5,5,2,16,6,3,10,1,1,B03,7,5,6,8,2,8,,6,6,1,5,8,B03,120.611053,24.145905,2
2023,1,17,15,16,臺中市,北屯區,0,0,0,8,,,80,,,,,,,,,,,,,,,23,,,,,B03,,,1,,1,,,23,,1,21,,B03,120.720946,24.168912,3
2023,1,17,15,16,臺中市,西屯區,0,0,0,8,,,50,,,,,,,,,,,,,,,42,,,,,B03,,,1,,1,,,42,,1,22,,B03,120.624552,24.173346,3
2023,1,17,15,24,臺中市,西屯區,0,1,0,8,1,5,50,14,7,1,5,4,5,7,4,4,1,4,4,1,16,23,2,9,1,4,C02,7,9,4,9,2,13,,23,23,1,4,8,C02,120.651089,24.208485,2
2023,1,17,15,25,臺中市,北屯區,0,0,0,8,,,50,,,,,,,,,,,,,,,7,,,,,B03,,,1,,2,,,7,,1,21,,B03,120.668285,24.200223,3
2023,1,17,15,30,臺中市,大雅區,0,0,0,8,,,30,,,,,,,,,,,,,,,23,,,,,B03,,,1,,2,,,23,23,1,21,,B03,120.659322,24.231583,3
2023,1,17,15,30,臺中市,東區,0,1,0,8,1,5,50,3,1,1,5,4,5,7,4,4,10,5,5,2,16,23,2,9,1,1,C03,7,9,1,10,2,11,,23,23,1,21,8,C03,120.705668,24.130251,2
2023,1,17,15,31,臺中市,潭子區,0,0,0,8,,,30,,,,,,,,,,,,,,,12,,,,,B02,,,1,,2,,,12,,1,22,,B02,120.725695,24.199894,3
2023,1,17,15,32,臺中市,大里區,0,0,0,8,,,40,,,,,,,,,,,,,,,23,,,,,B03,,,1,,2,,,23,,1,3,,B03,120.691783,24.074106,3
2023,1,17,15,35,臺中市,西屯區,0,0,0,8,,,50,,,,,,,,,,,,,,,16,,,,,C03,,,1,,2,,,16,,1,22,,C03,120.656645,24.16097,3
2023,1,17,15,37,臺中市,烏日區,0,1,0,8,1,5,30,4,1,1,5,4,5,7,4,4,10,5,5,2,15,6,3,10,1,1,B12,7,9,1,8,2,1,,6,6,1,7,8,B12,120.634998,24.074633,2
2023,1,17,15,38,臺中市,北區,0,0,0,8,,,50,,,,,,,,,,,,,,,23,,,,,B03,,,1,,2,,,23,,1,22,,B03,120.677171,24.14962,3
2023,1,17,15,41,臺中市,西屯區,0,1,0,8,1,5,50,4,1,1,5,4,5,7,2,1,10,5,5,2,17,6,3,10,1,1,C03,7,5,1,10,2,11,,6,6,1,22,8,C03,120.655966,24.16557,2
2023,1,17,15,43,臺中市,烏日區,0,0,0,8,,,50,,,,,,,,,,,,,,,18,,,,,B03,,,1,,2,,,18,,1,21,,B03,120.623218,24.106367,3
2023,1,17,15,45,臺中市,西屯區,0,1,0,8,1,5,30,14,9,1,5,4,5,7,4,4,10,5,5,2,12,19,3,10,1,1,B03,7,1,1,8,2,5,,19,19,1,22,7,B03,120.642061,24.174619,2
2023,1,17,15,46,臺中市,烏日區,0,0,0,8,,,50,,,,,,,,,,,,,,,23,,,,,A12,,,1,,2,,,23,,1,10,,A12,120.650575,24.106733,3
2023,1,17,15,48,臺中市,大里區,0,0,0,8,,,50,,,,,,,,,,,,,,,35,,,,,A11,,,1,,9,,,35,,1,22,,A11,120.689484,24.106746,3
2023,1,17,15,52,臺中市,西屯區,0,0,0,8,,,40,,,,,,,,,,,,,,,42,,,,,B03,,,1,,1,,,42,,1,22,,B03,120.609204,24.192938,3
2023,1,17,15,54,臺中市,北區,0,1,0,8,1,5,50,4,1,1,5,4,5,7,4,4,10,5,5,2,16,6,3,10,1,1,B12,7,6,1,8,2,8,,6,6,1,22,9,B12,120.680996,24.153491,2
2023,1,17,15,55,臺中市,大里區,0,0,0,8,1,5,50,3,2,1,5,4,5,7,4,4,1,4,4,1,16,10,,,,,C03,,,1,,2,,,10,10,1,5,,C03,120.697237,24.083639,3
2023,1,17,15,58,臺中市,西屯區,0,1,0,8,1,5,50,14,9,1,5,4,5,7,4,4,10,4,5,2,18,42,2,9,1,1,C03,7,9,1,10,2,14,,42,42,1,22,8,C03,120.646496,24.158062,2
2023,1,17,15,58,臺中市,大里區,0,0,0,8,,,40,,,,,,,,,,,,,,,16,,,,,C03,,,1,,1,,,16,,1,5,,C03,120.685683,24.102868,3
2023,1,17,16,0,臺中市,潭子區,0,1,0,8,1,5,30,3,1,1,5,4,5,7,4,4,8,3,5,1,17,6,3,10,1,1,B03,7,5,1,8,2,8,,6,6,1,22,8,B03,120.697885,24.197012,2
2023,1,17,16,0,臺中市,北區,0,1,0,8,1,5,50,4,2,1,5,4,5,7,1,1,5,4,5,2,13,23,2,9,1,1,C03,7,9,1,10,2,11,,23,23,1,21,8,C03,120.667555,24.166819,2
2023,1,17,16,2,臺中市,大雅區,0,1,0,7,1,5,50,14,7,1,5,4,5,7,4,4,1,4,4,1,13,23,2,7,1,1,C03,7,9,1,10,2,11,,23,23,1,22,9,C03,120.637173,24.234375,2
2023,1,17,16,5,臺中市,北屯區,0,0,0,8,,,50,,,,,,,,,,,,,,,23,,,,,B03,,,1,,1,,,23,,1,21,,B03,120.719845,24.162853,3
2023,1,17,16,5,臺中市,霧峰區,0,2,0,8,1,5,50,3,1,1,5,4,5,7,1,1,5,5,5,1,17,6,3,10,3,4,C03,7,5,1,10,2,11,,6,6,1,18,8,C03,120.71858,24.079151,2
2023,1,17,16,5,臺中市,沙鹿區,0,2,0,8,1,5,50,4,1,1,5,4,5,7,4,4,10,5,5,2,15,6,2,9,1,1,C03,7,9,1,10,2,11,,6,6,1,19,9,C03,120.567534,24.255005,2
2023,1,17,16,7,臺中市,北屯區,0,2,0,8,1,5,50,4,1,1,5,4,5,7,1,1,10,5,5,2,17,42,3,10,1,1,B03,7,15,1,8,2,6,,42,42,1,22,8,B03,120.677206,24.183851,2
2023,1,17,16,8,臺中市,西屯區,0,0,0,8,,,50,,,,,,,,,,,,,,,42,,,,,B03,,,1,,1,,,42,,1,22,,B03,120.628867,24.162746,3
2023,1,17,16,9,臺中市,大里區,0,0,0,8,,,50,,,,,,,,,,,,,,,23,,,,,B03,,,1,,1,,,23,,1,5,,B03,120.700231,24.102558,3
2023,1,17,16,10,臺中市,大里區,0,0,0,8,1,5,50,14,9,1,5,4,5,7,4,4,9,5,4,1,16,23,3,10,3,4,B03,7,9,1,8,5,1,,23,23,1,3,8,B03,120.714676,24.094342,3
2023,1,17,16,13,臺中市,北屯區,0,1,0,8,1,5,40,4,1,1,5,4,5,7,2,1,10,5,5,2,16,8,2,8,1,1,C03,7,5,1,10,2,13,,8,8,1,21,8,C03,120.70462,24.169776,2
2023,1,17,16,13,臺中市,西屯區,0,0,0,8,,,50,,,,,,,,,,,,,,,23,,,,,B03,,,1,,1,,,23,,1,4,,B03,120.632171,24.162039,3
2023,1,17,16,14,臺中市,大里區,0,0,0,8,,,30,,,,,,,,,,,,,,,12,,,,,A12,,,1,,2,,,12,,1,5,,A12,120.684376,24.094133,3
2023,1,17,16,15,臺中市,北區,0,0,0,8,1,5,50,4,2,1,5,4,5,7,1,1,6,1,5,2,13,23,,,,,B03,,,1,,1,,,23,,1,22,,B03,120.672431,24.146751,3
2023,1,17,16,15,臺中市,北區,0,0,0,8,,,50,,,,,,,,,,,,,,,23,,,,,B03,,,1,,1,,,23,,1,21,,B03,120.671494,24.169415,3
2023,1,17,16,16,臺中市,北區,0,0,0,8,,,50,,,,,,,,,,,,,,,23,,,,,B03,,,1,,2,,,23,,1,22,,B03,120.668167,24.173221,3
2023,1,17,16,17,臺中市,太平區,0,0,0,8,,,50,,,,,,,,,,,,,,,23,,,,,B03,,,1,,2,,,23,,1,22,,B03,120.717568,24.129702,3
2023,1,17,16,20,臺中市,西屯區,0,0,0,8,,,50,,,,,,,,,,,,,,,19,,,,,B03,,,1,,1,,,19,19,1,22,,B03,120.637994,24.180725,3
2023,1,17,16,21,臺中市,神岡區,0,2,0,8,1,5,50,15,9,1,5,4,5,7,4,4,5,5,5,1,17,7,3,10,1,1,B03,7,8,1,8,2,2,,7,7,1,22,8,B03,120.679264,24.265825,2
2023,1,17,16,23,臺中市,烏日區,0,0,0,8,,,60,,,,,,,,,,,,,,,16,,,,,B03,,,1,,2,,,16,,1,22,,B03,120.614608,24.117652,3
2023,1,17,16,23,臺中市,石岡區,0,1,0,8,2,5,50,11,9,1,5,4,5,7,4,4,5,5,5,1,17,42,2,9,1,1,C03,7,6,1,10,2,12,,42,42,1,22,8,C03,120.814918,24.258393,2
2023,1,17,16,26,臺中市,西屯區,0,0,0,8,,,80,,,,,,,,,,,,,,,23,,,,,B03,,,1,,1,,,23,,1,22,,B03,120.662658,24.200758,3
2023,1,17,16,27,臺中市,北區,0,0,0,8,,,50,,,,,,,,,,,,,,,16,,,,,C03,,,1,,2,,,16,,1,22,,C03,120.685079,24.151991,3
2023,1,17,16,30,臺中市,北區,0,1,0,8,1,5,50,14,9,1,5,4,5,7,4,4,3,4,4,2,17,40,3,10,1,1,B03,7,13,1,8,2,4,,40,40,1,21,8,B03,120.684368,24.153997,2
2023,1,17,16,35,臺中市,北屯區,0,1,0,8,1,5,50,3,1,1,5,4,5,7,1,1,3,4,5,2,13,23,3,10,1,1,C03,7,9,1,10,2,12,,23,23,1,21,8,C03,120.69541,24.166625,2
2023,1,17,16,36,臺中市,北區,0,1,0,8,1,5,50,14,9,1,5,4,5,7,4,4,5,2,5,2,13,23,2,9,1,1,C03,7,10,1,10,2,11,,23,23,1,21,8,C03,120.686062,24.146762,2
2023,1,17,16,38,臺中市,北屯區,0,2,0,8,1,5,50,5,1,1,5,4,5,7,1,1,10,5,5,2,16,8,2,9,1,1,C03,7,5,1,10,2,11,,8,8,1,20,8,C03,120.695098,24.185371,2
2023,1,17,16,38,臺中市,西屯區,0,1,0,8,1,5,50,4,1,1,5,4,5,7,1,1,10,5,5,2,17,8,3,10,1,1,B03,7,5,1,8,2,2,,8,8,1,21,8,B03,120.623698,24.176833,2
2023,1,17,16,40,臺中市,東區,0,0,0,8,,,50,,,,,,,,,,,,,,,23,,,,,B03,,,3,,2,,,23,,1,22,,B03,120.705467,24.141706,3
2023,1,17,16,40,臺中市,南屯區,0,0,0,8,,,50,,,,,,,,,,,,,,,12,,,,,B12,,,1,,1,,,12,,1,22,,B12,120.650148,24.131057,3
2023,1,17,16,40,臺中市,沙鹿區,0,1,0,8,1,5,60,4,1,1,5,4,5,7,2,1,10,5,5,2,3,15,3,10,1,1,B03,7,5,1,8,1,8,,15,15,1,20,5,B03,120.574295,24.229982,2
2023,1,17,16,41,臺中市,太平區,0,1,0,8,1,5,30,11,9,1,5,4,5,7,4,4,5,5,5,1,18,43,2,9,1,1,C03,7,9,1,10,2,14,,43,43,1,18,8,C03,120.808065,24.095749,2
2023,1,17,16,43,臺中市,南區,0,2,0,8,1,5,50,4,1,1,5,4,5,7,1,1,10,5,5,2,17,8,2,8,1,1,C03,7,5,1,10,2,11,,8,8,1,22,8,C03,120.666731,24.114148,2
2023,1,17,16,43,臺中市,北屯區,0,1,0,8,1,5,50,4,1,1,5,4,5,7,2,1,10,5,5,2,16,6,2,9,1,1,C03,7,9,1,10,2,14,,13,6,1,21,8,C03,120.685336,24.17575,2
2023,1,17,16,43,臺中市,大里區,0,0,0,8,,,50,,,,,,,,,,,,,,,16,,,,,B03,,,1,,2,,,16,,1,5,,B03,120.694939,24.101751,3
2023,1,17,16,44,臺中市,南屯區,0,0,0,,,,50,,,,,,,,,,,,,,,18,,,,,B03,,,1,,1,,,18,,1,22,,B03,120.63528,24.152002,3
2023,1,17,16,45,臺中市,大雅區,0,1,0,8,1,5,50,5,1,1,5,4,5,7,4,4,10,5,5,2,17,19,3,10,1,1,C03,7,1,1,10,2,11,,19,19,1,22,8,C03,120.64775,24.223908,2
2023,1,17,16,45,臺中市,南區,0,0,0,8,,,50,,,,,,,,,,,,,,,7,,,,,B12,,,1,,2,,,7,,1,5,,B12,120.660685,24.1329,3
2023,1,17,16,45,臺中市,梧棲區,0,0,0,,,,70,,,,,,,,,,,,,,,26,,,,,B03,,,1,,1,,,26,,1,4,,B03,120.524667,24.223387,3
2023,1,17,16,46,臺中市,西屯區,0,2,0,8,1,5,50,14,9,1,5,4,5,7,4,4,1,4,5,2,17,6,2,9,3,4,C03,7,6,1,10,1,11,,6,6,1,22,9,C03,120.643678,24.171561,2
2023,1,17,16,50,臺中市,東區,0,0,0,8,1,5,50,14,8,1,5,4,5,7,4,4,5,4,4,2,17,23,3,10,1,1,A06,7,8,1,2,2,6,,23,23,1,10,8,A06,120.68452,24.127019,3
2023,1,17,16,53,臺中市,神岡區,0,0,0,8,,,1,,,,,,,,,,,,,,,12,,,,,B03,,,1,,2,,,12,12,1,22,,B03,120.661216,24.257576,3
2023,1,17,16,54,臺中市,大雅區,0,0,0,8,,,30,,,,,,,,,,,,,,,6,,,,,B03,,,1,,2,,,6,,1,21,,B03,120.640555,24.205236,3
2023,1,17,16,54,臺中市,西屯區,0,1,0,8,1,5,40,3,1,1,5,4,5,7,4,4,1,5,1,1,17,6,3,10,1,4,B03,7,6,1,8,2,3,,6,6,1,4,8,B03,120.608096,24.183723,2
2023,1,17,16,56,臺中市,西區,0,0,0,8,,,50,,,,,,,,,,,,,,,18,,,,,B03,,,1,,1,,,18,18,1,21,,B03,120.679957,24.13781,3
2023,1,17,17,0,臺中市,清水區,0,0,0,8,,,30,,,,,,,,,,,,,,,12,,,,,B03,,,1,,2,,,12,,1,21,,B03,120.578532,24.273838,3
2023,1,17,17,1,臺中市,豐原區,0,1,0,8,1,5,50,14,7,1,5,4,5,7,4,4,1,4,4,1,13,23,2,9,1,1,C03,7,9,3,18,2,11,,23,23,1,22,8,C03,120.740233,24.263,2
2023,1,17,17,3,臺中市,南屯區,0,0,0,8,,,50,,,,,,,,,,,,,,,12,,,,,B03,,,6,,1,,,12,,1,22,,B03,120.643867,24.136569,3
2023,1,17,17,5,臺中市,太平區,0,1,0,8,1,5,50,4,1,1,5,4,5,7,2,1,10,5,5,2,16,26,2,9,1,1,C03,7,11,1,10,2,14,,26,26,1,19,8,C03,120.711614,24.153613,2
2023,1,17,17,10,臺中市,南區,0,1,0,8,1,5,50,14,9,1,5,4,5,7,4,4,5,4,4,2,12,17,3,10,1,1,A02,7,9,1,1,2,2,,17,17,1,21,8,A02,120.6843,24.131706,2
2023,1,17,17,10,臺中市,西屯區,0,0,0,8,,,50,,,,,,,,,,,,,,,16,,,,,B03,,,1,,1,,,16,,1,22,,B03,120.655364,24.169219,3
2023,1,17,17,11,臺中市,烏日區,0,0,0,8,,,30,,,,,,,,,,,,,,,12,,,,,A11,,,1,,2,,,12,12,1,21,,A11,120.640966,24.078753,3
2023,1,17,17,13,臺中市,潭子區,0,1,0,8,1,5,50,4,1,1,5,4,5,7,4,4,9,4,4,2,11,6,3,10,1,1,B03,7,5,1,8,2,2,,6,6,1,22,8,B03,120.709059,24.229845,2
2023,1,17,17,14,臺中市,北屯區,0,0,0,8,,,50,,,,,,,,,,,,,,,7,,,,,B03,,,6,,1,,,7,7,1,21,,B03,120.690391,24.162875,3
2023,1,17,17,15,臺中市,北區,0,0,0,8,1,5,50,14,9,1,5,4,5,7,4,4,8,3,5,2,13,23,,,,,B03,,,1,,1,,,23,,1,22,,B03,120.662635,24.162747,3
2023,1,17,17,15,臺中市,豐原區,0,1,0,7,1,5,30,13,9,1,5,4,5,7,4,4,10,5,5,2,16,19,3,10,1,1,B03,7,1,1,8,2,1,,19,19,1,22,8,B03,120.735937,24.271558,2
2023,1,17,17,16,臺中市,北屯區,0,1,0,8,2,5,40,4,2,1,5,4,5,7,4,4,10,5,5,2,16,42,3,10,1,1,B03,7,6,1,8,2,2,,42,42,1,22,8,B03,120.690853,24.171746,2
2023,1,17,17,17,臺中市,西區,0,0,0,8,,,50,,,,,,,,,,,,,,,23,,,,,B03,,,1,,9,,,23,,1,21,,B03,120.671718,24.14583,3
2023,1,17,17,17,臺中市,南屯區,0,0,0,8,,,50,,,,,,,,,,,,,,,1,,,,,B03,,,1,8,2,,,1,1,1,12,,B03,120.64382,24.13857,3
2023,1,17,17,17,臺中市,霧峰區,0,1,0,8,1,5,40,14,8,1,5,4,5,7,4,4,1,5,5,1,13,23,2,7,1,1,C03,7,9,1,10,2,12,,23,23,1,9,8,C03,120.662013,24.068107,2
2023,1,17,17,19,臺中市,東區,0,1,0,8,1,5,30,3,1,1,5,4,5,7,3,1,10,5,5,2,17,23,3,10,1,1,B03,7,6,1,8,2,5,,23,23,1,21,8,B03,120.687223,24.140096,2
2023,1,17,17,19,臺中市,太平區,0,1,0,8,1,5,40,14,9,1,5,4,5,7,4,4,5,5,5,2,29,42,2,9,1,1,C03,7,9,1,10,1,11,,42,42,1,21,8,C03,120.705214,24.125874,2
2023,1,17,17,21,臺中市,太平區,0,1,0,8,3,5,50,3,1,1,5,4,5,7,4,4,10,5,5,2,16,6,3,10,1,1,B03,7,5,1,8,2,8,,6,6,1,9,8,B03,120.720046,24.123987,2
2023,1,17,17,24,臺中市,北區,0,2,0,8,2,5,40,14,8,1,5,4,5,7,4,4,9,5,4,2,16,19,2,9,1,1,C03,7,1,6,18,2,11,,19,19,1,22,8,C03,120.677168,24.159159,2
2023,1,17,17,25,臺中市,大雅區,0,0,0,8,,,50,,,,,,,,,,,,,,,23,,,,,F02,,,8,,2,,,23,,1,22,,F02,120.64568,24.224644,3
2023,1,17,17,25,臺中市,龍井區,0,1,0,8,3,5,30,4,2,1,5,4,5,7,4,4,10,5,5,1,11,42,3,10,1,1,C03,7,9,1,10,2,14,,42,42,1,12,8,C03,120.541183,24.20298,2
2023,1,17,17,26,臺中市,豐原區,0,2,0,8,1,5,50,4,1,1,5,4,5,7,1,1,10,5,5,2,16,6,3,10,1,1,B03,7,5,1,8,2,5,,6,6,1,22,8,B03,120.747628,24.266455,2
2023,1,17,17,27,臺中市,烏日區,0,0,0,8,,,50,,,,,,,,,,,,,,,26,,,,,B12,,,1,,2,,,26,,1,9,,B12,120.649675,24.10396,3
2023,1,17,17,30,臺中市,北區,0,0,0,8,,,50,,,,,,,,,,,,,,,17,,,,,C03,,,1,,2,,,17,,1,21,,C03,120.671456,24.17374,3
2023,1,17,17,34,臺中市,北區,0,1,0,8,1,5,50,5,1,1,5,4,5,7,1,1,10,5,5,2,3,51,2,9,1,1,H01,8,16,8,20,10,16,,51,51,1,22,9,H01,120.682416,24.145861,2
2023,1,17,17,35,臺中市,大安區,0,0,0,6,,,60,,,,,,,,,,,,,,,23,,,,,C03,,,1,,2,,,23,,1,22,,C03,120.591792,24.377329,3
2023,1,17,17,36,臺中市,清水區,0,0,0,8,,,80,,,,,,,,,,,,,,,16,,,,,B03,,,1,,1,,,16,,1,21,,B03,120.546888,24.274833,3
2023,1,17,17,38,臺中市,大甲區,0,0,0,,,,-,,,,,,,,,,,,,,,23,,,,,B03,,,1,,1,,,23,,1,22,,B03,120.651064,24.3876,3
2023,1,17,17,39,臺中市,豐原區,0,0,0,8,3,5,50,14,7,1,5,4,5,7,2,1,1,4,4,1,13,23,3,10,1,1,B03,7,1,1,8,2,1,,23,23,1,22,1,B03,120.715952,24.244246,3
2023,1,17,17,40,臺中市,西屯區,0,0,0,8,,,50,,,,,,,,,,,,,,,40,,,,,B03,,,3,,1,,,40,,1,22,,B03,120.637608,24.170485,3
2023,1,17,17,41,臺中市,南屯區,0,1,0,8,3,5,50,4,1,1,5,4,5,7,2,1,10,5,5,2,16,6,3,10,1,1,B03,7,6,1,8,2,2,,6,6,1,22,8,B03,120.626061,24.148516,2
2023,1,17,17,43,臺中市,大里區,0,0,0,8,,,50,,,,,,,,,,,,,,,16,,,,,B03,,,1,,2,,,16,,1,5,,B03,120.701418,24.12297,3
2023,1,17,17,44,臺中市,神岡區,0,1,0,8,3,5,50,15,9,1,5,4,5,7,1,1,1,4,5,2,17,6,3,10,1,1,B03,7,6,1,8,2,5,,6,6,1,22,8,B03,120.694743,24.233091,2
2023,1,17,17,44,臺中市,神岡區,0,0,0,8,,,60,,,,,,,,,,,,,,,12,,,,,B03,,,1,,1,,,12,,1,22,,B03,120.675547,24.241635,3
2023,1,17,17,47,臺中市,北屯區,0,0,0,8,,,50,,,,,,,,,,,,,,,23,,,,,C03,,,1,,1,,,23,,1,21,,C03,120.66558,24.183078,3
2023,1,17,17,47,臺中市,大里區,0,0,0,8,,,50,,,,,,,,,,,,,,,23,,,,,C03,,,1,,2,,,44,23,1,22,,C03,120.691023,24.092174,3
2023,1,17,17,47,臺中市,神岡區,0,1,0,8,3,5,50,14,9,1,5,4,5,7,4,4,5,5,5,1,16,26,3,10,1,4,C03,7,5,3,18,2,11,,26,26,1,22,9,C03,120.657283,24.278247,2
2023,1,17,17,48,臺中市,南屯區,0,0,0,8,,,50,,,,,,,,,,,,,,,7,,,,,B03,,,1,,2,,,7,,1,20,,B03,120.617348,24.153706,3
2023,1,17,17,49,臺中市,北屯區,0,1,0,8,3,5,50,4,4,1,5,4,5,7,1,1,5,4,4,2,13,26,3,10,1,1,B03,7,9,6,18,2,5,,26,26,1,20,8,B03,120.688179,24.175632,2
2023,1,17,17,49,臺中市,霧峰區,0,2,0,8,3,5,40,4,1,1,5,4,5,7,1,1,10,5,5,2,16,8,3,10,1,1,B03,7,5,1,8,2,8,,8,8,1,19,8,B03,120.671004,24.042865,2
2023,1,17,17,50,臺中市,豐原區,0,0,0,8,,,50,,,,,,,,,,,,,,,7,,,,,B03,,,1,,1,,,7,7,1,22,,B03,120.702843,24.249423,3
2023,1,17,17,53,臺中市,西區,0,0,0,8,,,50,,,,,,,,,,,,,,,6,,,,,B01,,,1,,1,,,6,,1,22,,B01,120.660184,24.155275,3
2023,1,17,17,53,臺中市,大里區,0,0,0,8,,,50,,,,,,,,,,,,,,,23,,,,,C03,,,1,,2,,,23,,1,22,,C03,120.684734,24.110452,3
2023,1,17,17,54,臺中市,大雅區,0,2,0,8,3,5,30,4,1,1,5,4,5,7,4,4,10,5,5,2,15,6,2,9,1,1,C03,7,9,1,10,2,11,,6,6,1,22,9,C03,120.644962,24.227677,2
2023,1,17,17,55,臺中市,南屯區,0,0,0,8,3,5,50,14,7,1,5,4,5,7,4,4,1,4,4,2,13,16,3,10,3,4,B03,7,9,1,8,1,8,,16,16,1,12,8,B03,120.646771,24.125381,3
2023,1,17,17,55,臺中市,太平區,0,1,0,8,3,5,50,14,9,1,5,4,5,7,4,4,9,4,5,1,16,23,2,9,1,1,C03,7,9,1,10,2,12,,23,23,1,4,8,C03,120.723072,24.118497,2
2023,1,17,17,58,臺中市,大雅區,0,1,0,8,3,5,50,14,7,1,5,4,5,7,4,4,1,4,4,1,12,7,2,7,1,1,C03,7,7,1,10,2,14,,7,7,1,21,1,C03,120.649281,24.21702,2
2023,1,17,18,0,臺中市,大雅區,0,0,0,8,,,50,,,,,,,,,,,,,,,23,,,,,C03,,,1,,1,,,23,,1,22,,C03,120.634,24.227818,3
2023,1,17,18,0,臺中市,中區,0,2,0,8,3,5,50,14,9,1,5,4,5,7,4,4,5,4,5,2,13,23,2,9,1,1,C03,7,9,1,10,2,11,,23,23,1,5,5,C03,120.677717,24.140837,2