年,月,日,時,分,縣市,區,死,受傷,2-30,天候,光線,道路類別,速限,道路型態,事故位置,路面鋪裝,路面狀態,路面缺陷,障礙物,視距,號誌種類,號誌動作,分向設施,快車道或一般車道間,快慢車道間,路面邊線,事故類型及型態,主要肇因,受傷程度,主要傷處,保護裝備,行動電話,當事者區分,車輛用途,當事者行動狀態,駕駛資格情形,駕駛執照種類,飲酒情形,車輛撞擊部位最初,車輛撞擊部位其他,肇事因素個別,肇事因素主要,肇事逃逸,職業,旅次目的,車種,GPS緯度,GPS經度,事故類別
2023,1,17,18,0,臺中市,清水區,0,1,0,8,3,5,50,4,1,1,5,4,5,7,2,1,1,4,4,2,16,6,3,10,1,1,B03,7,5,1,8,2,5,,6,6,1,21,8,B03,120.575374,24.268685,2
2023,1,17,18,2,臺中市,西屯區,0,0,0,8,,,50,,,,,,,,,,,,,,,7,,,,,B02,,,1,,1,,,7,,1,22,,B02,120.653645,24.165149,3
2023,1,17,18,4,臺中市,豐原區,0,0,0,8,,,50,,,,,,,,,,,,,,,23,,,,,B03,,,1,,2,,,23,,1,22,,B03,120.712845,24.262795,3
2023,1,17,18,5,臺中市,南區,0,1,0,8,3,5,50,4,1,1,5,4,5,7,4,4,10,5,5,2,17,19,3,10,1,1,B12,7,1,1,8,2,4,,19,19,1,21,8,B12,120.675721,24.128338,2
2023,1,17,18,5,臺中市,東區,0,0,0,8,,,50,,,,,,,,,,,,,,,17,,,,,B03,,,1,,2,,,17,,1,4,,B03,120.705227,24.144383,3
2023,1,17,18,8,臺中市,大雅區,0,0,0,8,,,50,,,,,,,,,,,,,,,8,,,,,B03,,,3,,2,,,8,,1,22,,B03,120.644343,24.227179,3
2023,1,17,18,8,臺中市,梧棲區,0,2,0,8,3,5,50,14,9,1,5,4,5,7,4,4,9,5,5,1,27,23,2,9,1,1,C03,7,9,1,10,2,11,,23,23,1,5,8,C03,120.526908,24.223843,2
2023,1,17,18,9,臺中市,大安區,0,1,0,6,3,5,50,14,9,1,4,4,5,7,4,4,9,5,5,1,14,12,3,10,1,1,A12,7,2,1,7,2,7,,12,12,1,22,9,A12,120.614413,24.375085,2
2023,1,17,18,10,臺中市,西屯區,0,0,0,8,,,50,,,,,,,,,,,,,,,16,,,,,B03,,,1,,1,,,16,,1,22,,B03,120.621549,24.180068,3
2023,1,17,18,10,臺中市,太平區,0,0,0,8,,,50,,,,,,,,,,,,,,,40,,,,,A11,,,1,,2,4,,40,40,1,22,,A11,120.718319,24.135597,3
2023,1,17,18,10,臺中市,東勢區,0,0,0,8,,,50,,,,,,,,,,,,,,,23,,,,,B03,,,1,,2,,,23,23,1,9,,B03,120.829645,24.257631,3
2023,1,17,18,11,臺中市,沙鹿區,0,3,0,8,3,5,50,4,1,1,5,4,5,7,2,1,10,4,5,2,3,23,2,9,1,1,C03,7,5,1,10,2,11,,23,23,1,22,9,C03,120.565166,24.24296,2
2023,1,17,18,13,臺中市,東區,0,0,0,,,,50,,,,,,,,,,,,,,,42,,,,,C03,,,1,,2,,,42,,1,21,,C03,120.696713,24.142137,3
2023,1,17,18,14,臺中市,豐原區,0,2,0,8,3,5,50,4,9,1,5,4,5,7,1,1,1,2,5,1,13,16,2,8,1,1,C03,7,9,1,10,2,11,,16,16,1,22,8,C03,120.711476,24.239243,2
2023,1,17,18,15,臺中市,南屯區,0,0,0,8,3,5,30,15,20,2,5,4,5,7,4,4,10,5,5,2,17,42,3,10,1,1,C03,7,15,1,10,9,13,,42,42,1,22,8,C03,120.646009,24.1534,3
2023,1,17,18,15,臺中市,西屯區,0,1,0,8,4,5,50,14,9,1,5,4,5,7,4,4,5,4,5,1,16,26,3,10,1,1,B03,7,11,1,8,2,5,,26,26,1,22,8,B03,120.634658,24.169984,2
2023,1,17,18,15,臺中市,沙鹿區,0,0,0,8,3,5,60,8,7,1,5,4,5,7,4,4,4,3,5,1,12,23,,,,,B12,,,1,,2,,,23,,1,22,,B12,120.558176,24.24188,3
2023,1,17,18,15,臺中市,后里區,0,1,0,8,3,5,50,14,9,1,5,4,5,7,4,4,4,4,5,1,27,42,2,9,1,1,C03,7,9,1,10,2,11,,42,42,1,4,8,C03,120.712672,24.299251,2
2023,1,17,18,17,臺中市,西屯區,0,1,0,8,1,5,50,3,1,1,5,4,5,7,1,1,1,4,1,1,16,42,3,10,1,4,B03,7,9,1,8,2,2,,42,42,1,4,8,B03,120.613788,24.183865,2
2023,1,17,18,18,臺中市,北區,0,2,0,8,3,5,50,4,1,1,5,4,5,7,4,4,10,5,5,2,16,6,2,9,1,1,C03,7,9,1,10,2,11,,6,6,1,22,8,C03,120.668245,24.172822,2
2023,1,17,18,18,臺中市,豐原區,0,1,0,8,3,5,50,4,1,1,5,4,5,7,2,1,5,4,4,1,16,6,3,10,1,1,C03,7,6,3,18,2,14,,6,6,1,22,8,C03,120.715127,24.247148,2
2023,1,17,18,19,臺中市,大里區,0,1,0,8,3,5,50,14,9,1,5,4,5,7,4,4,5,5,5,1,13,22,2,9,1,1,C03,7,9,1,10,2,12,,22,22,1,5,8,C03,120.675848,24.095843,2
2023,1,17,18,20,臺中市,西屯區,0,0,0,8,,,40,,,,,,,,,,,,,,,23,,,,,B03,,,1,,1,,,23,,1,22,,B03,120.662575,24.163594,3
2023,1,17,18,20,臺中市,大里區,0,0,0,8,,,40,,,,,,,,,,,,,,,19,,,,,B03,,,1,,2,,,19,,1,5,,B03,120.68138,24.10959,3
2023,1,17,18,20,臺中市,神岡區,0,0,0,8,,,50,,,,,,,,,,,,,,,23,,,,,B03,,,1,,2,,,23,,1,21,,B03,120.686361,24.250101,3
2023,1,17,18,22,臺中市,西屯區,0,0,0,8,,,50,,,,,,,,,,,,,,,7,,,,,B02,,,1,,2,,,7,,1,22,,B02,120.656805,24.158469,3
2023,1,17,18,23,臺中市,大肚區,0,0,0,,,,50,,,,,,,,,,,,,,,18,,,,,B02,,,1,,2,,,18,,1,21,,B02,120.546821,24.153467,3
2023,1,17,18,24,臺中市,豐原區,0,0,0,8,,,40,,,,,,,,,,,,,,,23,,,,,B03,,,1,,2,,,23,23,1,22,,B03,120.725385,24.258823,3
2023,1,17,18,25,臺中市,后里區,0,1,0,8,1,5,50,4,1,1,5,4,5,7,1,1,10,5,5,2,16,6,3,10,1,1,B03,7,6,1,8,2,2,,6,6,1,21,1,B03,120.730752,24.308078,2
2023,1,17,18,28,臺中市,北區,0,0,0,8,3,5,50,3,1,1,5,4,5,7,4,4,10,5,5,2,14,12,,,,,B03,,,1,,1,,,12,,1,22,,B03,120.66606,24.172189,3
2023,1,17,18,28,臺中市,大里區,0,2,0,8,3,5,50,3,1,1,5,4,5,7,4,4,5,5,5,1,16,8,2,9,1,1,C03,7,5,1,10,2,14,,8,8,1,5,8,C03,120.709595,24.11147,2
2023,1,17,18,28,臺中市,太平區,0,2,0,8,3,5,50,3,1,1,5,4,5,7,4,4,10,5,5,2,17,23,2,9,1,1,C03,7,6,1,10,2,15,,23,23,1,4,8,C03,120.717517,24.148726,2
2023,1,17,18,33,臺中市,北區,0,0,0,8,,,50,,,,,,,,,,,,,,,6,,,,,C03,,,1,,11,,,6,,1,22,,C03,120.682617,24.153271,3
2023,1,17,18,35,臺中市,北屯區,0,1,0,8,3,5,50,4,1,1,5,4,5,7,4,4,10,5,5,2,16,6,2,9,1,1,C03,7,9,1,10,2,14,,6,6,1,21,8,C03,120.683508,24.171965,2
2023,1,17,18,38,臺中市,東區,0,1,0,8,3,5,50,5,1,1,5,4,5,7,1,1,10,5,5,2,17,42,3,10,1,1,C03,7,15,1,10,2,12,,42,42,1,22,8,C03,120.69315,24.132824,2
2023,1,17,18,38,臺中市,烏日區,0,0,0,8,,,50,,,,,,,,,,,,,,,12,,,,,B03,,,1,,2,,,12,,1,21,,B03,120.609759,24.111063,3
2023,1,17,18,38,臺中市,沙鹿區,0,0,0,8,,,40,,,,,,,,,,,,,,,7,,,,,B03,,,1,,2,,,7,7,1,22,,B03,120.565909,24.238734,3
2023,1,17,18,39,臺中市,北區,0,1,0,8,1,5,50,4,1,1,5,4,5,7,4,4,5,5,5,2,16,6,2,9,1,1,C03,7,6,1,8,2,13,,6,6,1,21,8,C03,120.684381,24.153128,2
2023,1,17,18,41,臺中市,北區,0,1,0,8,3,5,50,4,1,1,5,4,5,7,1,1,1,4,5,2,16,9,3,10,1,1,B02,7,6,1,8,2,2,,9,9,1,21,8,B02,120.677303,24.151254,2
2023,1,17,18,41,臺中市,南屯區,0,0,0,,,,80,,,,,,,,,,,,,,,23,,,,,B03,,,1,,1,,,23,,1,22,,B03,120.623033,24.140267,3
2023,1,17,18,41,臺中市,西屯區,0,0,0,8,,,50,,,,,,,,,,,,,,,23,,,,,B03,,,1,,1,,,23,,1,22,,B03,120.654005,24.165053,3
2023,1,17,18,42,臺中市,西屯區,0,0,0,8,,,50,,,,,,,,,,,,,,,23,,,,,B03,,,1,,2,,,23,,1,22,,B03,120.614754,24.180779,3
2023,1,17,18,47,臺中市,大里區,0,0,0,8,,,50,,,,,,,,,,,,,,,18,,,,,B03,,,1,,11,,,18,,1,3,,B03,120.715825,24.096162,3
2023,1,17,18,49,臺中市,大里區,0,0,0,8,,,50,,,,,,,,,,,,,,,16,,,,,C03,,,1,,2,,,16,,1,12,,C03,120.693126,24.090516,3
2023,1,17,18,52,臺中市,龍井區,0,0,0,,,,50,,,,,,,,,,,,,,,23,,,,,B12,,,1,,2,,,23,,1,22,,B12,120.596009,24.187632,3
2023,1,17,18,53,臺中市,西屯區,0,2,0,8,1,5,50,4,1,1,5,4,5,7,1,1,8,4,4,1,16,6,2,9,1,4,C03,7,6,1,10,2,12,,6,6,1,4,8,C03,120.648576,24.174841,2
2023,1,17,18,54,臺中市,北區,0,3,0,8,3,5,50,4,1,1,5,4,5,7,1,1,10,5,5,2,13,16,3,10,1,1,B02,7,9,3,18,2,1,,16,16,1,22,8,B02,120.691825,24.160146,2
2023,1,17,19,0,臺中市,北區,0,1,1,8,3,5,40,14,7,1,5,4,5,7,4,4,5,4,4,2,16,19,5,9,1,1,C03,7,1,6,10,2,14,,19,19,1,22,9,C03,120.671395,24.158963,2
2023,1,17,19,1,臺中市,太平區,0,0,0,8,,,50,,,,,,,,,,,,,,,7,,,,,B03,,,1,,2,,,7,,1,21,,B03,120.704575,24.162429,3
2023,1,17,19,5,臺中市,大雅區,0,0,0,8,,,50,,,,,,,,,,,,,,,9,,,,,B03,,,1,,9,,,9,,2,22,,B03,120.653572,24.221288,3
2023,1,17,19,10,臺中市,南屯區,0,1,0,8,3,5,50,14,7,1,5,4,5,7,4,4,1,4,4,2,12,17,3,10,1,1,B03,7,9,1,8,2,5,,17,17,1,22,8,B03,120.629641,24.145006,2
2023,1,17,19,11,臺中市,南屯區,0,0,0,8,,,50,,,,,,,,,,,,,,,19,,,,,B03,,,1,,2,,,19,19,1,22,,B03,120.629967,24.147412,3
2023,1,17,19,17,臺中市,西屯區,0,0,0,8,,,50,,,,,,,,,,,,,,,23,,,,,B03,,,1,,1,,,23,,1,21,,B03,120.636915,24.164009,3
2023,1,17,19,18,臺中市,西屯區,0,0,0,8,,,50,,,,,,,,,,,,,,,7,,,,,B02,,,1,,1,,,7,6,1,22,,B02,120.648313,24.17458,3
2023,1,17,19,19,臺中市,大里區,0,0,0,8,,,50,,,,,,,,,,,,,,,25,,,,,C03,,,4,,2,,,25,,1,5,,C03,120.680016,24.109441,3
2023,1,17,19,20,臺中市,潭子區,0,1,0,8,3,5,30,4,1,1,5,4,5,7,3,1,8,3,5,1,17,6,2,8,1,1,C03,7,9,1,10,2,11,,6,6,1,22,8,C03,120.686162,24.215872,2
2023,1,17,19,20,臺中市,北區,0,4,0,8,1,5,50,3,1,1,5,4,5,7,4,4,5,5,5,2,16,6,3,10,1,1,B03,7,6,1,8,2,2,,6,6,1,21,8,B03,120.677206,24.15221,2
2023,1,17,19,23,臺中市,梧棲區,0,1,0,8,3,5,40,3,8,1,5,4,5,7,2,1,1,4,1,1,16,42,3,10,1,1,B03,7,14,1,8,2,8,,42,42,1,11,8,B03,120.544346,24.247183,2
2023,1,17,19,25,臺中市,南屯區,0,1,0,8,1,5,30,14,9,1,5,4,5,7,4,4,10,5,5,2,17,23,2,1,3,4,F01,7,9,8,20,2,16,,23,23,1,12,8,F01,120.641686,24.148786,2
2023,1,17,19,26,臺中市,北區,0,2,0,8,3,5,50,4,1,1,5,4,5,7,1,1,1,2,4,2,13,23,2,8,1,1,C03,7,9,1,10,2,14,,23,23,1,21,8,C03,120.678313,24.163112,2
2023,1,17,19,27,臺中市,西屯區,0,0,0,8,,,30,,,,,,,,,,,,,,,17,,,,,B03,,,1,,2,,,17,,1,22,,B03,120.617049,24.19062,3
2023,1,17,19,27,臺中市,東勢區,0,1,0,8,1,5,50,14,9,1,5,4,5,7,4,4,1,3,5,1,16,7,3,10,1,1,B03,7,7,1,8,2,7,,7,7,1,22,9,B03,120.822975,24.260703,2
2023,1,17,19,28,臺中市,北區,0,1,0,8,1,5,50,4,2,1,5,4,5,7,1,1,8,3,4,2,11,6,3,10,1,1,B03,7,6,1,8,2,8,,6,6,1,4,8,B03,120.687528,24.157797,2
2023,1,17,19,28,臺中市,南屯區,0,1,0,8,3,5,50,4,1,1,5,4,5,7,2,1,10,5,5,2,16,6,3,10,1,1,B03,7,5,1,8,2,1,,6,6,1,22,8,B03,120.634977,24.152593,2
2023,1,17,19,30,臺中市,南屯區,0,1,0,8,3,5,50,4,2,1,5,4,5,7,2,1,5,2,5,2,12,26,3,10,1,1,B03,7,7,1,8,2,4,,26,26,1,22,8,B03,120.652952,24.140067,2
2023,1,17,19,30,臺中市,梧棲區,0,0,0,8,,,50,,,,,,,,,,,,,,,12,,,,,B12,,,1,,2,,,12,12,1,9,,B12,120.533838,24.254953,3
2023,1,17,19,30,臺中市,梧棲區,0,0,0,8,,,50,,,,,,,,,,,,,,,26,,,,,B03,,,1,,2,,,26,,1,11,,B03,120.531507,24.257123,3
2023,1,17,19,32,臺中市,太平區,0,0,0,8,,,30,,,,,,,,,,,,,,,17,,,,,B03,,,1,,11,,,17,,1,22,,B03,120.708405,24.154316,3
2023,1,17,19,36,臺中市,南屯區,0,1,0,8,3,5,50,4,2,1,5,4,5,7,1,1,10,5,5,2,16,7,3,10,1,1,C03,7,7,1,10,2,14,,7,7,1,22,8,C03,120.644606,24.139514,2
2023,1,17,19,39,臺中市,西區,0,0,0,8,,,50,,,,,,,,,,,,,,,26,,,,,B03,,,1,,1,,,26,,1,21,,B03,120.665768,24.13927,3
2023,1,17,19,41,臺中市,潭子區,0,0,0,8,,,80,,,,,,,,,,,,,,,7,,,,,B03,,,1,,2,,,7,,1,22,,B03,120.718613,24.197225,3
2023,1,17,19,47,臺中市,東區,0,0,0,8,,,50,,,,,,,,,,,,,,,42,,,,,A11,,,1,,2,,,42,,1,4,,A11,120.696538,24.130369,3
2023,1,17,19,49,臺中市,東區,0,1,0,8,3,5,50,3,1,1,5,4,5,7,4,4,10,5,5,2,16,6,3,10,1,1,B03,7,5,1,8,2,4,,6,6,1,21,8,B03,120.706743,24.131776,2
2023,1,17,19,50,臺中市,清水區,0,1,0,6,3,5,50,4,1,1,4,4,5,7,1,1,5,5,5,1,18,43,2,8,1,1,C03,7,9,1,10,2,14,,43,43,1,21,8,C03,120.55674,24.266303,2
2023,1,17,19,58,臺中市,東區,0,0,0,,,,50,,,,,,,,,,,,,,,26,,,,,B12,,,1,,2,,,26,,1,21,,B12,120.698031,24.147951,3
2023,1,17,20,4,臺中市,東區,0,1,0,8,3,5,50,4,2,1,5,4,5,7,4,4,5,5,5,2,18,43,2,9,1,1,C03,7,9,1,10,2,15,,43,43,1,22,8,C03,120.704446,24.142123,2
2023,1,17,20,5,臺中市,清水區,0,0,0,8,,,50,,,,,,,,,,,,,,,6,,,,,B03,,,1,,2,,,6,,1,21,,B03,120.552165,24.265065,3
2023,1,17,20,10,臺中市,潭子區,0,0,0,8,,,30,,,,,,,,,,,,,,,6,,,,,B03,,,1,,2,,,6,,1,22,,B03,120.711606,24.210205,3
2023,1,17,20,10,臺中市,西屯區,0,1,0,8,3,5,30,14,9,1,5,4,5,7,4,4,10,5,5,2,11,23,3,10,1,1,B03,7,9,1,10,2,8,,23,23,1,22,8,B03,120.630267,24.190512,2
2023,1,17,20,11,臺中市,南屯區,0,1,0,8,3,5,50,4,2,1,5,4,5,7,2,1,5,2,5,2,13,23,3,10,1,1,B03,7,9,1,8,2,1,,23,23,1,22,8,B03,120.643826,24.146854,2
2023,1,17,20,12,臺中市,大甲區,0,0,0,8,,,50,,,,,,,,,,,,,,,6,,,,,B03,,,1,,2,,,6,,1,21,,B03,120.618541,24.350103,3
2023,1,17,20,15,臺中市,豐原區,0,2,0,8,3,5,60,14,18,1,5,4,5,7,3,1,1,2,4,1,3,15,3,10,1,1,B03,7,9,1,8,2,5,,15,15,1,4,8,B03,120.737236,24.252597,2
2023,1,17,20,17,臺中市,豐原區,0,1,0,8,1,5,50,3,1,1,5,4,5,7,4,4,10,5,5,2,17,6,3,10,1,1,B03,7,6,1,8,2,8,,6,6,1,22,8,B03,120.713433,24.239666,2
2023,1,17,20,18,臺中市,西屯區,0,1,0,8,3,5,50,4,20,1,5,4,5,7,4,4,10,5,5,2,17,12,3,10,3,4,B03,7,2,1,8,2,7,,12,12,1,22,9,B03,120.656237,24.196249,2
2023,1,17,20,20,臺中市,潭子區,0,0,0,8,,,50,,,,,,,,,,,,,,,42,,,,,B03,,,1,,2,,,42,42,1,22,,B03,120.702513,24.194427,3
2023,1,17,20,20,臺中市,神岡區,0,1,0,8,3,5,60,14,9,1,5,4,5,7,4,4,1,4,5,1,17,23,2,9,1,1,C03,7,9,4,8,2,11,,23,23,1,21,8,C03,120.680556,24.244958,2
2023,1,17,20,21,臺中市,西區,0,1,0,8,1,5,50,4,1,1,5,4,5,7,4,4,5,5,5,2,15,6,3,10,1,1,C03,7,9,1,10,2,12,,6,6,1,22,8,C03,120.663123,24.145527,2
2023,1,17,20,23,臺中市,西區,0,0,0,,,,50,,,,,,,,,,,,,,,38,,,,,B01,,,1,,1,,,38,,1,5,,B01,120.656361,24.155923,3
2023,1,17,20,25,臺中市,西屯區,0,1,0,8,1,5,50,4,1,1,5,4,5,7,1,1,1,4,5,1,16,6,3,10,1,4,B03,7,6,1,8,2,2,,6,6,1,4,8,B03,120.627223,24.18148,2
2023,1,17,20,25,臺中市,梧棲區,0,0,0,8,,,70,,,,,,,,,,,,,,,12,,,,,B03,,,1,,2,,,12,,1,9,,B03,120.52949,24.252387,3
2023,1,17,20,30,臺中市,西區,0,0,0,8,3,5,50,14,9,1,5,4,5,7,4,4,5,4,5,2,17,23,,,,,B03,,,1,,2,,,23,,1,5,,B03,120.678875,24.139115,3
2023,1,17,20,33,臺中市,西屯區,0,1,0,8,3,5,50,3,1,1,5,4,5,7,4,4,1,4,5,2,12,6,3,10,1,1,B03,7,6,1,8,2,2,,6,6,1,22,8,B03,120.626503,24.177658,2
2023,1,17,20,35,臺中市,東區,0,0,0,8,3,5,50,14,7,1,5,4,5,7,1,1,1,2,4,2,13,23,3,10,1,1,B03,7,9,1,8,2,1,,23,23,1,5,8,B03,120.690163,24.131725,3
2023,1,17,20,40,臺中市,南屯區,0,0,0,8,,,50,,,,,,,,,,,,,,,26,,,,,B03,,,1,,1,,,26,,1,5,,B03,120.637971,24.142535,3
2023,1,17,20,41,臺中市,大里區,0,2,0,8,3,5,50,4,1,1,5,4,5,7,4,4,5,5,5,1,16,8,2,9,1,1,C03,7,5,1,10,2,14,,8,8,1,5,8,C03,120.685463,24.10798,2
2023,1,17,20,42,臺中市,大雅區,0,0,0,8,,,50,,,,,,,,,,,,,,,26,,,,,B03,,,1,,2,,,26,,1,22,,B03,120.64234,24.229171,3
2023,1,17,20,45,臺中市,北區,0,0,0,8,,,50,,,,,,,,,,,,,,,42,,,,,B03,,,1,,1,,,42,42,1,21,,B03,120.676813,24.150578,3
2023,1,17,20,45,臺中市,北區,0,0,0,8,,,50,,,,,,,,,,,,,,,23,,,,,B03,,,1,,2,,,23,23,1,22,,B03,120.686662,24.16309,3
2023,1,17,20,47,臺中市,大里區,0,2,0,8,3,5,50,4,2,1,5,4,5,7,1,1,5,4,4,1,16,19,3,10,3,4,C03,7,1,1,10,2,11,,19,19,1,22,9,C03,120.703582,24.107714,2
2023,1,17,20,50,臺中市,西屯區,0,0,0,8,,,50,,,,,,,,,,,,,,,23,,,,,B03,,,1,,1,,,23,,1,21,,B03,120.643015,24.166206,3
2023,1,17,20,51,臺中市,南區,0,1,0,8,3,5,50,4,1,1,5,4,5,7,1,1,9,4,5,2,16,6,3,10,1,1,B12,7,5,1,8,2,8,,6,6,1,5,1,B12,120.672948,24.131256,2
2023,1,17,20,56,臺中市,豐原區,0,0,0,8,,,30,,,,,,,,,,,,,,,12,,,,,B03,,,1,,2,,,12,,1,4,,B03,120.702569,24.241141,3
2023,1,17,21,0,臺中市,石岡區,0,0,0,8,,,70,,,,,,,,,,,,,,,23,,,,,A11,,,1,,2,,,23,,1,10,,A11,120.762581,24.277224,3
2023,1,17,21,10,臺中市,東區,0,1,0,8,3,5,50,4,1,1,5,4,5,7,1,1,10,5,5,2,15,25,3,10,1,1,B03,7,9,1,8,2,7,,25,25,1,21,8,B03,120.688043,24.133788,2
2023,1,17,21,15,臺中市,北區,0,0,0,8,4,5,50,15,20,4,5,4,5,7,4,4,10,5,5,2,17,26,,,,,C03,,,1,,2,,,26,,1,22,,C03,120.676222,24.172869,3
2023,1,17,21,16,臺中市,北區,0,1,0,8,3,5,50,4,1,1,5,4,5,7,4,4,9,5,5,2,16,6,3,10,1,1,C03,7,5,1,10,2,12,,6,6,1,21,8,C03,120.678503,24.161253,2
2023,1,17,21,16,臺中市,太平區,0,1,0,8,1,5,50,4,1,1,5,4,5,7,1,1,10,5,5,2,16,6,2,7,1,1,C03,7,6,1,10,2,11,,6,6,1,19,8,C03,120.703648,24.111195,2
2023,1,17,21,24,臺中市,西屯區,0,1,0,8,3,5,40,4,1,1,5,4,5,7,4,4,10,5,5,2,15,6,2,9,1,1,C03,7,1,4,8,2,11,12,6,6,1,22,8,C03,120.646665,24.171345,2
2023,1,17,21,25,臺中市,東區,0,0,0,,,,50,,,,,,,,,,,,,,,23,,,,,B12,,,1,,1,,,23,,1,21,,B12,120.697782,24.13316,3
2023,1,17,21,30,臺中市,南區,0,0,0,8,,,50,,,,,,,,,,,,,,,12,,,,,B03,,,1,,2,,,12,,1,22,,B03,120.681261,24.130051,3
2023,1,17,21,38,臺中市,西屯區,0,0,0,8,,,50,,,,,,,,,,,,,,,42,,,,,B03,,,1,,1,,,42,,1,22,,B03,120.652977,24.160532,3
2023,1,17,21,44,臺中市,西屯區,0,0,0,8,,,40,,,,,,,,,,,,,,,23,,,,,B03,,,1,,2,,,23,23,1,4,,B03,120.638161,24.158643,3
2023,1,17,21,45,臺中市,西區,0,2,0,8,3,5,50,4,1,1,5,4,5,7,4,4,10,5,5,2,15,6,2,8,1,1,C03,7,9,1,10,2,11,,6,6,1,22,1,C03,120.660183,24.13797,2
2023,1,17,21,50,臺中市,東區,0,0,0,8,3,5,50,3,1,1,5,4,3,5,4,4,10,5,5,2,16,6,3,10,1,1,B03,7,5,1,8,2,1,,6,6,1,5,8,B03,120.706293,24.131013,3
2023,1,17,21,52,臺中市,北區,0,0,0,8,,,40,,,,,,,,,,,,,,,43,,,,,C03,,,1,,2,,,43,,1,21,,C03,120.665133,24.160462,3
2023,1,17,22,0,臺中市,龍井區,0,0,0,8,,,30,,,,,,,,,,,,,,,42,,,,,,,,,,,,,42,,1,,,,120.592916,24.181,3
2023,1,17,22,10,臺中市,西區,0,1,0,8,3,5,50,4,1,1,5,4,5,7,1,1,10,5,5,2,17,25,3,10,1,1,B12,7,9,1,8,2,15,,25,25,1,4,7,B12,120.661678,24.136547,2
2023,1,17,22,10,臺中市,北區,0,0,0,,,,50,,,,,,,,,,,,,,,23,,,,,B03,,,1,,1,,,23,,1,21,,B03,120.675464,24.155732,3
2023,1,17,22,10,臺中市,北區,0,1,0,8,4,5,50,3,1,1,5,4,5,7,2,1,10,5,5,2,11,4,2,8,1,1,C03,7,6,1,10,2,14,,4,4,1,18,8,C03,120.670377,24.168792,2
2023,1,17,22,19,臺中市,南區,0,1,0,8,3,5,50,14,8,1,5,4,5,7,1,1,9,4,4,2,18,67,,,,,,,,,,,,,67,67,1,,,,120.648483,24.122923,2
2023,1,17,22,19,臺中市,大里區,0,1,0,8,3,5,50,3,2,1,5,4,5,7,1,1,10,4,4,1,18,23,2,9,1,1,C03,7,9,1,10,2,12,,23,23,1,18,8,C03,120.694516,24.089235,2
2023,1,17,22,20,臺中市,梧棲區,0,2,0,8,3,5,60,4,1,1,5,4,5,7,1,1,1,4,1,1,16,10,2,9,1,1,B03,7,11,1,8,2,4,,10,10,1,9,8,B03,120.532513,24.241667,2
2023,1,17,22,30,臺中市,清水區,0,1,0,7,3,5,50,4,2,1,5,4,5,7,1,1,1,2,4,2,12,26,3,10,1,1,B03,7,7,1,8,2,3,,26,26,1,5,5,B03,120.572836,24.262593,2
2023,1,17,22,30,臺中市,沙鹿區,0,0,0,8,,,60,,,,,,,,,,,,,,,7,,,,,B12,,,1,,2,,,7,,1,3,,B12,120.581421,24.209662,3
2023,1,17,22,32,臺中市,東區,0,2,0,8,3,5,40,4,2,1,5,4,5,7,2,1,1,2,4,2,13,23,2,8,1,1,C03,7,9,1,10,2,11,,23,23,1,21,8,C03,120.694548,24.150501,2
2023,1,17,22,33,臺中市,西區,0,0,0,8,,,50,,,,,,,,,,,,,,,6,,,,,C03,,,2,18,1,,,6,6,1,22,,C03,120.66097,24.154839,3
2023,1,17,22,33,臺中市,西屯區,0,0,0,8,,,60,,,,,,,,,,,,,,,26,,,,,B03,,,1,,2,,,26,,1,22,,B03,120.599178,24.182982,3
2023,1,17,22,34,臺中市,東區,0,0,0,,,,50,,,,,,,,,,,,,,,23,,,,,B03,,,1,,2,,,23,,1,21,,B03,120.698785,24.133,3
2023,1,17,22,37,臺中市,南屯區,0,1,0,8,3,5,40,14,9,1,5,4,5,7,1,1,5,5,4,2,15,25,2,9,1,1,C03,7,9,1,10,2,14,,25,25,1,5,8,C03,120.636698,24.132626,2
2023,1,17,22,38,臺中市,北區,0,2,0,8,3,5,50,3,1,1,5,4,5,7,4,4,10,5,5,2,16,6,2,9,1,1,C03,7,5,1,10,2,14,,6,6,1,22,8,C03,120.685841,24.151204,2
2023,1,17,23,3,臺中市,北屯區,0,2,0,8,3,5,50,4,1,1,5,4,5,7,3,1,10,5,5,2,15,6,3,10,3,4,B01,7,9,1,2,2,4,,6,6,1,21,8,B01,120.687034,24.168162,2
2023,1,17,23,13,臺中市,南屯區,0,0,0,8,,,50,,,,,,,,,,,,,,,23,,,,,B03,,,1,,1,,,23,,1,5,,B03,120.654569,24.135273,3
2023,1,17,23,20,臺中市,大里區,0,2,0,8,1,5,50,14,9,1,5,4,5,7,4,4,5,4,5,1,11,4,2,8,1,1,C03,7,5,1,10,2,12,,4,4,1,22,8,C03,120.689992,24.110726,2
2023,1,17,23,23,臺中市,大雅區,0,1,0,7,3,5,50,4,2,1,4,4,5,7,1,1,5,5,5,1,16,23,3,10,1,1,B03,7,9,1,8,2,2,,23,23,1,22,8,B03,120.646533,24.222699,2