年,月,日,時,分,縣市,區,死,受傷,2-30,天候,光線,道路類別,速限,道路型態,事故位置,路面鋪裝,路面狀態,路面缺陷,障礙物,視距,號誌種類,號誌動作,分向設施,快車道或一般車道間,快慢車道間,路面邊線,事故類型及型態,主要肇因,受傷程度,主要傷處,保護裝備,行動電話,當事者區分,車輛用途,當事者行動狀態,駕駛資格情形,駕駛執照種類,飲酒情形,車輛撞擊部位最初,車輛撞擊部位其他,肇事因素個別,肇事因素主要,肇事逃逸,職業,旅次目的,車種,GPS緯度,GPS經度,事故類別
2023,1,17,23,24,臺中市,西屯區,0,0,0,8,,,50,,,,,,,,,,,,,,,23,,,,,B03,,,1,,1,,,23,,1,22,,B03,120.653435,24.203507,3
2023,1,17,23,59,臺中市,北屯區,0,2,0,8,3,5,50,4,4,1,5,4,5,7,2,1,5,4,5,2,13,23,2,9,1,1,C03,7,9,1,10,2,11,14,23,23,1,5,8,C03,120.702095,24.169886,2
2023,1,18,0,3,臺中市,北區,0,0,0,,,,50,,,,,,,,,,,,,,,23,,,,,C03,,,1,,11,,,23,,1,22,,C03,120.690025,24.160233,3
2023,1,18,0,9,臺中市,南屯區,0,1,0,8,3,5,50,4,1,1,5,4,5,7,1,1,10,5,5,2,16,9,3,10,1,1,B01,7,6,1,4,2,2,,9,9,1,10,8,B01,120.647225,24.154573,2
2023,1,18,0,15,臺中市,北屯區,0,4,0,8,3,5,50,4,1,1,5,4,5,7,2,1,10,5,5,2,15,25,2,9,3,4,C03,7,9,1,10,2,11,,25,25,1,21,8,C03,120.683419,24.170981,2
2023,1,18,0,16,臺中市,北屯區,0,0,0,8,,,70,,,,,,,,,,,,,,,67,,,,,,,,,,,,,67,,1,,,,120.68847,24.201012,4
2023,1,18,0,25,臺中市,北屯區,0,0,0,,,,50,,,,,,,,,,,,,,,23,,,,,B03,,,4,9,1,,,23,23,1,21,,B03,120.68632,24.170071,3
2023,1,18,2,50,臺中市,北區,0,0,0,8,,,50,,,,,,,,,,,,,,,23,,,,,B03,,,1,,11,,,23,,1,22,,B03,120.681943,24.166092,3
2023,1,18,3,25,臺中市,西屯區,0,0,0,8,,,30,,,,,,,,,,,,,,,6,,,,,B03,,,1,,2,,,6,,1,4,,B03,120.652664,24.164812,3
2023,1,18,3,44,臺中市,北屯區,0,0,0,8,,,50,,,,,,,,,,,,,,,23,,,,,B03,,,1,,1,,,23,,1,5,,B03,120.704731,24.165119,3
2023,1,18,3,54,臺中市,大里區,0,0,0,8,,,50,,,,,,,,,,,,,,,18,,,,,B03,,,1,,2,,,18,,1,22,,B03,120.6841,24.110301,3
2023,1,18,4,11,臺中市,北區,0,2,0,8,3,5,50,4,1,1,5,4,5,7,1,1,10,5,5,2,16,25,3,10,1,1,B03,7,5,1,8,2,2,,25,25,1,22,8,B03,120.670549,24.164924,2
2023,1,18,4,16,臺中市,西屯區,0,0,0,8,,,50,,,,,,,,,,,,,,,23,,,,,B03,,,3,,2,,,23,23,1,22,,B03,120.655088,24.176085,3
2023,1,18,4,25,臺中市,太平區,0,2,0,8,3,5,50,4,1,1,5,4,5,7,4,4,10,5,5,2,16,6,2,9,1,1,C03,7,9,1,10,2,11,,6,6,1,22,8,C03,120.719711,24.149927,2
2023,1,18,5,25,臺中市,大甲區,0,0,0,8,,,30,,,,,,,,,,,,,,,6,,,,,C03,,,1,,1,,,6,,1,4,,C03,120.626038,24.355777,3
2023,1,18,5,35,臺中市,東區,0,1,0,7,3,5,50,5,1,1,5,4,5,7,1,1,10,5,5,2,3,15,3,10,1,1,B01,7,5,1,4,2,1,,15,15,1,22,9,B01,120.692506,24.147756,2
2023,1,18,6,0,臺中市,大甲區,0,2,0,8,2,5,50,3,2,1,5,4,5,7,4,4,5,5,5,1,11,4,2,9,1,1,C03,7,5,1,10,2,11,,4,4,1,4,8,C03,120.627019,24.350325,2
2023,1,18,6,18,臺中市,西屯區,0,1,0,8,1,5,30,3,1,1,5,4,5,7,4,4,10,5,5,2,16,6,2,8,3,4,C03,7,5,1,10,2,12,,6,6,1,22,8,C03,120.618728,24.188986,2
2023,1,18,6,25,臺中市,潭子區,0,1,0,8,2,5,50,4,4,1,5,4,5,7,2,1,10,5,5,2,13,23,3,10,1,1,C03,7,9,1,10,2,11,,23,23,1,21,8,C03,120.688503,24.216069,2
2023,1,18,6,40,臺中市,北屯區,0,0,0,8,,,50,,,,,,,,,,,,,,,23,,,,,B03,,,1,8,2,,,23,23,1,21,,B03,120.727744,24.176618,3
2023,1,18,6,45,臺中市,龍井區,0,1,0,8,1,5,50,14,9,1,5,4,5,7,4,4,9,4,5,1,12,19,3,10,1,1,B03,7,1,1,8,2,8,,19,19,1,22,8,B03,120.582628,24.178688,2
2023,1,18,6,57,臺中市,沙鹿區,0,0,0,8,,,30,,,,,,,,,,,,,,,12,,,,,B03,,,1,,2,,,12,,1,1,,B03,120.559755,24.234083,3
2023,1,18,7,0,臺中市,西屯區,0,2,0,8,1,5,50,14,9,1,5,4,1,7,4,4,9,5,5,2,12,6,2,9,1,1,C03,7,6,1,10,2,13,,6,6,1,12,8,C03,120.654795,24.176306,2
2023,1,18,7,7,臺中市,大里區,0,1,0,8,1,5,50,4,1,1,5,4,5,7,4,4,5,5,5,1,16,6,2,9,3,4,C03,7,5,1,10,2,12,,6,6,1,22,8,C03,120.701158,24.096159,2
2023,1,18,7,13,臺中市,潭子區,0,1,0,8,1,5,40,14,8,1,5,4,5,7,4,4,1,4,4,1,17,19,3,10,1,1,B03,7,1,1,8,2,4,,19,19,1,22,8,B03,120.698479,24.216709,2
2023,1,18,7,20,臺中市,霧峰區,0,1,0,8,1,5,50,4,1,1,5,4,5,7,4,4,10,5,5,1,15,6,3,10,1,1,B03,7,9,1,8,2,2,,6,6,1,9,8,B03,120.687925,24.052353,2
2023,1,18,7,20,臺中市,沙鹿區,0,0,0,,,,50,,,,,,,,,,,,,,,44,,,,,B03,,,1,,2,,,44,,1,22,,B03,120.566619,24.204052,3
2023,1,18,7,21,臺中市,烏日區,0,0,0,8,,,30,,,,,,,,,,,,,,,6,,,,,B03,,,1,,2,,,6,,1,21,,B03,120.658884,24.050554,3
2023,1,18,7,25,臺中市,西屯區,0,0,0,8,,,50,,,,,,,,,,,,,,,42,,,,,B03,,,1,,2,,,42,,1,22,,B03,120.599728,24.163176,3
2023,1,18,7,25,臺中市,大里區,0,0,0,8,,,50,,,,,,,,,,,,,,,12,,,,,B12,,,1,,2,,,12,,1,6,,B12,120.687246,24.106767,3
2023,1,18,7,25,臺中市,大肚區,0,0,0,8,,,70,,,,,,,,,,,,,,,23,,,,,B12,,,1,,2,,,23,,1,5,,B12,120.550081,24.139803,3
2023,1,18,7,25,臺中市,清水區,0,1,0,8,2,5,50,3,1,1,5,4,5,7,4,4,10,5,5,2,16,26,2,9,1,1,C03,7,9,1,10,2,11,12,26,26,1,5,5,C03,120.577196,24.276799,2
2023,1,18,7,26,臺中市,大雅區,0,0,0,8,,,40,,,,,,,,,,,,,,,23,,,,,B03,,,1,,2,,,23,,1,22,,B03,120.647067,24.222059,3
2023,1,18,7,27,臺中市,太平區,0,1,0,8,1,5,50,14,9,1,5,4,5,7,4,4,5,5,5,1,13,16,2,7,1,1,C03,7,9,1,10,2,11,,16,16,1,22,8,C03,120.709276,24.12134,2
2023,1,18,7,27,臺中市,豐原區,0,1,0,8,1,5,40,14,9,1,5,4,5,7,4,4,10,5,5,2,17,40,3,10,1,1,B03,7,15,1,8,2,4,,40,40,1,22,8,B03,120.721051,24.240315,2
2023,1,18,7,30,臺中市,龍井區,0,0,0,8,,,60,,,,,,,,,,,,,,,23,,,,,A41,,,1,,2,,,23,,1,2,,A41,120.575576,24.184916,3
2023,1,18,7,33,臺中市,大里區,0,0,0,8,,,60,,,,,,,,,,,,,,,23,,,,,C03,,,1,,2,,,23,,1,6,,C03,120.688276,24.101828,3
2023,1,18,7,35,臺中市,大雅區,0,0,0,8,,,50,,,,,,,,,,,,,,,23,,,,,B03,,,1,,1,,,23,,1,21,,B03,120.645429,24.221915,3
2023,1,18,7,35,臺中市,潭子區,0,1,0,8,1,5,50,14,9,1,5,4,5,7,4,4,5,5,5,1,16,26,3,10,1,1,C03,7,9,1,10,2,12,,26,26,1,22,9,C03,120.709476,24.203069,2
2023,1,18,7,35,臺中市,北區,0,4,0,8,1,5,30,14,9,1,5,4,5,7,4,4,10,5,5,2,12,5,2,8,1,1,C03,7,9,1,10,2,14,,5,5,1,5,5,C03,120.675257,24.169098,2
2023,1,18,7,35,臺中市,北屯區,0,0,0,8,,,80,,,,,,,,,,,,,,,16,,,,,B12,,,3,,1,,,16,,1,5,,B12,120.690114,24.201131,3
2023,1,18,7,36,臺中市,大里區,0,1,0,8,1,5,50,14,13,1,5,4,5,7,4,4,5,5,5,1,13,16,3,10,1,1,C03,7,9,1,10,2,11,,16,16,1,21,1,C03,120.68159,24.094103,2
2023,1,18,7,37,臺中市,霧峰區,0,0,0,8,,,50,,,,,,,,,,,,,,,23,,,,,B03,,,1,,2,,,23,,1,9,,B03,120.666482,24.060492,3
2023,1,18,7,39,臺中市,南區,0,0,0,8,,,50,,,,,,,,,,,,,,,23,,,,,B03,,,1,,2,,,23,,1,22,,B03,120.654167,24.116536,3
2023,1,18,7,40,臺中市,大里區,0,1,0,8,1,5,50,14,7,1,5,4,5,7,4,4,5,2,4,2,12,23,3,10,1,1,B02,7,9,1,8,2,5,,23,23,1,5,8,B02,120.693823,24.114121,2
2023,1,18,7,41,臺中市,北區,0,1,0,8,1,5,50,4,2,1,5,4,5,7,2,1,5,4,4,1,13,8,2,8,3,4,C03,7,5,1,10,2,14,,8,8,1,22,9,C03,120.675449,24.143945,2
2023,1,18,7,41,臺中市,東勢區,0,1,0,8,1,5,40,3,1,1,5,4,5,7,1,1,10,5,5,2,16,42,3,10,1,1,B12,7,6,1,8,2,6,,42,42,1,5,8,B12,120.837433,24.224264,2
2023,1,18,7,42,臺中市,西區,0,0,0,8,,,50,,,,,,,,,,,,,,,19,,,,,F01,,,8,,2,,,19,,1,16,,F01,120.678394,24.136479,3
2023,1,18,7,43,臺中市,太平區,0,0,0,8,1,5,50,14,2,1,5,4,5,7,1,1,5,4,5,1,13,16,,,,,C03,,,1,,2,,,16,,1,5,,C03,120.733256,24.142159,3
2023,1,18,7,43,臺中市,豐原區,0,1,0,8,1,5,60,4,3,1,5,4,5,7,1,1,10,5,5,2,13,16,3,10,1,1,C03,7,9,1,10,2,11,,16,16,1,22,8,C03,120.722653,24.23651,2
2023,1,18,7,44,臺中市,沙鹿區,0,0,0,8,,,70,,,,,,,,,,,,,,,23,,,,,C03,,,1,,1,,,23,,1,9,,C03,120.606321,24.247247,3
2023,1,18,7,45,臺中市,西區,0,3,0,8,1,5,40,4,1,1,5,4,5,7,1,1,4,4,5,2,12,16,2,8,1,1,C03,7,9,1,10,2,11,,16,16,1,22,8,C03,120.664298,24.150856,2
2023,1,18,7,45,臺中市,北屯區,0,0,0,8,,,40,,,,,,,,,,,,,,,18,,,,,C03,,,1,,9,,,18,,1,22,,C03,120.687578,24.172483,4
2023,1,18,7,46,臺中市,北區,0,2,0,8,1,5,50,4,1,1,5,4,5,7,4,4,10,5,5,2,15,6,2,8,1,1,C03,7,9,1,10,2,12,,6,6,1,22,9,C03,120.696041,24.156799,2
2023,1,18,7,48,臺中市,南屯區,0,0,0,,,,50,,,,,,,,,,,,,,,16,,,,,C03,,,6,,1,,,16,,1,22,,C03,120.615231,24.147953,3
2023,1,18,7,49,臺中市,神岡區,0,2,0,8,1,5,50,3,1,1,5,4,5,7,4,4,5,5,5,1,17,17,2,8,1,4,C03,7,15,3,18,2,15,,44,42,1,22,9,C03,120.69882,24.250061,2
2023,1,18,7,50,臺中市,西屯區,0,0,0,8,,,30,,,,,,,,,,,,,,,44,,,,,B03,,,1,,1,,,44,,1,22,,B03,120.58901,24.19591,3
2023,1,18,7,50,臺中市,豐原區,0,0,0,8,,,50,,,,,,,,,,,,,,,16,,,,,C03,,,1,,2,,,16,,1,22,,C03,120.750182,24.269231,3
2023,1,18,7,51,臺中市,太平區,0,2,0,8,1,5,50,3,2,1,5,4,5,7,1,1,5,5,4,2,13,23,2,9,3,4,C03,7,9,1,10,2,11,,23,23,1,9,8,C03,120.708898,24.124098,2
2023,1,18,7,55,臺中市,南屯區,0,1,0,8,1,5,50,4,2,1,5,4,5,7,2,1,1,2,5,2,13,23,3,10,1,1,B12,7,9,1,8,2,1,,23,23,1,4,1,B12,120.646712,24.150935,2
2023,1,18,7,56,臺中市,北區,0,1,0,8,1,5,50,4,2,1,5,4,5,7,2,1,3,2,3,1,16,9,3,10,3,4,B03,7,6,1,8,2,2,,9,9,1,22,9,B03,120.674507,24.162862,2
2023,1,18,7,56,臺中市,北屯區,0,1,0,8,1,5,50,3,2,1,5,4,5,7,4,4,5,4,4,2,16,1,2,9,1,1,C03,7,4,1,10,2,11,,1,1,1,22,8,C03,120.677022,24.193563,2
2023,1,18,7,56,臺中市,梧棲區,0,0,0,8,,,30,,,,,,,,,,,,,,,6,,,,,C03,,,1,,1,,,6,,1,12,,C03,120.545168,24.242409,3
2023,1,18,7,57,臺中市,北屯區,0,0,0,8,,,50,,,,,,,,,,,,,,,43,,,,,B03,,,1,,1,,,43,,1,22,,B03,120.685824,24.173793,3
2023,1,18,7,58,臺中市,大雅區,0,0,0,8,,,30,,,,,,,,,,,,,,,16,,,,,B03,,,1,,2,,,16,,1,22,,B03,120.655097,24.235162,3
2023,1,18,7,58,臺中市,東區,0,1,0,8,1,5,50,4,2,1,5,4,5,7,1,1,5,5,5,2,17,42,3,10,3,4,B03,7,15,1,8,2,5,,42,42,1,5,8,B03,120.706403,24.136655,2
2023,1,18,8,0,臺中市,大里區,0,0,0,8,,,40,,,,,,,,,,,,,,,23,,,,,B03,,,1,,9,,,23,,1,5,,B03,120.67692,24.098921,3
2023,1,18,8,0,臺中市,太平區,0,0,0,,,,50,,,,,,,,,,,,,,,12,,,,,B03,,,1,,2,,,12,,1,5,,B03,120.733732,24.157446,3
2023,1,18,8,0,臺中市,太平區,0,0,0,8,,,50,,,,,,,,,,,,,,,26,,,,,B03,,,1,,11,,,26,,1,22,,B03,120.711476,24.115998,3
2023,1,18,8,1,臺中市,北屯區,0,1,0,8,1,5,50,14,9,1,5,4,5,7,4,4,1,4,5,2,13,16,2,9,1,1,C03,7,9,1,10,2,11,,16,16,1,22,8,C03,120.699752,24.177512,2
2023,1,18,8,5,臺中市,北屯區,0,0,0,8,,,50,,,,,,,,,,,,,,,7,,,,,B03,,,1,,1,,,7,,1,20,,B03,120.728952,24.160995,3
2023,1,18,8,5,臺中市,大里區,0,2,0,8,1,5,50,4,1,1,5,4,5,7,1,1,3,4,4,1,16,25,2,9,3,4,C03,7,9,1,10,2,11,,25,25,1,21,8,C03,120.687633,24.08581,2
2023,1,18,8,5,臺中市,東勢區,0,0,0,8,,,50,,,,,,,,,,,,,,,16,,,,,C03,,,4,,2,,,16,,1,5,,C03,120.827557,24.255359,3
2023,1,18,8,6,臺中市,梧棲區,0,1,0,7,1,5,70,4,1,1,5,4,5,7,1,1,10,5,5,2,16,9,3,10,1,1,B03,7,6,1,8,2,6,,9,9,1,12,8,B03,120.514209,24.230171,2
2023,1,18,8,7,臺中市,南屯區,0,1,0,8,1,5,50,4,1,1,5,4,5,7,1,1,5,2,5,2,18,43,2,9,3,4,C03,7,9,1,10,2,14,,43,43,1,22,8,C03,120.633583,24.141297,2
2023,1,18,8,7,臺中市,北屯區,0,0,0,8,,,30,,,,,,,,,,,,,,,6,,,,,B03,,,1,,1,,,6,,1,21,,B03,120.680994,24.17446,3
2023,1,18,8,7,臺中市,北屯區,0,1,0,8,1,5,50,3,2,1,5,4,5,7,4,4,5,4,5,2,18,43,2,9,1,1,C03,7,9,1,10,2,12,,43,43,1,22,8,C03,120.673883,24.177736,2
2023,1,18,8,9,臺中市,南區,0,1,0,8,1,5,50,14,7,1,5,4,5,7,4,4,1,4,4,2,13,16,2,9,1,1,C03,7,9,1,10,2,11,,16,16,1,5,8,C03,120.657389,24.13267,2
2023,1,18,8,17,臺中市,后里區,0,0,0,,,,60,,,,,,,,,,,,,,,25,,,,,C03,,,1,,1,,,25,,1,22,,C03,120.723015,24.311178,3
2023,1,18,8,18,臺中市,西區,0,1,0,8,1,5,50,4,1,1,5,4,5,7,2,1,10,5,5,2,16,6,3,10,1,1,B03,7,6,1,8,2,2,,6,6,1,4,8,B03,120.675422,24.133556,2
2023,1,18,8,19,臺中市,南屯區,0,0,0,8,,,50,,,,,,,,,,,,,,,23,,,,,C03,,,1,,1,,,23,,1,4,,C03,120.619697,24.145192,3
2023,1,18,8,20,臺中市,西屯區,0,1,0,8,1,5,50,3,1,1,5,4,5,7,2,1,1,4,4,1,17,9,3,10,1,1,B03,7,6,1,8,2,2,,9,9,1,1,9,B03,120.635172,24.179435,2
2023,1,18,8,22,臺中市,北區,0,1,0,8,1,5,50,4,1,1,5,4,5,7,1,1,10,5,5,2,15,25,3,10,1,1,B03,7,9,6,18,2,5,,25,25,1,22,9,B03,120.665085,24.164788,2
2023,1,18,8,22,臺中市,南區,0,0,0,8,,,50,,,,,,,,,,,,,,,23,,,,,B03,,,1,,2,,,23,,1,22,,B03,120.657432,24.132724,3
2023,1,18,8,22,臺中市,東區,0,1,0,8,1,5,50,4,1,1,5,4,5,7,2,1,10,5,5,2,16,26,3,10,1,1,B02,7,5,1,8,2,4,,26,26,1,21,8,B02,120.698031,24.147951,2
2023,1,18,8,25,臺中市,北屯區,0,0,0,8,,,80,,,,,,,,,,,,,,,7,,,,,B03,,,1,,1,,,7,,1,4,,B03,120.720968,24.175168,3
2023,1,18,8,25,臺中市,西屯區,0,1,0,8,1,5,50,3,1,1,5,4,5,7,4,4,10,5,5,2,16,6,3,10,3,4,B03,7,5,1,8,2,7,,6,6,1,22,8,B03,120.65136,24.166933,2
2023,1,18,8,26,臺中市,南區,0,0,0,,,,50,,,,,,,,,,,,,,,17,,,,,B03,,,1,,3,,,17,,1,22,,B03,120.653495,24.122737,3
2023,1,18,8,27,臺中市,西區,0,1,0,8,1,5,50,14,9,1,5,4,5,7,4,4,5,5,5,2,13,23,3,10,3,4,B03,7,9,1,8,1,1,,23,23,1,21,8,B03,120.668059,24.139599,2
2023,1,18,8,27,臺中市,南區,0,2,0,8,1,5,50,3,1,1,5,4,5,7,4,4,10,5,5,2,16,6,2,9,1,1,C03,7,5,1,10,2,11,,6,6,1,5,8,C03,120.67349,24.129753,2
2023,1,18,8,27,臺中市,南屯區,0,1,0,8,1,5,50,4,1,1,5,4,5,7,2,1,1,5,5,2,13,16,2,9,1,1,C03,7,9,1,10,2,11,,16,16,1,22,8,C03,120.613051,24.149375,2
2023,1,18,8,30,臺中市,大雅區,0,0,0,8,,,50,,,,,,,,,,,,,,,23,,,,,C03,,,1,,2,,,23,,1,21,,C03,120.673571,24.231823,3
2023,1,18,8,30,臺中市,北區,0,1,0,8,1,5,50,14,7,1,5,4,5,7,4,4,3,4,4,1,17,23,2,9,3,4,C03,7,9,1,10,2,14,,23,23,1,22,9,C03,120.690975,24.15883,2
2023,1,18,8,30,臺中市,南屯區,0,0,0,,,,50,,,,,,,,,,,,,,,17,,,,,B03,,,1,,1,,,17,,1,4,,B03,120.626061,24.148516,3
2023,1,18,8,30,臺中市,西屯區,0,0,0,8,,,50,,,,,,,,,,,,,,,23,,,,,B03,,,1,,2,,,23,,1,11,,B03,120.646296,24.163133,3
2023,1,18,8,31,臺中市,西屯區,0,1,0,8,1,5,50,4,1,1,5,4,5,7,1,1,1,3,4,2,18,42,2,9,1,1,C03,7,9,1,10,1,14,,42,42,1,22,8,C03,120.639433,24.164781,2
2023,1,18,8,34,臺中市,北區,0,1,0,8,1,5,30,3,9,1,5,4,5,7,1,1,1,4,5,1,13,16,2,9,1,1,C03,7,7,1,10,2,11,,16,16,1,5,5,C03,120.666989,24.158071,2
2023,1,18,8,34,臺中市,太平區,0,1,0,8,1,5,50,14,9,1,5,4,5,7,4,4,5,4,5,1,16,26,3,10,3,4,B12,7,5,1,8,2,1,,26,26,1,9,8,B12,120.715523,24.133129,2
2023,1,18,8,35,臺中市,大里區,0,1,0,8,1,5,50,3,1,1,5,4,5,7,4,4,10,5,5,2,11,6,3,10,1,1,B03,7,5,1,8,2,5,,6,6,1,20,8,B03,120.681024,24.109779,2
2023,1,18,8,35,臺中市,東勢區,0,0,0,8,,,30,,,,,,,,,,,,,,,6,,,,,B03,,,1,,2,,,6,,1,5,,B03,120.831692,24.241717,3
2023,1,18,8,43,臺中市,西屯區,0,1,0,8,1,5,40,14,8,1,5,4,5,7,4,4,10,1,1,2,9,44,3,10,1,1,A04,7,14,1,2,2,15,,44,44,1,22,8,A04,120.639804,24.168372,2
2023,1,18,8,52,臺中市,東區,0,0,0,8,,,50,,,,,,,,,,,,,,,43,,,,,C03,,,1,10,2,,,43,43,1,5,,C03,120.692371,24.139725,3
2023,1,18,8,52,臺中市,豐原區,0,2,0,8,1,5,40,14,8,1,5,4,5,7,4,4,3,4,4,2,17,16,2,9,1,1,C03,7,9,1,10,2,11,,16,16,1,22,8,C03,120.704758,24.237414,2
2023,1,18,8,54,臺中市,北屯區,0,1,0,8,1,5,50,14,9,1,5,4,5,7,4,4,3,4,5,2,13,42,3,10,1,1,B03,7,9,1,8,3,1,,42,42,1,20,8,B03,120.694181,24.165044,2
2023,1,18,8,58,臺中市,烏日區,0,1,0,8,1,5,50,3,2,1,5,4,5,7,2,1,1,2,4,2,18,42,2,9,3,4,C03,7,12,1,10,2,14,,42,42,1,21,9,C03,120.625567,24.108842,2
2023,1,18,9,0,臺中市,南屯區,0,0,0,,,,30,,,,,,,,,,,,,,,23,,,,,B03,,,1,,2,,,23,,1,4,,B03,120.650612,24.135492,3
2023,1,18,9,0,臺中市,龍井區,0,1,0,8,1,5,50,14,9,1,5,4,5,7,4,4,5,5,5,1,17,42,3,10,1,1,B03,7,14,1,8,2,5,,42,42,1,20,8,B03,120.583872,24.182062,2
2023,1,18,9,6,臺中市,南屯區,0,0,0,8,,,50,,,,,,,,,,,,,,,16,,,,,B12,,,1,,1,,,16,,1,4,,B12,120.646224,24.127655,3
2023,1,18,9,7,臺中市,神岡區,0,2,0,8,1,5,50,4,1,1,5,4,5,7,1,1,5,4,5,1,17,26,3,10,1,4,B12,7,5,1,8,2,4,,26,26,1,22,9,B12,120.696315,24.248404,2
2023,1,18,9,8,臺中市,東區,0,0,0,8,,,50,,,,,,,,,,,,,,,19,,,,,B12,,,1,8,2,,,19,19,1,21,,B12,120.70768,24.145023,3
2023,1,18,9,11,臺中市,西區,0,0,0,8,,,40,,,,,,,,,,,,,,,23,,,,,B03,,,6,,11,,,23,,1,22,,B03,120.670857,24.137521,3
2023,1,18,9,13,臺中市,南區,0,2,0,8,1,5,50,4,1,1,5,4,5,7,1,1,10,5,5,2,16,42,2,9,1,1,C03,7,15,1,10,2,11,,42,42,1,22,8,C03,120.657822,24.116171,2
2023,1,18,9,16,臺中市,東區,0,0,0,8,,,50,,,,,,,,,,,,,,,23,,,,,B03,,,1,8,2,,,23,23,1,5,,B03,120.699556,24.13591,3
2023,1,18,9,16,臺中市,北屯區,0,0,0,8,,,50,,,,,,,,,,,,,,,23,,,,,B03,,,1,,1,,,23,,1,22,,B03,120.707401,24.173489,3
2023,1,18,9,18,臺中市,南屯區,0,1,0,8,1,5,50,4,1,1,5,4,5,7,1,1,5,5,5,2,12,8,3,10,3,4,C03,7,5,1,10,2,14,,8,8,1,22,8,C03,120.638205,24.135322,2
2023,1,18,9,19,臺中市,豐原區,0,0,0,8,,,50,,,,,,,,,,,,,,,30,,,,,A41,,,1,,9,,,30,,1,22,,A41,120.72366,24.241547,3
2023,1,18,9,20,臺中市,北區,0,0,0,8,,,50,,,,,,,,,,,,,,,23,,,,,B03,,,1,,1,,,23,,1,22,,B03,120.672195,24.1557,3
2023,1,18,9,24,臺中市,北屯區,0,0,0,8,,,50,,,,,,,,,,,,,,,10,,,,,B03,,,1,,1,,,10,,1,4,,B03,120.707798,24.184826,3
2023,1,18,9,24,臺中市,西屯區,0,1,0,8,1,5,50,4,2,1,5,4,5,7,2,1,5,4,4,1,17,26,2,9,1,1,C03,7,9,1,10,2,11,,26,26,1,1,9,C03,120.655938,24.165527,2
2023,1,18,9,25,臺中市,潭子區,0,2,0,8,1,5,30,4,1,1,5,4,5,7,4,4,5,5,5,1,15,6,2,9,1,1,C03,7,9,1,10,2,11,,23,6,1,22,8,C03,120.701752,24.188282,2
2023,1,18,9,25,臺中市,西區,0,0,0,8,,,50,,,,,,,,,,,,,,,10,,,,,B03,,,1,,2,,,10,10,1,4,,B03,120.665645,24.137953,3
2023,1,18,9,27,臺中市,南屯區,0,1,0,8,1,5,50,14,9,1,5,4,5,7,4,4,9,5,5,2,13,16,3,10,1,1,C03,7,9,1,10,2,11,,16,16,1,4,8,C03,120.652921,24.133861,2
2023,1,18,9,29,臺中市,北屯區,0,0,0,8,,,40,,,,,,,,,,,,,,,23,,,,,B03,,,1,,1,,,23,,1,21,,B03,120.692605,24.201193,3
2023,1,18,9,32,臺中市,北區,0,1,0,8,1,5,50,4,2,1,5,4,5,7,1,1,1,4,4,2,16,26,3,10,1,1,B03,7,11,1,8,2,6,,26,26,1,5,5,B03,120.694292,24.155238,2
2023,1,18,9,36,臺中市,北區,0,1,0,8,1,8,50,5,9,1,5,4,5,7,4,4,5,4,5,1,16,23,3,10,3,4,C03,7,9,1,10,2,12,,44,23,1,22,9,C03,120.67651,24.158506,2
2023,1,18,9,36,臺中市,龍井區,0,0,0,8,,,30,,,,,,,,,,,,,,,35,,,,,B12,,,1,,2,,,35,,1,2,,B12,120.587646,24.178026,3
2023,1,18,9,37,臺中市,中區,0,1,0,8,1,5,50,4,1,1,5,4,5,7,4,4,10,5,5,2,15,6,2,9,3,4,C03,7,9,1,10,2,12,,23,6,1,21,8,C03,120.681345,24.142198,2
2023,1,18,9,40,臺中市,南屯區,0,1,0,8,1,5,50,3,2,1,5,4,5,7,4,4,5,5,4,2,12,43,2,9,3,4,F01,7,9,8,20,2,16,,43,43,1,22,8,F01,120.631408,24.152052,2
2023,1,18,9,40,臺中市,西屯區,0,0,0,8,,,40,,,,,,,,,,,,,,,43,,,,,B01,,,1,,2,,,43,,1,22,,B01,120.641641,24.157433,3
2023,1,18,9,42,臺中市,梧棲區,0,0,0,8,,,50,,,,,,,,,,,,,,,23,,,,,B03,,,1,,1,,,23,,1,12,,B03,120.529647,24.252747,3
2023,1,18,9,47,臺中市,西屯區,0,1,0,8,1,5,50,4,1,1,5,4,5,7,4,4,10,5,5,2,16,6,3,10,1,1,B03,7,9,1,8,2,4,,6,6,1,22,8,B03,120.650297,24.15758,2
2023,1,18,9,47,臺中市,豐原區,0,1,0,8,1,5,50,3,1,1,5,4,5,7,4,4,5,5,5,1,16,23,3,10,1,1,B12,7,5,1,8,2,8,,23,23,1,22,8,B12,120.715481,24.251837,2
2023,1,18,9,49,臺中市,梧棲區,0,1,0,8,1,5,50,4,1,1,5,4,5,7,4,4,10,5,5,1,13,23,3,10,1,1,B03,7,5,1,8,2,8,,23,23,1,12,8,B03,120.527983,24.252121,2
2023,1,18,9,51,臺中市,西屯區,0,1,0,8,1,5,50,3,1,1,5,4,5,7,4,4,9,4,4,2,16,8,2,9,1,1,C03,7,5,1,10,2,11,,8,8,1,12,8,C03,120.649571,24.164354,2
2023,1,18,9,52,臺中市,太平區,0,2,0,8,1,5,50,4,1,1,5,4,5,7,1,1,10,5,5,2,15,25,2,9,1,1,C03,7,9,3,18,2,11,,25,25,1,22,8,C03,120.703752,24.153323,2