年,月,日,時,分,縣市,區,死,受傷,2-30,天候,光線,道路類別,速限,道路型態,事故位置,路面鋪裝,路面狀態,路面缺陷,障礙物,視距,號誌種類,號誌動作,分向設施,快車道或一般車道間,快慢車道間,路面邊線,事故類型及型態,主要肇因,受傷程度,主要傷處,保護裝備,行動電話,當事者區分,車輛用途,當事者行動狀態,駕駛資格情形,駕駛執照種類,飲酒情形,車輛撞擊部位最初,車輛撞擊部位其他,肇事因素個別,肇事因素主要,肇事逃逸,職業,旅次目的,車種,GPS緯度,GPS經度,事故類別
2023,1,18,21,8,臺中市,烏日區,0,1,0,8,3,5,50,14,9,1,5,4,5,7,4,4,1,4,5,1,27,66,3,10,1,1,B03,7,9,1,8,11,5,,23,66,1,22,8,B03,120.646375,24.110952,2
2023,1,18,21,9,臺中市,北屯區,0,0,0,8,,,50,,,,,,,,,,,,,,,23,,,,,B03,,,1,,1,,,23,,1,21,,B03,120.710013,24.167315,3
2023,1,18,21,10,臺中市,沙鹿區,0,0,0,8,,,50,,,,,,,,,,,,,,,42,,,,,B03,,,1,,2,,,42,,1,20,,B03,120.553265,24.225933,3
2023,1,18,21,13,臺中市,南區,0,1,0,8,3,5,50,4,1,1,5,4,5,7,1,1,10,5,5,2,16,9,3,10,1,1,B03,7,6,1,8,2,2,,9,9,1,22,8,B03,120.650118,24.120638,2
2023,1,18,21,13,臺中市,南屯區,0,1,0,8,3,5,50,3,2,1,5,4,5,7,1,1,5,4,4,2,18,23,2,9,3,4,C03,7,9,1,10,2,12,,23,23,1,22,9,C03,120.635452,24.149944,2
2023,1,18,21,14,臺中市,北屯區,0,1,0,8,3,5,50,14,9,1,5,4,5,7,4,4,1,4,5,2,13,16,3,10,1,1,B03,7,9,2,18,2,1,,16,16,1,21,8,B03,120.677868,24.200718,2
2023,1,18,21,23,臺中市,南區,0,1,0,8,3,5,50,4,1,1,5,4,5,7,2,1,10,5,5,2,13,42,3,10,1,1,C03,7,9,6,10,2,15,,42,42,1,21,8,C03,120.67605,24.132856,2
2023,1,18,21,31,臺中市,南屯區,0,0,0,8,3,5,50,14,9,1,5,4,5,7,4,4,5,4,5,2,12,17,,,,,B03,,,1,,1,,,17,,1,5,,B03,120.636779,24.135286,3
2023,1,18,21,32,臺中市,南屯區,0,1,0,8,1,5,50,3,18,1,5,4,5,7,4,4,10,5,5,2,3,15,3,10,1,1,B03,7,5,1,8,2,1,,15,15,1,5,8,B03,120.642811,24.153306,2
2023,1,18,21,37,臺中市,大雅區,0,0,0,8,,,50,,,,,,,,,,,,,,,23,,,,,B03,,,1,,2,,,23,,1,22,,B03,120.649223,24.216178,3
2023,1,18,21,39,臺中市,北屯區,0,0,0,8,,,80,,,,,,,,,,,,,,,7,,,,,B12,,,1,,1,,,7,,1,21,,B12,120.720892,24.171393,3
2023,1,18,21,44,臺中市,南屯區,0,0,0,8,,,50,,,,,,,,,,,,,,,23,,,,,B03,,,1,,1,,,23,,1,4,,B03,120.645513,24.147386,3
2023,1,18,21,45,臺中市,大雅區,0,1,0,8,4,5,60,14,12,1,5,4,5,7,4,4,3,4,4,1,12,7,2,9,1,1,B03,7,8,1,8,2,2,,7,7,1,22,9,B03,120.637565,24.233722,2
2023,1,18,21,45,臺中市,豐原區,0,0,0,8,,,50,,,,,,,,,,,,,,,12,,,,,B03,,,1,,2,,,12,,1,22,,B03,120.718943,24.256819,3
2023,1,18,21,55,臺中市,豐原區,0,1,0,8,3,5,50,14,9,1,5,4,5,7,1,1,4,4,5,2,13,23,2,8,1,1,F03,7,9,8,20,2,16,,23,23,1,22,9,F03,120.721024,24.251421,2
2023,1,18,22,8,臺中市,東區,0,2,0,8,3,5,50,4,1,1,5,4,5,7,1,1,10,5,5,2,16,6,2,8,1,1,C03,7,5,1,10,2,11,,6,6,1,21,8,C03,120.701487,24.140216,2
2023,1,18,22,10,臺中市,沙鹿區,0,0,0,8,,,30,,,,,,,,,,,,,,,23,,,,,A11,,,1,,2,,,23,,1,10,,A11,120.558153,24.236171,3
2023,1,18,22,15,臺中市,西屯區,0,0,0,8,,,1,,,,,,,,,,,,,,,42,,,,,C03,,,1,,1,,,42,,1,22,,C03,120.653001,24.166358,3
2023,1,18,22,43,臺中市,烏日區,0,0,0,,,,50,,,,,,,,,,,,,,,23,,,,,B03,,,1,,2,,,23,,1,22,,B03,120.609239,24.112952,3
2023,1,18,22,59,臺中市,大里區,0,1,0,8,3,5,50,3,1,1,5,4,5,7,4,4,5,4,5,1,12,8,2,9,1,1,C03,7,5,1,10,2,14,,8,8,1,18,8,C03,120.678567,24.114996,2
2023,1,18,23,2,臺中市,中區,0,0,0,,,,50,,,,,,,,,,,,,,,25,,,,,B03,,,1,,2,,,25,,1,21,,B03,120.680298,24.143095,3
2023,1,18,23,2,臺中市,南屯區,0,0,0,8,,,50,,,,,,,,,,,,,,,23,,,,,C03,,,1,,9,,,44,23,1,22,,C03,120.648849,24.139858,3
2023,1,18,23,17,臺中市,南屯區,0,0,0,8,,,50,,,,,,,,,,,,,,,17,,,,,A11,,,1,,1,,,17,,1,10,,A11,120.622553,24.149831,3
2023,1,18,23,35,臺中市,神岡區,0,2,0,8,3,5,50,14,7,1,5,4,5,7,4,4,9,4,4,2,17,23,2,9,1,1,C03,7,9,1,10,2,11,,23,23,1,22,8,C03,120.656716,24.252123,2
2023,1,18,23,38,臺中市,北區,0,2,0,8,3,5,30,4,1,1,5,4,5,7,4,4,10,5,5,2,15,6,2,7,1,1,C03,7,9,1,10,2,11,,6,6,1,22,8,C03,120.683601,24.14677,2
2023,1,18,23,38,臺中市,太平區,0,1,0,8,1,5,50,5,1,1,5,4,5,7,2,1,10,5,5,2,16,25,2,9,1,1,C03,7,15,1,10,2,14,,25,25,1,5,8,C03,120.71015,24.134782,2
2023,1,18,23,45,臺中市,西區,0,0,0,8,3,5,50,14,9,1,5,4,5,7,4,4,5,5,5,2,13,21,3,10,1,1,B03,7,9,6,18,6,5,,21,21,1,21,8,B03,120.654814,24.147657,3
2023,1,18,23,45,臺中市,沙鹿區,0,0,0,8,,,70,,,,,,,,,,,,,,,42,,,,,B03,,,1,,2,,,42,,1,9,,B03,120.580758,24.201702,3
2023,1,18,23,59,臺中市,西屯區,0,0,0,8,3,5,30,4,1,1,5,4,5,7,4,4,10,5,5,2,15,6,3,10,1,1,C03,7,9,1,10,1,11,,6,6,1,18,1,C03,120.644349,24.179911,4
2023,1,19,0,17,臺中市,西屯區,0,0,0,8,,,50,,,,,,,,,,,,,,,19,,,,,B03,,,3,,1,,,19,,1,22,,B03,120.639105,24.173186,3
2023,1,19,0,20,臺中市,西區,0,1,0,8,3,5,50,14,9,1,5,4,5,7,4,4,3,4,5,2,13,23,3,10,1,1,B03,7,9,1,8,2,1,,23,23,1,21,8,B03,120.668087,24.130031,2
2023,1,19,0,24,臺中市,大里區,0,1,0,8,1,5,50,4,1,1,5,4,5,7,1,1,1,4,5,1,29,23,2,9,1,1,C02,7,6,1,9,2,11,,23,23,1,22,8,C02,120.688298,24.094616,2
2023,1,19,0,41,臺中市,豐原區,0,1,0,8,3,5,50,11,9,1,5,4,5,7,4,4,4,4,5,1,18,14,2,9,1,1,C03,7,6,1,10,2,11,,14,14,1,5,5,C03,120.751183,24.260644,2
2023,1,19,1,30,臺中市,西屯區,0,0,0,8,3,5,50,14,7,1,5,4,5,7,4,4,5,4,4,2,13,23,3,10,1,1,B03,7,9,1,8,2,5,,23,23,1,8,3,B03,120.652627,24.176472,3
2023,1,19,1,35,臺中市,北區,0,1,0,8,4,5,50,4,1,1,5,4,5,7,2,1,10,5,5,2,13,23,2,7,1,1,C03,7,9,1,10,2,11,,23,23,1,5,8,C03,120.68298,24.16699,2
2023,1,19,1,44,臺中市,大里區,0,0,0,8,,,40,,,,,,,,,,,,,,,9,,,,,B03,,,1,,2,,,9,,1,22,,B03,120.687995,24.094319,3
2023,1,19,2,4,臺中市,西區,0,0,0,8,,,50,,,,,,,,,,,,,,,23,,,,,B03,,,1,,1,,,23,,1,21,,B03,120.682185,24.135703,4
2023,1,19,2,27,臺中市,北屯區,0,1,0,8,3,5,50,3,2,1,5,4,5,7,2,1,1,2,4,1,21,23,2,9,3,4,B03,7,9,1,8,2,1,,23,23,1,21,8,B03,120.711921,24.164628,2
2023,1,19,2,54,臺中市,西屯區,0,1,0,8,3,5,50,3,1,1,5,4,5,7,3,1,10,5,5,2,16,23,3,10,1,1,B03,7,5,1,8,2,1,,23,23,1,22,8,B03,120.644335,24.157948,2
2023,1,19,3,47,臺中市,北區,0,1,0,8,3,5,50,14,9,1,5,4,5,7,1,1,1,4,5,2,17,4,2,8,1,1,C03,7,7,1,10,2,11,,4,4,1,22,8,C03,120.682402,24.146521,2
2023,1,19,3,57,臺中市,后里區,0,1,0,4,3,5,60,14,7,1,5,4,5,7,4,4,1,4,4,1,12,23,2,9,1,1,C03,7,9,1,10,2,11,,23,23,1,5,8,C03,120.72287,24.287038,2
2023,1,19,4,21,臺中市,西屯區,0,0,0,8,3,5,50,4,1,1,5,4,5,7,3,1,10,5,5,2,15,6,3,10,1,1,B03,7,9,1,8,1,8,,6,6,1,1,5,B03,120.662481,24.169049,3
2023,1,19,4,37,臺中市,新社區,1,0,0,8,3,5,50,3,9,1,5,4,5,7,4,4,5,4,5,1,27,43,1,9,1,1,C03,7,9,1,10,11,11,,43,43,1,22,9,C03,120.819368,24.222724,1
2023,1,19,5,30,臺中市,烏日區,0,1,0,8,3,5,30,15,20,4,5,4,5,7,4,4,10,5,5,2,17,23,3,10,1,1,C03,7,9,1,10,2,15,,23,23,1,22,8,C03,120.616757,24.110126,2
2023,1,19,5,40,臺中市,東區,0,1,0,8,3,5,50,3,9,1,5,4,5,7,4,4,9,4,5,2,12,3,2,9,1,1,C03,7,9,3,18,2,13,12,44,3,1,5,1,C03,120.701229,24.126177,2
2023,1,19,5,53,臺中市,北區,0,2,0,8,4,5,50,4,1,1,5,4,5,7,2,1,10,5,5,2,11,26,2,9,1,1,C03,7,5,1,10,2,13,,26,26,1,5,8,C03,120.677382,24.152849,2
2023,1,19,6,1,臺中市,霧峰區,0,0,0,8,2,5,40,14,12,1,5,4,5,7,4,4,1,4,4,2,14,12,,,,,A12,,,1,,2,,,12,,1,22,,A12,120.662358,24.071676,3
2023,1,19,6,5,臺中市,大雅區,0,2,0,8,3,5,50,4,1,1,5,4,5,7,1,1,9,4,4,1,17,23,2,7,1,1,C03,7,9,1,10,2,11,,23,23,1,22,9,C03,120.667265,24.235705,2
2023,1,19,6,13,臺中市,南區,0,3,0,7,3,5,50,3,2,1,5,4,5,7,4,4,10,5,5,2,16,6,2,9,1,1,C03,7,9,1,10,2,14,,44,6,1,22,9,C03,120.662981,24.12609,2
2023,1,19,6,22,臺中市,大肚區,0,0,0,8,,,70,,,,,,,,,,,,,,,23,,,,,B03,,,1,,2,,,23,,1,21,,B03,120.548403,24.153895,3
2023,1,19,6,44,臺中市,太平區,0,1,0,8,1,5,50,5,1,1,5,4,5,7,2,1,10,5,5,2,15,25,3,10,1,1,B03,7,9,1,8,2,6,,25,25,1,21,8,B03,120.713098,24.143387,2
2023,1,19,6,55,臺中市,大雅區,0,1,0,8,1,5,30,3,2,1,5,4,5,7,4,4,10,5,5,1,16,6,3,10,1,1,B03,7,5,1,7,2,5,,6,6,1,22,9,B03,120.665456,24.219377,2
2023,1,19,7,10,臺中市,南屯區,0,1,0,8,1,5,40,14,8,1,5,4,5,7,4,4,9,4,4,2,14,12,3,10,1,1,B03,7,2,1,8,2,6,,12,12,1,22,9,B03,120.628237,24.119717,2
2023,1,19,7,10,臺中市,北屯區,0,0,0,8,,,50,,,,,,,,,,,,,,,19,,,,,B03,,,1,,1,,,19,,1,21,,B03,120.685873,24.17578,3
2023,1,19,7,15,臺中市,大肚區,0,0,0,8,,,50,,,,,,,,,,,,,,,9,,,,,G03,,,1,,2,,,9,,1,21,,G03,120.57647,24.11883,3
2023,1,19,7,17,臺中市,沙鹿區,0,1,0,8,1,5,50,4,2,1,5,4,5,7,1,1,1,2,5,1,17,40,3,10,1,1,B12,7,14,1,8,2,2,,40,40,1,4,8,B12,120.562456,24.233421,2
2023,1,19,7,20,臺中市,北屯區,0,1,0,8,1,5,30,14,9,1,5,4,5,7,4,4,10,5,5,1,12,23,2,8,1,1,C03,7,9,1,10,2,11,,23,23,1,4,8,C03,120.692281,24.202348,2
2023,1,19,7,20,臺中市,大里區,0,0,0,8,,,50,,,,,,,,,,,,,,,23,,,,,B03,,,1,,2,,,44,23,1,22,,B03,120.695582,24.099581,3
2023,1,19,7,22,臺中市,北區,0,1,0,8,1,5,50,3,1,1,5,4,5,7,4,4,5,5,5,2,27,14,2,9,1,1,C03,7,9,1,10,2,11,,14,14,1,22,8,C03,120.698638,24.157301,2
2023,1,19,7,29,臺中市,大肚區,0,0,0,8,,,50,,,,,,,,,,,,,,,23,,,,,C03,,,1,,2,,,23,,1,2,,C03,120.58231,24.172108,3
2023,1,19,7,30,臺中市,大雅區,0,2,0,8,1,5,40,14,8,1,5,4,5,7,4,4,1,4,4,1,13,16,2,8,1,1,C03,7,9,1,10,2,11,,16,16,1,22,8,C03,120.645202,24.225274,2
2023,1,19,7,30,臺中市,大肚區,0,1,0,8,1,5,50,3,1,1,5,4,5,7,4,4,1,4,5,2,16,6,3,10,1,1,B03,7,6,1,8,2,6,,6,6,1,4,1,B03,120.577083,24.118678,2
2023,1,19,7,30,臺中市,神岡區,0,0,0,,,,40,,,,,,,,,,,,,,,5,,,,,B03,,,1,,1,,,5,,1,22,,B03,120.672099,24.269329,3
2023,1,19,7,31,臺中市,潭子區,0,2,0,8,1,5,50,14,9,1,5,4,5,7,4,4,5,4,5,1,13,23,2,9,1,1,C03,7,9,1,9,2,11,,23,23,1,22,8,C03,120.722619,24.204066,2
2023,1,19,7,31,臺中市,北屯區,0,1,0,8,1,5,50,4,1,1,5,4,5,7,1,1,10,5,5,2,16,27,3,10,1,1,C03,7,6,1,10,2,12,,27,27,1,21,8,C03,120.691153,24.175289,2
2023,1,19,7,32,臺中市,北屯區,0,1,0,8,1,5,50,4,1,1,5,4,5,7,1,1,5,2,4,2,12,7,2,9,1,1,C03,7,7,1,10,2,14,,7,7,1,22,8,C03,120.702059,24.159862,2
2023,1,19,7,34,臺中市,梧棲區,0,0,0,8,,,50,,,,,,,,,,,,,,,16,,,,,B03,,,1,,2,,,16,,1,3,,B03,120.522466,24.223921,4
2023,1,19,7,35,臺中市,西區,0,0,0,8,,,50,,,,,,,,,,,,,,,6,,,,,B03,,,1,,1,,,6,6,1,22,,B03,120.671236,24.145493,3
2023,1,19,7,35,臺中市,西屯區,0,1,0,8,1,5,40,14,8,1,5,4,5,7,4,4,5,4,4,2,17,43,3,10,1,1,B03,7,8,1,8,2,7,,43,43,1,22,8,B03,120.644311,24.203483,2
2023,1,19,7,36,臺中市,西屯區,0,0,0,8,,,50,,,,,,,,,,,,,,,7,,,,,B03,,,1,,1,,,7,,1,12,,B03,120.593948,24.17594,3
2023,1,19,7,37,臺中市,北區,0,1,0,8,1,5,50,3,1,1,5,4,5,7,4,4,3,4,5,2,17,6,3,10,1,1,B03,7,10,1,8,2,2,,6,6,1,22,9,B03,120.675157,24.163245,2
2023,1,19,7,37,臺中市,沙鹿區,0,1,0,8,1,5,50,4,1,1,5,4,5,7,4,4,1,4,4,2,18,42,2,9,1,1,C03,7,9,1,10,9,14,,42,42,1,4,8,C03,120.561625,24.233809,2
2023,1,19,7,40,臺中市,大雅區,0,1,0,8,1,5,50,5,2,1,5,4,5,7,1,1,5,5,5,1,16,6,3,10,1,1,A12,7,5,1,1,2,4,,6,6,1,22,9,A12,120.672982,24.210879,2
2023,1,19,7,41,臺中市,東區,0,2,0,8,1,5,40,3,1,1,5,4,5,7,4,4,10,5,5,2,16,6,2,9,1,1,C03,7,5,1,10,2,11,,6,6,1,22,8,C03,120.693532,24.147359,2
2023,1,19,7,44,臺中市,豐原區,0,2,0,8,1,5,50,14,20,1,5,4,5,7,4,4,5,4,5,1,17,26,2,9,1,1,C03,7,6,1,10,1,11,,26,26,1,22,8,C03,120.708916,24.249726,2
2023,1,19,7,45,臺中市,霧峰區,0,0,0,8,,,30,,,,,,,,,,,,,,,23,,,,,B03,,,1,,2,,,23,,1,22,,B03,120.681743,24.061938,3
2023,1,19,7,45,臺中市,沙鹿區,0,0,0,8,,,50,,,,,,,,,,,,,,,23,,,,,B12,,,1,,2,,,23,,1,22,,B12,120.601029,24.259491,3
2023,1,19,7,46,臺中市,沙鹿區,0,1,0,8,1,5,50,4,1,1,5,4,5,7,1,1,1,2,4,2,17,8,2,9,1,1,C03,7,5,1,10,2,14,,8,8,1,20,8,C03,120.559596,24.23723,2
2023,1,19,7,47,臺中市,太平區,0,2,0,8,1,5,50,14,9,1,5,4,5,7,4,4,1,4,5,2,13,43,2,8,1,1,C03,7,9,1,10,2,11,,43,43,1,9,1,C03,120.716828,24.155132,2
2023,1,19,7,48,臺中市,沙鹿區,0,2,0,8,1,5,30,3,1,1,5,4,5,3,4,4,10,5,5,2,16,8,2,9,1,1,C03,7,5,1,10,2,11,,8,14,1,22,9,C03,120.601001,24.259927,2
2023,1,19,7,49,臺中市,南屯區,0,1,0,8,1,5,30,11,9,1,5,4,5,7,4,4,10,5,5,2,18,23,2,9,1,1,C03,7,5,1,10,2,12,,23,23,1,22,8,C03,120.599641,24.143762,2
2023,1,19,7,49,臺中市,北屯區,0,0,0,8,,,50,,,,,,,,,,,,,,,23,,,,,B12,,,1,,1,,,23,,1,21,,B12,120.686096,24.180573,3
2023,1,19,7,51,臺中市,東區,0,2,0,8,1,5,50,14,9,1,5,4,5,7,4,4,5,4,5,2,11,23,2,9,1,1,C03,7,9,1,10,2,12,,23,23,1,19,8,C03,120.691843,24.140233,2
2023,1,19,7,51,臺中市,大甲區,0,1,0,8,2,5,50,14,9,1,5,4,5,7,4,4,9,5,5,1,13,23,2,9,1,1,C03,7,9,1,10,2,11,,23,23,1,9,1,C03,120.65078,24.38159,2
2023,1,19,7,52,臺中市,西屯區,0,1,0,8,1,5,50,3,1,1,5,4,5,7,4,4,5,5,5,2,16,19,3,10,1,1,B03,7,1,1,8,1,5,,19,19,1,22,8,B03,120.615561,24.175955,2
2023,1,19,7,52,臺中市,大甲區,0,1,0,8,1,5,50,4,1,1,5,4,5,7,1,1,10,5,5,2,15,25,3,10,1,1,B03,7,1,1,8,2,8,,25,25,1,21,8,B03,120.63013,24.36519,2
2023,1,19,7,53,臺中市,沙鹿區,0,1,0,8,1,5,50,14,9,1,5,4,5,7,4,4,9,5,5,1,16,10,3,10,1,1,B03,7,11,1,8,2,7,,10,10,1,4,8,B03,120.594748,24.260882,2
2023,1,19,7,53,臺中市,豐原區,0,0,0,8,,,50,,,,,,,,,,,,,,,16,,,,,B03,,,1,,2,,,16,,1,22,,B03,120.700803,24.24885,3
2023,1,19,7,54,臺中市,大里區,0,2,0,8,1,5,50,4,1,1,5,4,5,7,1,1,10,5,5,2,16,25,2,8,1,1,C03,7,9,1,10,2,11,,25,25,1,5,9,C03,120.689735,24.107993,2
2023,1,19,7,55,臺中市,大里區,0,0,0,8,,,40,,,,,,,,,,,,,,,23,,,,,C03,,,1,,2,,,23,,1,9,,C03,120.708926,24.103354,3
2023,1,19,7,56,臺中市,大里區,0,0,0,8,,,50,,,,,,,,,,,,,,,23,,,,,C03,,,1,,1,,,23,,1,22,,C03,120.70975,24.094478,3
2023,1,19,7,58,臺中市,北屯區,0,1,0,8,1,5,50,14,9,1,5,4,5,7,4,4,5,5,5,2,13,16,2,8,1,1,C03,7,9,1,10,2,11,,16,16,1,21,8,C03,120.698984,24.160742,2
2023,1,19,7,58,臺中市,西屯區,0,1,0,8,1,5,50,4,1,1,5,4,5,7,1,1,10,5,5,2,16,6,3,10,1,1,B03,7,5,1,8,2,2,,6,6,1,4,8,B03,120.622067,24.180807,2
2023,1,19,8,3,臺中市,北區,0,1,0,8,1,5,40,14,7,1,5,4,5,7,4,4,1,4,4,2,13,7,3,10,1,1,C03,7,7,1,10,2,13,,7,7,1,5,5,C03,120.672048,24.171201,2
2023,1,19,8,4,臺中市,太平區,0,1,0,8,1,5,50,4,1,1,5,4,5,7,3,1,10,5,5,2,17,26,3,10,1,1,C03,7,15,1,10,11,11,,26,26,1,21,8,C03,120.715994,24.134422,2
2023,1,19,8,6,臺中市,大肚區,0,2,0,8,1,5,30,4,1,1,5,4,5,7,4,4,10,5,5,2,15,6,3,10,1,1,B03,7,9,1,8,2,5,,6,6,1,4,8,B03,120.536023,24.172863,2
2023,1,19,8,10,臺中市,西屯區,0,1,0,8,1,5,50,3,1,1,5,4,5,7,4,4,4,3,4,2,16,6,3,10,1,1,C03,7,5,1,10,2,11,,6,6,1,22,8,C03,120.641204,24.187113,2
2023,1,19,8,11,臺中市,西屯區,0,1,0,8,1,5,50,4,1,1,5,4,5,7,1,1,9,4,4,2,3,15,3,10,1,1,B03,7,8,1,8,2,1,,15,15,1,12,8,B03,120.623901,24.185436,2
2023,1,19,8,13,臺中市,西屯區,0,0,0,8,,,30,,,,,,,,,,,,,,,23,,,,,B12,,,1,,1,,,23,,1,22,,B12,120.622741,24.201393,3
2023,1,19,8,14,臺中市,西屯區,0,1,0,8,1,5,50,4,1,1,5,4,5,7,2,1,10,5,5,2,18,42,2,9,1,1,C03,7,9,1,10,2,12,,42,42,1,22,8,C03,120.615536,24.174778,2
2023,1,19,8,15,臺中市,西區,0,2,0,8,1,5,50,4,1,1,5,4,5,7,1,1,10,5,5,2,13,23,2,8,1,1,C03,7,9,1,10,2,12,,23,23,1,22,8,C03,120.660286,24.140168,2
2023,1,19,8,15,臺中市,豐原區,0,0,0,8,,,,,,,,,,,,,,,,,,67,,,,,,,,,,,,,67,,1,22,,,120.730102,24.248231,3
2023,1,19,8,16,臺中市,東區,0,0,0,8,,,50,,,,,,,,,,,,,,,23,,,,,B03,,,1,,2,,,23,,1,22,,B03,120.697168,24.14028,3
2023,1,19,8,17,臺中市,西屯區,0,1,0,8,1,5,50,14,9,1,5,4,5,7,1,1,10,4,5,2,16,44,2,9,1,1,C03,7,6,1,10,2,12,,25,44,1,4,8,C03,120.629058,24.205495,2
2023,1,19,8,19,臺中市,潭子區,0,0,0,8,,,50,,,,,,,,,,,,,,,23,,,,,B03,,,1,,2,,,23,,2,22,,B03,120.695087,24.224373,3
2023,1,19,8,19,臺中市,南屯區,0,1,0,8,1,5,50,14,7,1,5,4,5,7,4,4,5,4,4,2,16,26,3,10,1,1,C03,7,5,1,10,2,12,,26,26,1,22,8,C03,120.61172,24.135431,2
2023,1,19,8,20,臺中市,太平區,0,0,0,8,,,50,,,,,,,,,,,,,,,6,,,,,C03,,,1,,2,,,6,,1,22,,C03,120.727406,24.145582,3
2023,1,19,8,22,臺中市,北屯區,0,0,0,8,,,50,,,,,,,,,,,,,,,23,,,,,B03,,,1,,11,,,23,,1,22,,B03,120.691728,24.171618,3
2023,1,19,8,22,臺中市,西屯區,0,0,0,8,,,40,,,,,,,,,,,,,,,23,,,,,B03,,,1,,2,,,23,,1,22,,B03,120.634948,24.179291,3
2023,1,19,8,23,臺中市,龍井區,0,1,0,8,1,5,50,4,1,1,5,4,5,7,4,4,10,5,5,2,17,6,2,7,1,1,C02,7,9,1,9,2,12,,6,6,1,2,4,C02,120.545827,24.177218,2
2023,1,19,8,25,臺中市,東區,0,1,0,8,1,5,50,4,1,1,5,4,5,7,1,1,10,5,5,2,12,6,3,10,1,1,B03,7,6,1,8,2,2,,6,6,1,22,8,B03,120.707379,24.138911,2
2023,1,19,8,25,臺中市,大里區,0,2,0,8,1,5,50,14,9,1,5,4,5,7,4,4,9,5,4,2,16,7,3,10,1,1,B03,7,8,1,8,2,2,,7,7,1,22,8,B03,120.692858,24.081881,2
2023,1,19,8,26,臺中市,南屯區,0,3,0,8,1,5,50,4,1,1,5,4,5,7,2,1,3,3,5,2,17,17,2,9,1,1,C03,7,9,1,10,2,11,14,17,17,1,22,8,C03,120.651528,24.15093,2
2023,1,19,8,26,臺中市,西屯區,0,1,0,8,1,5,50,14,9,1,5,4,5,7,4,4,9,4,5,2,16,19,3,10,1,1,B03,7,1,1,8,2,1,,19,19,1,12,8,B03,120.639845,24.179483,2
2023,1,19,8,27,臺中市,龍井區,0,0,0,8,,,30,,,,,,,,,,,,,,,6,,,,,B03,,,1,,2,,,6,,1,2,,B03,120.589498,24.180452,3
2023,1,19,8,29,臺中市,南屯區,0,1,0,8,1,5,50,4,1,1,5,4,5,7,4,4,5,5,5,2,15,6,3,10,1,1,B03,7,9,1,8,2,1,,6,6,1,22,8,B03,120.653834,24.137843,2
2023,1,19,8,29,臺中市,太平區,0,2,0,8,1,5,50,14,9,1,5,4,5,7,4,4,5,5,5,2,13,16,2,8,1,1,C03,7,12,1,10,2,12,,16,16,1,21,8,C03,120.70626,24.12968,2
2023,1,19,8,30,臺中市,西區,0,0,0,8,,,50,,,,,,,,,,,,,,,6,,,,,C03,,,1,,2,,,6,,1,22,,C03,120.672886,24.151579,3
2023,1,19,8,30,臺中市,南屯區,0,0,0,8,,,30,,,,,,,,,,,,,,,12,,,,,B03,,,1,,1,,,12,,1,22,,B03,120.646944,24.139166,3
2023,1,19,8,32,臺中市,中區,0,1,0,8,1,5,50,4,2,1,5,4,5,7,4,4,5,5,4,2,17,44,3,10,3,4,B12,7,6,1,5,2,4,,44,44,1,22,5,B12,120.679715,24.148041,2
2023,1,19,8,32,臺中市,南屯區,0,0,0,8,,,50,,,,,,,,,,,,,,,42,,,,,B03,,,1,,1,,,42,,1,4,,B03,120.632773,24.137474,4
2023,1,19,8,33,臺中市,北屯區,0,0,0,8,,,50,,,,,,,,,,,,,,,23,,,,,B02,,,6,,1,,,23,,1,4,,B02,120.680256,24.17568,3
2023,1,19,8,36,臺中市,大里區,0,0,0,8,,,30,,,,,,,,,,,,,,,12,,,,,B03,,,8,,10,,,44,12,1,22,,B03,120.679337,24.100811,3
2023,1,19,8,42,臺中市,大雅區,0,1,0,8,1,5,50,4,2,1,5,4,5,7,4,4,5,5,5,2,16,19,3,10,1,1,B03,7,1,1,6,2,8,,19,19,1,22,9,B03,120.652791,24.223983,2
2023,1,19,8,42,臺中市,后里區,0,1,0,8,1,5,50,4,1,1,5,4,5,7,1,1,10,5,5,2,13,23,3,10,1,1,B03,7,9,1,8,2,8,,23,23,1,4,5,B03,120.706675,24.31158,2
2023,1,19,8,44,臺中市,神岡區,0,0,0,8,,,50,,,,,,,,,,,,,,,16,,,,,B03,,,1,,2,,,16,,1,22,,B03,120.658624,24.266331,3
2023,1,19,8,48,臺中市,西屯區,0,0,0,8,,,50,,,,,,,,,,,,,,,16,,,,,C03,,,1,,1,,,16,,1,22,,C03,120.646841,24.165074,3
2023,1,19,8,48,臺中市,霧峰區,0,1,0,8,1,5,40,4,1,1,5,4,5,7,1,1,1,4,5,1,13,23,3,10,1,1,A11,7,9,1,3,2,1,,23,23,1,22,8,A11,120.692728,24.081801,2
2023,1,19,8,50,臺中市,南屯區,0,1,0,8,1,5,50,3,1,1,5,4,5,7,2,1,2,3,5,2,12,23,2,9,1,1,C03,7,9,1,10,2,11,14,23,23,1,22,8,C03,120.651625,24.150908,2
2023,1,19,8,50,臺中市,神岡區,0,0,0,8,,,30,,,,,,,,,,,,,,,17,,,,,B12,,,1,,1,,,17,,1,12,,B12,120.683199,24.274905,3
2023,1,19,8,52,臺中市,東區,0,1,0,8,1,5,50,4,1,1,5,4,5,7,4,4,10,5,5,2,12,1,3,10,1,1,B12,7,9,6,8,2,2,,1,1,1,22,8,B12,120.707891,24.139957,2