年,月,日,時,分,縣市,區,死,受傷,2-30,天候,光線,道路類別,速限,道路型態,事故位置,路面鋪裝,路面狀態,路面缺陷,障礙物,視距,號誌種類,號誌動作,分向設施,快車道或一般車道間,快慢車道間,路面邊線,事故類型及型態,主要肇因,受傷程度,主要傷處,保護裝備,行動電話,當事者區分,車輛用途,當事者行動狀態,駕駛資格情形,駕駛執照種類,飲酒情形,車輛撞擊部位最初,車輛撞擊部位其他,肇事因素個別,肇事因素主要,肇事逃逸,職業,旅次目的,車種,GPS緯度,GPS經度,事故類別
2023,1,19,16,15,臺中市,豐原區,0,3,0,8,1,5,50,14,8,1,5,4,5,7,4,4,4,4,4,2,2,17,2,8,1,1,F03,7,9,8,20,2,16,,17,17,1,15,2,F03,120.713338,24.239552,2
2023,1,19,16,17,臺中市,潭子區,0,2,0,8,1,5,50,14,9,1,5,4,5,7,3,1,5,4,5,2,17,26,2,9,2,1,F01,7,11,8,20,2,16,,26,26,1,22,8,F01,120.709259,24.22981,2
2023,1,19,16,19,臺中市,東勢區,0,0,0,8,,,40,,,,,,,,,,,,,,,23,,,,,B03,,,1,,2,,,23,,1,5,,B03,120.825681,24.254695,3
2023,1,19,16,20,臺中市,大里區,0,1,0,8,1,5,80,14,7,1,5,4,5,7,4,4,1,4,5,1,13,16,3,10,1,1,A12,7,9,1,7,2,1,,16,16,1,12,8,A12,120.690704,24.098029,2
2023,1,19,16,22,臺中市,沙鹿區,0,0,0,8,,,70,,,,,,,,,,,,,,,16,,,,,B03,,,1,,1,,,16,,1,5,,B03,120.601584,24.249473,3
2023,1,19,16,23,臺中市,北屯區,0,0,0,8,,,50,,,,,,,,,,,,,,,23,,,,,B02,,,1,,1,,,23,,1,21,,B02,120.690746,24.163,3
2023,1,19,16,23,臺中市,西屯區,0,0,0,8,,,50,,,,,,,,,,,,,,,23,,,,,B03,,,1,,1,,,23,,1,19,,B03,120.626319,24.184423,3
2023,1,19,16,23,臺中市,大里區,0,0,0,8,,,50,,,,,,,,,,,,,,,16,,,,,B03,,,1,,2,,,16,,1,4,,B03,120.698576,24.0896,3
2023,1,19,16,23,臺中市,沙鹿區,0,2,0,8,1,5,40,14,8,1,5,4,4,7,4,4,1,4,4,2,12,42,2,9,1,1,C03,7,9,1,10,2,11,,42,42,1,18,8,C03,120.563369,24.247801,2
2023,1,19,16,24,臺中市,大肚區,0,0,0,8,,,70,,,,,,,,,,,,,,,7,,,,,A31,,,1,,2,,,7,,1,10,,A31,120.545823,24.159527,3
2023,1,19,16,25,臺中市,沙鹿區,0,0,0,8,,,50,,,,,,,,,,,,,,,23,,,,,B03,,,1,,2,,,23,23,1,3,,B03,120.560896,24.208777,3
2023,1,19,16,27,臺中市,中區,0,0,0,8,,,50,,,,,,,,,,,,,,,12,,,,,B03,,,1,,2,,,12,12,1,22,,B03,120.680732,24.138669,3
2023,1,19,16,30,臺中市,南區,0,1,0,8,1,5,50,4,1,1,5,4,5,7,1,1,10,5,5,2,3,23,3,10,1,1,B11,7,9,1,7,2,1,,23,23,1,22,8,B11,120.680513,24.129012,2
2023,1,19,16,31,臺中市,大里區,0,1,0,8,2,5,60,4,1,1,5,4,5,7,1,1,10,5,5,2,16,26,3,10,1,1,B12,7,6,1,8,2,5,,26,26,1,5,3,B12,120.665058,24.083333,2
2023,1,19,16,32,臺中市,南屯區,0,0,0,,,,50,,,,,,,,,,,,,,,6,,,,,B01,,,1,,1,,,6,,1,4,,B01,120.616235,24.152708,3
2023,1,19,16,32,臺中市,北屯區,0,0,0,8,,,50,,,,,,,,,,,,,,,6,,,,,B03,,,1,,1,,,6,,1,5,,B03,120.692013,24.182689,3
2023,1,19,16,32,臺中市,西屯區,0,1,0,8,1,5,50,4,2,1,5,4,5,7,2,1,8,3,4,1,17,23,3,10,1,1,C03,7,9,1,10,11,11,,23,23,1,22,8,C03,120.644164,24.201417,2
2023,1,19,16,33,臺中市,神岡區,0,1,0,8,1,5,50,3,1,1,5,4,5,7,2,1,5,4,4,2,13,16,2,9,1,1,C03,7,9,1,10,2,11,,16,16,1,22,8,C03,120.681879,24.24713,2
2023,1,19,16,36,臺中市,南區,0,0,0,,,,50,,,,,,,,,,,,,,,16,,,,,C03,,,1,,2,,,16,,1,21,,C03,120.684569,24.130525,3
2023,1,19,16,36,臺中市,烏日區,0,0,0,8,,,50,,,,,,,,,,,,,,,7,,,,,C03,,,3,,2,,,7,,1,21,,C03,120.641745,24.106841,3
2023,1,19,16,36,臺中市,大甲區,0,1,0,8,1,5,50,3,1,1,5,4,5,7,4,4,10,5,5,2,16,6,3,10,1,1,C03,7,5,1,10,2,11,,6,6,1,22,9,C03,120.627656,24.348813,2
2023,1,19,16,37,臺中市,北屯區,0,1,0,8,1,5,50,14,9,1,5,4,5,7,4,4,1,4,5,2,17,42,2,8,1,1,C03,7,9,1,10,2,15,,42,42,1,22,8,C03,120.701993,24.182893,2
2023,1,19,16,38,臺中市,南屯區,0,1,0,8,1,5,50,4,1,1,5,4,5,7,1,1,10,5,5,2,16,6,3,10,3,4,B03,7,5,1,8,2,1,,6,6,1,22,8,B03,120.649917,24.140957,2
2023,1,19,16,39,臺中市,烏日區,0,0,0,8,1,5,30,4,1,1,5,4,5,7,4,4,10,5,5,2,15,6,3,10,3,4,B03,7,9,1,8,2,5,,6,6,1,21,9,B03,120.630042,24.079952,3
2023,1,19,16,40,臺中市,西屯區,0,1,0,8,1,5,50,4,1,1,5,4,5,7,1,1,10,5,5,2,16,6,3,10,1,1,B02,7,5,1,8,2,2,,6,6,1,22,8,B02,120.622567,24.174965,2
2023,1,19,16,41,臺中市,西區,0,0,0,8,,,50,,,,,,,,,,,,,,,23,,,,,B03,,,1,,2,,,23,,1,22,,B03,120.655815,24.146601,3
2023,1,19,16,44,臺中市,沙鹿區,0,1,0,8,1,5,30,14,9,1,5,4,5,6,4,4,10,5,5,2,9,23,3,10,1,1,B03,7,9,1,8,2,2,,23,23,1,4,8,B03,120.570336,24.215992,2
2023,1,19,16,45,臺中市,南區,0,2,0,8,1,5,50,3,1,1,5,4,5,7,1,1,10,5,5,2,16,8,2,3,1,1,C03,7,5,3,18,2,14,,8,8,1,5,8,C03,120.654686,24.121365,2
2023,1,19,16,45,臺中市,南區,0,1,0,8,1,5,50,14,9,1,5,4,5,7,4,4,5,4,5,2,17,40,3,10,1,1,B03,7,15,1,8,2,4,,40,40,1,22,8,B03,120.669982,24.122362,2
2023,1,19,16,45,臺中市,北屯區,0,2,0,8,1,5,50,4,1,1,5,4,5,7,4,4,10,5,5,2,15,6,2,9,1,1,C03,7,9,1,10,2,14,,6,6,1,21,8,C03,120.707911,24.181296,2
2023,1,19,16,45,臺中市,豐原區,0,2,0,8,1,5,50,4,1,1,5,4,5,7,1,1,10,5,5,2,16,6,2,9,3,4,C03,7,5,1,10,2,12,,6,6,1,22,8,C03,120.745208,24.255224,2
2023,1,19,16,47,臺中市,西區,0,1,0,8,1,5,50,14,9,1,5,4,5,7,4,4,5,4,5,2,13,23,2,9,3,4,C03,7,9,1,10,1,11,,23,23,1,22,5,C03,120.67578,24.138786,2
2023,1,19,16,47,臺中市,南屯區,0,2,0,8,1,5,50,3,1,1,5,4,5,7,4,4,10,5,5,2,16,7,2,9,1,1,C03,7,7,1,10,1,14,,7,7,1,5,8,C03,120.650943,24.140821,2
2023,1,19,16,47,臺中市,大甲區,0,2,0,8,1,5,50,14,8,1,5,4,5,7,4,4,5,4,4,1,16,26,2,9,1,1,C03,7,9,1,10,2,11,,44,26,1,16,2,C03,120.639336,24.362772,2
2023,1,19,16,48,臺中市,太平區,0,1,0,8,2,5,50,3,1,1,5,4,5,7,4,4,5,5,5,2,16,6,3,10,1,1,B12,7,9,1,7,2,5,,6,6,1,21,8,B12,120.716813,24.101782,2
2023,1,19,16,50,臺中市,東區,0,1,0,8,1,5,50,14,9,1,5,4,5,7,4,4,5,5,5,2,16,10,2,8,1,1,F03,7,11,8,20,2,16,,10,10,1,22,8,F03,120.708263,24.140991,2
2023,1,19,16,50,臺中市,西屯區,0,1,0,8,1,5,40,3,1,1,5,4,5,7,4,4,10,5,5,2,17,23,3,10,3,4,B03,7,9,1,8,2,1,2,23,16,1,22,8,B03,120.602623,24.183133,2
2023,1,19,16,52,臺中市,北區,0,1,0,8,1,5,50,4,1,1,5,4,5,7,4,4,5,4,5,2,17,6,3,10,1,1,B03,7,9,6,7,2,15,,6,6,1,22,8,B03,120.674819,24.147894,2
2023,1,19,16,55,臺中市,清水區,0,0,0,,,,50,,,,,,,,,,,,,,,17,,,,,B03,,,1,,1,,,17,,1,22,,B03,120.572637,24.269429,3
2023,1,19,16,57,臺中市,大里區,0,2,0,8,1,5,50,16,9,1,5,4,5,7,4,4,10,5,5,1,11,4,2,8,1,1,C03,7,9,1,10,2,14,,4,4,1,5,8,C03,120.690198,24.105431,2
2023,1,19,16,58,臺中市,豐原區,0,1,0,8,1,5,50,5,1,1,5,4,5,7,1,1,10,5,5,2,18,42,2,9,3,1,F01,7,6,8,20,2,16,,42,42,1,22,8,F01,120.727494,24.259286,2
2023,1,19,16,59,臺中市,東區,0,0,0,8,,,50,,,,,,,,,,,,,,,16,,,,,B03,,,1,,2,,,16,,1,22,,B03,120.697299,24.147967,3
2023,1,19,16,59,臺中市,梧棲區,0,1,0,8,1,5,50,4,1,1,5,4,5,7,4,4,10,5,5,1,15,6,2,8,1,1,C03,7,9,1,10,2,11,,23,6,1,21,8,C03,120.535718,24.244472,2
2023,1,19,17,0,臺中市,大里區,0,1,0,8,1,5,50,14,9,1,5,4,5,7,4,4,5,5,5,1,12,17,3,10,1,1,B12,7,4,1,8,11,5,,17,1,1,4,8,B12,120.707947,24.086879,2
2023,1,19,17,0,臺中市,清水區,0,1,0,8,1,5,40,14,8,1,5,4,5,7,4,4,1,4,4,1,14,12,3,10,1,1,B03,7,2,1,8,2,7,,12,12,1,22,8,B03,120.57313,24.276958,2
2023,1,19,17,1,臺中市,西屯區,0,1,0,8,1,5,50,4,1,1,5,4,5,7,4,4,10,5,5,2,16,6,2,9,3,4,C03,7,5,1,10,2,11,,6,6,1,22,8,C03,120.623837,24.177442,2
2023,1,19,17,1,臺中市,清水區,0,1,0,8,2,5,50,3,1,1,5,4,5,7,4,4,10,5,5,2,18,14,2,9,1,1,C03,7,9,1,10,2,12,,14,14,1,21,8,C03,120.565909,24.268617,2
2023,1,19,17,2,臺中市,北區,0,2,0,8,1,5,50,4,1,1,5,4,5,7,1,1,5,4,5,2,17,19,2,9,1,1,C03,7,1,1,10,1,14,,19,19,1,22,8,C03,120.680855,24.149219,2
2023,1,19,17,7,臺中市,大里區,0,0,0,8,,,80,,,,,,,,,,,,,,,23,,,,,B03,,,1,,2,,,23,,1,22,,B03,120.690704,24.098029,3
2023,1,19,17,10,臺中市,豐原區,0,0,0,8,,,50,,,,,,,,,,,,,,,8,,,,,B03,,,1,,2,,,8,,1,22,,B03,120.72043,24.262424,3
2023,1,19,17,11,臺中市,北區,0,1,0,8,2,5,50,4,1,1,5,4,5,7,4,4,10,5,5,2,16,6,3,10,1,1,B03,7,9,1,8,2,2,,6,6,1,22,8,B03,120.695978,24.156712,2
2023,1,19,17,13,臺中市,北屯區,0,1,0,8,2,5,50,4,1,1,5,4,5,7,1,1,10,5,5,2,16,6,3,10,1,1,B03,7,5,1,8,2,1,,6,6,1,22,8,B03,120.687838,24.173097,2
2023,1,19,17,14,臺中市,北屯區,0,1,0,8,1,5,50,14,7,1,5,4,5,7,4,4,7,4,4,2,13,23,2,9,1,1,C03,7,9,1,10,2,12,11,23,23,1,19,8,C03,120.691835,24.172773,2
2023,1,19,17,14,臺中市,北屯區,0,1,0,8,1,5,50,14,7,1,5,4,5,7,4,4,1,4,4,2,13,16,3,10,1,1,B03,7,9,1,8,2,1,,16,16,1,22,8,B03,120.702028,24.182756,2
2023,1,19,17,14,臺中市,西屯區,0,1,0,8,1,5,50,4,1,1,5,4,5,7,4,4,10,5,5,2,13,23,2,9,1,1,C03,7,9,1,10,2,11,,23,23,1,18,8,C03,120.645106,24.177378,2
2023,1,19,17,18,臺中市,北屯區,0,0,0,8,,,40,,,,,,,,,,,,,,,16,,,,,C03,,,1,,1,,,16,,1,21,,C03,120.714345,24.164493,3
2023,1,19,17,18,臺中市,大里區,0,0,0,8,,,50,,,,,,,,,,,,,,,17,,,,,C03,,,1,,2,,,17,,1,5,,C03,120.69007,24.104478,3
2023,1,19,17,20,臺中市,太平區,0,1,0,8,1,5,40,14,9,1,5,4,5,7,4,4,5,5,5,2,13,17,2,8,1,1,C03,7,9,1,10,2,11,,17,17,1,22,8,C03,120.706237,24.127624,2
2023,1,19,17,21,臺中市,西區,0,1,0,8,2,5,50,3,1,1,5,4,5,7,2,1,10,5,5,2,16,6,3,10,1,1,B03,7,5,1,8,2,5,,6,6,1,21,8,B03,120.661743,24.16016,2
2023,1,19,17,22,臺中市,西區,0,2,0,8,2,5,50,3,1,1,5,4,5,7,4,4,5,5,5,2,16,19,2,9,3,4,C03,7,1,3,18,2,12,,19,19,1,20,8,C03,120.65886,24.150126,2
2023,1,19,17,25,臺中市,東區,0,0,0,,,,50,,,,,,,,,,,,,,,23,,,,,B03,,,1,,2,,,23,,1,21,,B03,120.68787,24.136535,3
2023,1,19,17,35,臺中市,北區,0,0,0,,,,,,,,,,,,,,,,,,,67,,,,,,,,,,,,,67,,1,,,,120.668673,24.17324,3
2023,1,19,17,36,臺中市,北屯區,0,1,0,8,2,5,50,4,1,1,5,4,5,7,1,1,5,4,4,2,13,16,2,9,1,1,C03,7,9,1,10,2,11,,16,16,1,21,8,C03,120.668973,24.192461,2
2023,1,19,17,36,臺中市,西屯區,0,1,0,8,3,5,50,4,2,1,5,4,5,7,3,1,8,3,5,1,13,23,2,9,1,1,C03,7,9,1,10,2,11,,23,23,1,22,8,C03,120.62673,24.180228,2
2023,1,19,17,39,臺中市,豐原區,0,1,0,8,1,5,50,5,1,1,5,4,5,7,4,4,10,5,5,2,15,6,2,9,3,4,B03,7,9,1,8,2,2,,6,6,1,22,8,B03,120.721686,24.246758,2
2023,1,19,17,42,臺中市,北屯區,0,0,0,8,,,50,,,,,,,,,,,,,,,6,,,,,B03,,,1,,1,,,6,,1,22,,B03,120.666027,24.186653,3
2023,1,19,17,43,臺中市,西屯區,0,0,0,8,,,50,,,,,,,,,,,,,,,12,,,,,B03,,,1,,11,,,12,,1,22,,B03,120.613225,24.173266,3
2023,1,19,17,44,臺中市,東區,0,0,0,,,,30,,,,,,,,,,,,,,,6,,,,,C03,,,1,,2,,,6,,1,5,,C03,120.697154,24.137213,3
2023,1,19,17,45,臺中市,西區,0,0,0,8,,,50,,,,,,,,,,,,,,,12,,,,,B03,,,1,,1,,,12,,1,4,,B03,120.670017,24.133277,3
2023,1,19,17,45,臺中市,東區,0,0,0,8,3,5,50,14,9,1,5,4,5,7,4,4,9,5,5,2,12,23,3,10,1,1,C03,7,9,1,10,2,12,,23,23,1,22,8,C03,120.707196,24.138273,3
2023,1,19,17,47,臺中市,西屯區,0,0,0,,,,50,,,,,,,,,,,,,,,12,,,,,A11,,,1,,1,,,12,,1,10,,A11,120.651031,24.163252,3
2023,1,19,17,50,臺中市,西屯區,0,0,0,8,,,50,,,,,,,,,,,,,,,23,,,,,B03,,,1,,1,,,23,,1,22,,B03,120.664639,24.178945,3
2023,1,19,17,50,臺中市,豐原區,0,1,0,8,3,5,40,11,9,1,5,4,5,7,4,4,4,5,5,1,18,42,2,9,3,4,F01,7,9,8,20,1,16,,42,42,1,22,8,F01,120.71868,24.253027,2
2023,1,19,17,51,臺中市,豐原區,0,1,0,8,3,5,50,14,9,1,5,4,5,7,4,4,4,3,5,1,13,23,2,3,1,1,C03,7,9,1,10,2,11,,23,23,1,4,1,C03,120.724419,24.224436,2
2023,1,19,17,53,臺中市,南屯區,0,0,0,8,,,80,,,,,,,,,,,,,,,16,,,,,B03,,,1,,2,,,16,,1,5,,B03,120.623431,24.149286,3
2023,1,19,17,53,臺中市,西屯區,0,0,0,8,,,50,,,,,,,,,,,,,,,6,,,,,C03,,,1,,1,,,6,,1,21,,C03,120.621041,24.184941,3
2023,1,19,17,55,臺中市,南屯區,0,0,0,8,,,50,,,,,,,,,,,,,,,7,,,,,B03,,,1,,1,,,7,,1,22,,B03,120.643473,24.134764,3
2023,1,19,17,57,臺中市,太平區,0,0,0,8,,,50,,,,,,,,,,,,,,,6,,,,,C03,,,1,,1,,,23,44,1,18,,C03,120.723166,24.149422,3
2023,1,19,17,59,臺中市,北屯區,0,0,0,8,,,30,,,,,,,,,,,,,,,23,,,,,B12,,,1,,1,,,23,,1,22,,B12,120.661963,24.195245,3
2023,1,19,18,0,臺中市,西屯區,0,1,0,8,3,5,30,4,1,1,5,4,5,7,2,1,10,5,5,2,12,23,2,8,1,1,C03,7,5,1,10,1,11,,23,23,1,22,8,C03,120.637486,24.185761,2
2023,1,19,18,1,臺中市,北屯區,0,3,0,8,3,5,50,4,1,1,5,4,5,7,2,1,10,5,5,2,16,6,2,9,1,1,F03,7,5,8,20,2,16,,6,6,1,21,8,F03,120.700031,24.167328,2
2023,1,19,18,1,臺中市,太平區,0,1,0,8,3,5,50,14,8,1,5,4,5,7,4,4,5,5,4,2,12,6,2,7,1,1,C03,7,9,1,10,1,12,,6,6,1,18,8,C03,120.702481,24.148248,2
2023,1,19,18,2,臺中市,北屯區,0,1,0,8,3,5,50,4,9,1,5,4,5,7,1,1,1,4,4,2,29,43,2,9,1,1,C03,7,9,1,10,2,11,,43,43,1,21,8,C03,120.669954,24.176559,2
2023,1,19,18,2,臺中市,神岡區,0,0,0,8,,,50,,,,,,,,,,,,,,,12,,,,,B03,,,1,,1,,,12,,1,22,,B03,120.656757,24.258293,3
2023,1,19,18,2,臺中市,豐原區,0,0,0,8,,,50,,,,,,,,,,,,,,,18,,,,,B03,,,1,,2,,,18,,1,22,,B03,120.72083,24.244606,3
2023,1,19,18,3,臺中市,南屯區,0,0,0,6,,,50,,,,,,,,,,,,,,,12,,,,,B12,,,1,,2,,,12,,1,22,,B12,120.641556,24.132748,3
2023,1,19,18,12,臺中市,西屯區,0,0,0,8,2,5,50,14,7,1,5,4,5,7,4,4,9,5,4,2,12,19,3,10,1,1,B03,7,1,1,8,1,8,4,19,19,1,4,8,B03,120.637378,24.16338,3
2023,1,19,18,13,臺中市,神岡區,0,1,0,8,3,5,50,14,7,1,5,4,5,7,4,4,9,4,4,2,16,23,3,10,1,1,B03,7,11,1,8,2,4,,11,23,1,22,8,B03,120.656714,24.251841,2
2023,1,19,18,13,臺中市,豐原區,0,0,0,8,3,3,50,12,9,1,5,4,5,7,4,4,10,3,5,1,29,12,3,10,3,1,B12,7,2,1,8,2,16,,12,12,1,21,8,B12,120.749969,24.254313,3
2023,1,19,18,15,臺中市,大里區,0,0,0,8,,,50,,,,,,,,,,,,,,,16,,,,,A12,,,1,,2,,,16,,1,12,,A12,120.698267,24.081231,3
2023,1,19,18,16,臺中市,南屯區,0,1,0,8,1,5,40,3,1,1,5,4,5,7,4,4,10,5,5,2,17,23,2,7,1,1,C03,7,9,1,10,2,11,12,23,23,1,5,8,C03,120.634465,24.155016,2
2023,1,19,18,19,臺中市,北屯區,0,0,0,8,,,50,,,,,,,,,,,,,,,16,,,,,B03,,,1,,2,,,16,,1,22,,B03,120.685863,24.176743,3
2023,1,19,18,20,臺中市,潭子區,0,0,0,8,,,60,,,,,,,,,,,,,,,7,,,,,B03,,,3,,2,,,7,,1,22,,B03,120.708783,24.230334,3
2023,1,19,18,21,臺中市,大雅區,0,1,0,8,3,5,50,4,1,1,5,4,5,7,4,4,5,5,5,2,17,6,3,10,1,1,B12,7,5,1,8,2,8,,6,6,1,21,8,B12,120.650941,24.21767,2
2023,1,19,18,22,臺中市,西區,0,2,0,8,3,5,50,4,1,1,5,4,5,7,1,1,5,5,5,2,13,16,2,9,3,4,C03,7,9,1,10,2,11,,16,16,1,21,8,C03,120.679146,24.138606,2
2023,1,19,18,22,臺中市,北屯區,0,0,0,8,,,80,,,,,,,,,,,,,,,16,,,,,B03,,,1,,1,,,16,16,1,5,,B03,120.720877,24.172419,3
2023,1,19,18,23,臺中市,南區,0,0,0,8,,,50,,,,,,,,,,,,,,,23,,,,,B03,,,1,,2,,,23,,1,22,,B03,120.650658,24.10778,3
2023,1,19,18,23,臺中市,南屯區,0,1,0,8,3,5,50,4,1,1,5,4,5,7,4,4,10,5,5,2,15,6,2,8,1,1,C03,7,9,1,10,2,11,14,6,6,1,5,8,C03,120.636412,24.132108,2
2023,1,19,18,27,臺中市,西屯區,0,0,0,,,,50,,,,,,,,,,,,,,,17,,,,,B03,,,1,,1,,,17,,1,22,,B03,120.628867,24.162746,3
2023,1,19,18,28,臺中市,北屯區,0,0,0,8,,,50,,,,,,,,,,,,,,,23,,,,,C03,,,1,,2,,,23,,1,18,,C03,120.669917,24.173799,3
2023,1,19,18,29,臺中市,西屯區,0,0,0,8,,,30,,,,,,,,,,,,,,,5,,,,,B03,,,1,,1,,,5,,1,22,,B03,120.647286,24.176007,3
2023,1,19,18,30,臺中市,潭子區,0,1,0,8,3,5,50,14,9,1,5,4,5,7,4,4,5,5,5,1,29,23,2,9,1,1,C03,7,9,1,10,2,12,,23,23,1,22,9,C03,120.698218,24.223408,2
2023,1,19,18,30,臺中市,霧峰區,0,0,0,8,,,50,,,,,,,,,,,,,,,43,,,,,B12,,,1,,11,,,43,,1,4,,B12,120.709524,24.079734,3
2023,1,19,18,32,臺中市,南區,0,1,0,8,3,5,50,4,1,1,5,4,5,7,1,1,10,5,5,2,15,23,3,10,1,1,B03,7,9,1,8,2,1,,23,23,1,22,8,B03,120.668554,24.114513,2
2023,1,19,18,33,臺中市,西屯區,0,2,0,8,1,5,50,14,9,1,5,4,5,7,4,4,1,3,5,1,17,23,3,10,1,1,B03,7,9,1,8,2,1,,23,23,1,22,8,B03,120.654818,24.168816,2
2023,1,19,18,35,臺中市,西屯區,0,0,0,8,3,5,50,14,9,1,5,4,5,7,4,4,4,3,5,1,13,23,3,10,1,1,B12,7,9,1,8,8,1,,23,23,1,22,8,B12,120.62136,24.189976,3
2023,1,19,18,37,臺中市,北屯區,0,2,0,8,3,5,50,3,1,1,5,4,5,7,4,4,10,5,5,2,13,16,3,10,1,1,B03,7,9,1,8,2,8,,16,16,1,22,8,B03,120.724502,24.168835,2
2023,1,19,18,37,臺中市,西屯區,0,0,0,8,,,50,,,,,,,,,,,,,,,23,,,,,B03,,,1,,1,,,23,,1,8,,B03,120.656262,24.169921,3
2023,1,19,18,42,臺中市,西屯區,0,0,0,8,3,5,50,14,9,1,5,4,5,7,4,4,5,4,5,2,16,7,3,10,1,1,B02,7,8,1,8,2,2,,7,7,1,4,8,B02,120.636291,24.169755,3
2023,1,19,18,43,臺中市,太平區,0,1,0,8,1,5,50,4,1,1,5,4,5,7,2,1,10,5,5,2,16,8,2,8,1,1,C03,7,5,1,9,1,11,,8,8,1,5,9,C03,120.713563,24.141312,2
2023,1,19,18,44,臺中市,大里區,0,2,0,8,3,5,50,4,1,1,5,4,5,7,4,4,10,5,5,2,15,6,2,9,1,1,C03,7,9,1,10,2,14,,6,6,1,5,4,C03,120.682615,24.113313,2
2023,1,19,18,47,臺中市,太平區,0,0,0,8,,,50,,,,,,,,,,,,,,,16,,,,,C03,,,1,,1,,,16,,1,21,,C03,120.720775,24.122511,3
2023,1,19,18,49,臺中市,西區,0,0,0,8,,,50,,,,,,,,,,,,,,,43,,,,,,,,,,,,,43,,1,,,,120.666786,24.141189,3
2023,1,19,18,49,臺中市,南屯區,0,0,0,8,,,50,,,,,,,,,,,,,,,16,,,,,B03,,,1,,1,,,16,16,1,22,,B03,120.633481,24.144746,3
2023,1,19,18,50,臺中市,潭子區,0,0,0,8,,,30,,,,,,,,,,,,,,,23,,,,,B03,,,1,,2,,,23,,1,22,,B03,120.692509,24.221549,3
2023,1,19,18,50,臺中市,北區,0,1,0,8,1,5,50,14,7,1,5,4,5,7,4,4,5,4,4,2,13,16,3,10,1,1,B03,7,9,1,8,2,1,,16,16,1,22,8,B03,120.675286,24.149425,2
2023,1,19,18,51,臺中市,北屯區,0,1,0,8,3,5,50,3,1,1,5,4,5,7,4,4,5,4,5,2,18,23,2,8,1,1,C03,7,9,1,10,2,14,,23,23,1,5,8,C03,120.678189,24.173665,2
2023,1,19,18,59,臺中市,大雅區,0,2,0,8,3,5,50,3,2,1,5,4,5,7,4,4,1,4,4,1,12,23,2,7,1,1,C03,7,9,1,10,2,11,,23,23,1,21,9,C03,120.650544,24.211163,2
2023,1,19,19,0,臺中市,沙鹿區,0,0,0,8,,,60,,,,,,,,,,,,,,,7,,,,,B03,,,1,,2,,,7,,1,20,,B03,120.56519,24.239645,3
2023,1,19,19,1,臺中市,東區,0,2,0,8,3,5,50,14,9,1,5,4,5,7,4,4,5,5,5,2,13,23,2,9,1,1,C03,7,9,3,18,2,11,,23,23,1,5,8,C03,120.699333,24.147163,2
2023,1,19,19,1,臺中市,石岡區,0,0,0,8,,,70,,,,,,,,,,,,,,,23,,,,,B12,,,1,,2,,,23,,1,4,,B12,120.815402,24.260483,3
2023,1,19,19,4,臺中市,后里區,0,1,0,8,3,5,50,4,1,1,5,4,5,7,2,1,10,5,5,1,16,6,3,10,1,1,B12,7,5,1,8,2,1,,6,6,1,22,8,B12,120.723581,24.313116,2
2023,1,19,19,5,臺中市,南屯區,0,2,0,8,3,5,50,4,1,1,5,4,5,7,1,1,5,4,4,2,17,4,3,10,1,1,B02,7,5,1,8,2,2,,4,4,1,22,8,B02,120.643831,24.148833,2
2023,1,19,19,9,臺中市,西區,0,2,0,8,3,5,50,5,1,1,5,4,5,7,1,1,1,5,5,2,16,25,2,9,3,4,C03,7,9,1,10,2,12,,44,25,1,21,8,C03,120.669808,24.150446,2
2023,1,19,19,10,臺中市,西屯區,0,0,0,8,,,50,,,,,,,,,,,,,,,23,,,,,B03,,,1,,11,,,23,,1,22,,B03,120.606586,24.187189,3
2023,1,19,19,10,臺中市,沙鹿區,0,0,0,8,,,40,,,,,,,,,,,,,,,12,,,,,B03,,,1,,2,,,12,,1,18,,B03,120.577757,24.214569,3
2023,1,19,19,13,臺中市,清水區,0,0,0,8,,,50,,,,,,,,,,,,,,,23,,,,,A04,,,1,,2,,,23,23,1,10,,A04,120.577028,24.27326,3
2023,1,19,19,15,臺中市,西區,0,0,0,8,,,50,,,,,,,,,,,,,,,17,,,,,A11,,,1,,1,,,17,,1,21,,A11,120.666907,24.153208,3
2023,1,19,19,18,臺中市,太平區,0,1,0,8,3,5,50,14,9,1,5,4,5,7,4,4,5,5,5,1,17,19,2,9,1,1,C03,7,9,1,10,2,11,,44,19,1,22,8,C03,120.723667,24.117705,2
2023,1,19,19,20,臺中市,北屯區,0,0,0,8,,,30,,,,,,,,,,,,,,,12,,,,,B12,,,1,,1,,,12,,1,22,,B12,120.694323,24.177648,3
2023,1,19,19,21,臺中市,大雅區,0,1,0,8,3,5,50,5,1,1,5,4,5,7,1,1,1,4,4,1,17,25,2,8,1,1,C04,7,9,1,10,2,14,,25,25,1,21,8,C04,120.666124,24.216769,2
2023,1,19,19,22,臺中市,西區,0,0,0,8,,,50,,,,,,,,,,,,,,,6,,,,,B03,,,1,,2,,,6,,1,21,,B03,120.653951,24.14496,3
2023,1,19,19,22,臺中市,大安區,0,0,0,,,,60,,,,,,,,,,,,,,,23,,,,,B03,,,1,,2,,,23,,1,21,,B03,120.601897,24.368112,3