年,月,日,時,分,縣市,區,死,受傷,2-30,天候,光線,道路類別,速限,道路型態,事故位置,路面鋪裝,路面狀態,路面缺陷,障礙物,視距,號誌種類,號誌動作,分向設施,快車道或一般車道間,快慢車道間,路面邊線,事故類型及型態,主要肇因,受傷程度,主要傷處,保護裝備,行動電話,當事者區分,車輛用途,當事者行動狀態,駕駛資格情形,駕駛執照種類,飲酒情形,車輛撞擊部位最初,車輛撞擊部位其他,肇事因素個別,肇事因素主要,肇事逃逸,職業,旅次目的,車種,GPS緯度,GPS經度,事故類別
2023,1,20,13,59,臺中市,潭子區,0,0,0,8,,,50,,,,,,,,,,,,,,,18,,,,,B03,,,1,,2,,,18,,1,22,,B03,120.700547,24.212739,3
2023,1,20,13,59,臺中市,南區,0,1,0,8,1,5,50,3,1,1,5,4,5,7,4,4,1,4,4,2,16,9,3,10,1,1,B03,7,6,3,18,2,2,,9,9,1,22,8,B03,120.67941,24.117567,2
2023,1,20,14,0,臺中市,南區,0,0,0,8,1,5,50,14,7,1,5,4,5,7,4,4,1,4,4,2,13,16,3,10,1,1,B03,7,9,1,8,2,1,,16,16,1,22,8,B03,120.669886,24.116511,3
2023,1,20,14,0,臺中市,西屯區,0,4,0,8,1,5,50,4,1,1,5,4,5,7,4,4,9,4,5,2,16,6,2,9,1,1,C03,7,5,1,10,2,11,,6,6,1,12,8,C03,120.650643,24.173341,2
2023,1,20,14,1,臺中市,西屯區,0,1,0,8,1,5,50,14,8,1,5,4,5,7,4,4,1,4,4,2,16,6,3,10,1,1,B03,7,6,1,8,2,2,,6,6,1,22,8,B03,120.645088,24.162322,2
2023,1,20,14,1,臺中市,西屯區,0,2,0,8,1,5,40,4,1,1,5,4,5,7,4,4,1,4,1,1,17,23,2,9,1,1,C03,7,9,1,10,1,11,,23,23,1,1,9,C03,120.649796,24.162755,2
2023,1,20,14,7,臺中市,東區,0,1,0,8,1,5,50,14,9,1,5,4,5,7,4,4,5,5,5,2,16,8,2,8,1,1,C03,7,5,1,10,2,14,,8,8,1,5,8,C03,120.70129,24.142263,2
2023,1,20,14,15,臺中市,東區,0,0,0,8,,,50,,,,,,,,,,,,,,,6,,,,,C03,,,1,,2,,,6,,1,22,,C03,120.69322,24.142785,3
2023,1,20,14,15,臺中市,神岡區,0,1,0,8,1,5,50,3,1,1,5,4,5,7,4,4,10,5,5,2,16,10,3,10,1,1,B12,7,11,1,8,2,4,,10,10,1,22,9,B12,120.710455,24.260561,2
2023,1,20,14,18,臺中市,霧峰區,0,1,0,8,1,5,50,4,2,1,5,4,5,7,3,1,9,5,5,1,17,23,2,9,1,1,C03,7,9,1,10,2,14,,23,23,1,22,8,C03,120.702141,24.069028,2
2023,1,20,14,20,臺中市,中區,0,1,0,8,1,5,50,14,9,1,5,4,5,7,4,4,5,4,5,2,17,19,3,10,1,1,C03,7,1,1,10,2,13,,19,19,1,22,8,C03,120.682438,24.140525,2
2023,1,20,14,20,臺中市,豐原區,0,1,0,8,1,5,60,14,7,1,5,4,5,7,4,4,1,4,4,1,9,23,3,10,1,1,B03,7,7,1,8,2,5,,23,23,1,22,8,B03,120.72187,24.236505,2
2023,1,20,14,25,臺中市,南區,0,1,0,8,1,5,50,4,1,1,5,4,5,7,3,1,10,5,5,2,16,6,2,9,1,1,C03,7,9,1,10,2,11,,6,6,1,22,8,C03,120.656512,24.12066,2
2023,1,20,14,26,臺中市,中區,0,1,0,8,1,5,40,4,1,1,5,4,5,7,2,1,10,5,5,2,16,42,3,10,1,1,B03,7,6,1,8,2,2,,42,42,1,22,9,B03,120.67556,24.141676,2
2023,1,20,14,30,臺中市,大甲區,0,2,0,8,1,5,50,14,9,1,5,4,5,7,4,4,5,5,5,1,17,1,2,9,1,1,C03,7,4,1,10,2,11,,1,1,1,5,1,C03,120.618607,24.352632,2
2023,1,20,14,30,臺中市,東勢區,0,2,0,8,1,5,50,3,1,1,5,4,5,7,3,1,10,5,5,2,17,19,2,9,1,1,C03,7,1,1,10,2,14,,19,19,1,21,9,C03,120.831927,24.247758,2
2023,1,20,14,33,臺中市,南區,0,0,0,8,1,5,50,14,9,1,5,4,5,7,4,4,10,5,5,2,29,38,3,10,1,1,C03,7,15,3,10,10,13,,38,38,1,22,8,C03,120.684091,24.133398,3
2023,1,20,14,35,臺中市,北區,0,0,0,8,,,50,,,,,,,,,,,,,,,7,,,,,C03,,,1,,2,,,7,,1,22,,C03,120.686721,24.147858,3
2023,1,20,14,36,臺中市,太平區,0,0,0,8,,,30,,,,,,,,,,,,,,,19,,,,,B03,,,1,,1,,,44,19,1,21,,B03,120.704551,24.148473,3
2023,1,20,14,39,臺中市,豐原區,0,0,0,8,,,30,,,,,,,,,,,,,,,17,,,,,B03,,,1,,2,,,17,,1,22,,B03,120.737175,24.250477,3
2023,1,20,14,40,臺中市,南屯區,0,1,0,8,1,5,50,3,1,1,5,4,5,7,4,4,5,5,5,2,13,16,2,9,1,1,C03,7,9,1,10,2,11,,16,16,1,22,8,C03,120.647339,24.13883,2
2023,1,20,14,49,臺中市,太平區,0,1,0,8,1,5,50,14,9,1,5,4,5,7,4,4,5,4,5,1,18,42,2,9,1,1,C03,7,12,1,10,2,12,,42,42,1,21,8,C03,120.722684,24.13534,2
2023,1,20,14,51,臺中市,北屯區,0,0,0,8,,,50,,,,,,,,,,,,,,,6,,,,,C03,,,1,,1,,,6,6,1,22,,C03,120.695794,24.162842,3
2023,1,20,14,53,臺中市,北屯區,0,0,0,8,,,50,,,,,,,,,,,,,,,12,,,,,B03,,,1,,1,,,12,,1,21,,B03,120.685388,24.177501,3
2023,1,20,14,53,臺中市,梧棲區,0,2,0,8,1,5,30,4,1,1,5,4,5,7,4,4,10,5,5,2,15,6,2,9,1,1,C03,7,9,1,10,2,11,,6,6,1,16,8,C03,120.545249,24.248532,2
2023,1,20,14,54,臺中市,北區,0,1,0,8,1,5,40,3,1,1,5,4,5,7,4,4,5,5,4,2,16,6,3,10,1,1,B03,7,6,1,8,2,2,,6,6,1,21,8,B03,120.674586,24.159255,2
2023,1,20,14,54,臺中市,西屯區,0,1,0,8,1,5,50,14,9,1,5,4,5,7,4,4,5,4,5,2,16,26,2,7,1,1,C03,7,9,4,11,1,14,,26,26,1,22,8,C03,120.647058,24.174428,2
2023,1,20,14,55,臺中市,西區,0,3,0,8,1,5,50,5,1,1,5,4,5,7,2,1,10,5,5,2,16,25,3,10,1,1,B01,7,9,1,4,2,5,,25,25,1,21,8,B01,120.669801,24.150724,2
2023,1,20,14,57,臺中市,烏日區,0,0,0,8,,,50,,,,,,,,,,,,,,,42,,,,,B12,,,1,,2,,,42,,1,21,,B12,120.599842,24.10986,3
2023,1,20,14,59,臺中市,北屯區,0,0,0,8,,,50,,,,,,,,,,,,,,,23,,,,,C03,,,1,,9,,,23,23,1,5,,C03,120.693227,24.168089,3
2023,1,20,14,59,臺中市,大里區,0,1,0,8,1,5,50,3,1,1,5,4,5,7,4,4,10,5,5,2,16,8,3,10,1,1,B12,7,5,1,8,2,4,,8,8,1,22,8,B12,120.705213,24.085493,2
2023,1,20,15,0,臺中市,西屯區,0,0,0,8,,,30,,,,,,,,,,,,,,,10,,,,,C03,,,1,,1,,,10,,1,22,,C03,120.647246,24.179006,3
2023,1,20,15,0,臺中市,沙鹿區,0,1,0,8,1,5,50,3,8,1,5,4,5,7,4,4,1,3,4,1,18,42,2,9,1,1,C03,7,9,1,10,2,12,,42,42,1,20,9,C03,120.598068,24.250212,2
2023,1,20,15,2,臺中市,南區,0,0,0,,,,50,,,,,,,,,,,,,,,23,,,,,B03,,,1,,2,,,23,,1,21,,B03,120.669547,24.118956,3
2023,1,20,15,4,臺中市,清水區,0,0,0,8,,,40,,,,,,,,,,,,,,,42,,,,,B03,,,1,,1,,,42,,1,21,,B03,120.575374,24.268685,3
2023,1,20,15,5,臺中市,南屯區,0,1,0,8,1,5,40,5,1,1,5,4,5,7,4,4,10,5,5,2,16,4,2,9,1,4,C03,7,9,1,10,2,11,,4,4,1,22,8,C03,120.634058,24.122676,2
2023,1,20,15,8,臺中市,東區,0,1,0,8,1,5,50,4,1,1,5,4,5,7,1,1,10,5,5,2,16,8,2,9,1,1,C03,7,5,1,10,2,14,,8,8,1,22,8,C03,120.692502,24.138738,2
2023,1,20,15,8,臺中市,烏日區,0,0,0,8,,,50,,,,,,,,,,,,,,,18,,,,,B03,,,1,,2,,,18,,1,22,,B03,120.609584,24.11255,3
2023,1,20,15,10,臺中市,北區,0,0,0,8,,,50,,,,,,,,,,,,,,,23,,,,,C03,,,1,,1,,,23,,1,22,,C03,120.678811,24.1714,3
2023,1,20,15,16,臺中市,北屯區,0,1,0,8,1,5,50,4,1,1,5,4,5,7,2,1,10,5,5,2,16,26,3,10,1,1,B03,7,11,1,8,2,6,,26,26,1,22,8,B03,120.673126,24.190233,2
2023,1,20,15,19,臺中市,南區,0,0,0,,,,50,,,,,,,,,,,,,,,23,,,,,B03,,,1,,2,,,23,,1,5,,B03,120.650199,24.112048,3
2023,1,20,15,19,臺中市,烏日區,0,1,0,8,1,5,50,3,1,1,5,4,5,7,2,1,10,5,5,2,18,23,2,9,1,1,C03,7,5,1,10,2,11,14,23,23,1,21,8,C03,120.630437,24.114485,2
2023,1,20,15,20,臺中市,豐原區,0,0,0,8,,,30,,,,,,,,,,,,,,,12,,,,,B03,,,1,,2,,,12,,1,22,,B03,120.731593,24.271337,3
2023,1,20,15,21,臺中市,太平區,0,1,0,8,1,5,50,3,1,1,5,4,5,7,4,4,5,5,4,1,16,6,3,10,1,1,B01,7,11,1,2,2,5,,6,6,1,21,8,B01,120.730774,24.150293,2
2023,1,20,15,21,臺中市,太平區,0,0,0,8,,,50,,,,,,,,,,,,,,,7,,,,,B03,,,1,,1,,,7,,1,21,,B03,120.712859,24.144408,3
2023,1,20,15,25,臺中市,北區,0,0,0,,,,50,,,,,,,,,,,,,,,43,,,,,B03,,,1,,2,,,43,,1,22,,B03,120.685915,24.143802,3
2023,1,20,15,27,臺中市,西區,0,1,0,8,1,5,50,4,1,1,5,4,5,7,1,1,5,5,5,2,12,3,3,10,3,4,C03,7,6,1,10,2,12,,3,3,1,21,8,C03,120.661644,24.145549,2
2023,1,20,15,37,臺中市,西屯區,0,1,0,8,1,5,50,3,1,1,5,4,5,7,4,4,10,5,5,2,17,6,3,10,1,1,C04,7,5,1,10,2,15,,6,6,1,19,8,C04,120.649247,24.1684,2
2023,1,20,15,38,臺中市,北屯區,0,2,0,8,1,5,50,4,1,1,5,4,5,7,2,1,10,5,5,2,16,26,2,9,1,1,C03,7,5,1,10,2,14,,26,26,1,21,8,C03,120.712713,24.181381,2
2023,1,20,15,39,臺中市,南屯區,0,0,0,,,,50,,,,,,,,,,,,,,,23,,,,,B03,,,1,,2,,,23,,1,4,,B03,120.638855,24.151444,3
2023,1,20,15,39,臺中市,西屯區,0,0,0,8,,,50,,,,,,,,,,,,,,,43,,,,,,,,,,,,,43,,1,,,,120.60776,24.193336,3
2023,1,20,15,40,臺中市,大雅區,0,0,0,8,,,30,,,,,,,,,,,,,,,23,,,,,B03,,,1,,2,,,23,,1,21,,B03,120.647189,24.222691,3
2023,1,20,15,40,臺中市,沙鹿區,0,0,0,8,,,50,,,,,,,,,,,,,,,17,,,,,B02,,,1,,2,,,17,,1,9,,B02,120.554679,24.223545,3
2023,1,20,15,44,臺中市,大里區,0,1,0,8,1,5,50,14,8,1,5,4,5,7,4,4,1,2,4,1,2,19,3,10,1,1,A12,7,1,1,3,2,2,,19,19,1,22,8,A12,120.69341,24.090473,2
2023,1,20,15,44,臺中市,太平區,0,0,0,8,,,30,,,,,,,,,,,,,,,12,,,,,B03,,,1,,2,,,12,,1,21,,B03,120.722581,24.10607,3
2023,1,20,15,47,臺中市,南屯區,0,2,0,8,1,5,50,4,1,1,5,4,5,7,2,1,10,5,5,2,13,23,2,8,1,1,C03,7,9,1,10,2,11,12,23,23,1,5,8,C03,120.65458,24.14012,2
2023,1,20,15,50,臺中市,大雅區,0,0,0,8,,,30,,,,,,,,,,,,,,,12,,,,,B12,,,1,,2,,,12,,1,21,,B12,120.651778,24.226771,3
2023,1,20,15,50,臺中市,南屯區,0,0,0,8,,,50,,,,,,,,,,,,,,,16,,,,,B12,,,1,,1,,,16,,1,22,,B12,120.587354,24.166989,3
2023,1,20,15,50,臺中市,大里區,0,0,0,8,,,50,,,,,,,,,,,,,,,16,,,,,B12,,,1,,2,,,16,,1,5,,B12,120.67948,24.115236,3
2023,1,20,15,53,臺中市,南屯區,0,2,0,8,1,5,50,4,1,1,5,4,5,7,1,1,10,5,5,2,13,16,2,9,1,4,C03,7,9,1,10,2,11,,16,16,1,22,8,C03,120.64639,24.137426,2
2023,1,20,15,56,臺中市,南屯區,0,0,0,,,,50,,,,,,,,,,,,,,,17,,,,,B02,,,1,,1,,,17,,1,4,,B02,120.648663,24.15464,3
2023,1,20,15,59,臺中市,北屯區,0,0,0,8,,,50,,,,,,,,,,,,,,,12,,,,,B03,,,1,,1,,,12,,1,21,,B03,120.685229,24.169455,3
2023,1,20,16,0,臺中市,北屯區,0,1,0,8,1,5,50,4,1,1,5,4,5,7,2,1,10,5,5,2,16,6,3,10,1,1,B03,7,5,1,8,2,2,,6,6,1,5,8,B03,120.686306,24.186899,2
2023,1,20,16,0,臺中市,西屯區,0,2,0,7,1,5,30,3,1,1,5,4,5,7,1,1,10,5,5,2,16,6,2,9,1,1,C03,7,5,1,10,2,14,,6,6,1,22,8,C03,120.621498,24.194719,2
2023,1,20,16,3,臺中市,南區,0,1,0,8,1,5,50,4,1,1,5,4,5,7,1,1,10,5,5,2,16,6,2,9,1,1,C03,7,5,1,10,2,12,,6,6,1,22,8,C03,120.656736,24.11387,2
2023,1,20,16,3,臺中市,南屯區,0,3,0,8,1,5,50,4,1,1,5,4,5,7,2,1,10,5,5,2,15,25,2,9,1,1,C03,7,9,1,10,2,12,,25,25,1,5,8,C03,120.608019,24.151116,2
2023,1,20,16,4,臺中市,東區,0,0,0,,,,50,,,,,,,,,,,,,,,23,,,,,B03,,,1,,2,,,23,,1,21,,B03,120.710991,24.144717,3
2023,1,20,16,5,臺中市,大甲區,0,2,0,8,1,5,50,14,9,1,5,4,5,7,4,4,9,5,4,1,16,19,3,10,1,1,B03,7,1,1,8,2,4,,19,19,1,22,9,B03,120.613876,24.351829,2
2023,1,20,16,7,臺中市,東區,0,0,0,8,,,30,,,,,,,,,,,,,,,17,,,,,B03,,,1,,2,,,17,,1,22,,B03,120.694157,24.126742,3
2023,1,20,16,9,臺中市,潭子區,0,1,0,8,1,5,60,14,7,1,5,4,5,7,4,4,1,4,4,1,13,16,2,3,1,1,B12,7,9,1,8,3,1,,16,16,1,22,8,B12,120.708336,24.228503,2
2023,1,20,16,10,臺中市,大甲區,0,2,0,8,1,5,50,14,9,1,5,4,5,7,4,4,5,5,5,1,13,23,2,9,1,1,C03,7,9,1,10,2,11,,23,23,1,22,9,C03,120.616809,24.347283,2
2023,1,20,16,11,臺中市,西屯區,0,0,0,8,1,5,50,4,1,1,5,4,5,7,2,1,10,5,5,2,13,23,3,10,1,1,C03,7,6,1,10,2,11,,23,23,1,4,8,C03,120.649796,24.162755,3
2023,1,20,16,12,臺中市,西區,0,0,0,8,,,50,,,,,,,,,,,,,,,60,,,,,H01,,,8,,1,,,60,,1,22,,H01,120.680557,24.142679,3
2023,1,20,16,13,臺中市,后里區,0,0,0,8,,,30,,,,,,,,,,,,,,,6,,,,,B03,,,1,,1,,,6,6,1,22,,B03,120.707431,24.314209,3
2023,1,20,16,13,臺中市,豐原區,0,1,0,8,1,5,50,14,8,1,5,4,5,7,4,4,9,5,4,2,16,10,3,10,3,4,B03,7,11,1,8,2,1,,10,6,1,22,8,B03,120.705161,24.240963,2
2023,1,20,16,14,臺中市,中區,0,0,0,8,,,50,,,,,,,,,,,,,,,23,,,,,C03,,,1,,1,,,23,,1,22,,C03,120.680636,24.145544,3
2023,1,20,16,15,臺中市,東區,0,1,0,8,1,5,50,14,7,1,5,4,5,7,4,4,9,5,4,2,16,10,3,10,1,1,B03,7,11,1,8,2,5,,10,10,1,22,8,B03,120.706667,24.142783,2
2023,1,20,16,16,臺中市,南區,0,1,0,8,1,5,50,14,7,1,5,4,5,7,4,4,5,5,4,2,18,23,2,8,1,1,C03,7,9,1,10,2,14,,23,23,1,5,8,C03,120.683498,24.130018,2
2023,1,20,16,20,臺中市,南區,0,1,0,8,1,5,50,4,1,1,5,4,5,7,1,1,10,5,5,2,17,6,3,10,1,1,B03,7,5,1,8,2,15,,6,6,1,22,8,B03,120.655145,24.135043,2
2023,1,20,16,20,臺中市,清水區,0,0,0,8,,,40,,,,,,,,,,,,,,,19,,,,,B03,,,1,,2,,,19,,1,21,,B03,120.557253,24.280586,3
2023,1,20,16,23,臺中市,烏日區,0,1,0,8,1,5,50,4,2,1,5,4,5,7,2,1,1,4,5,1,17,43,,,,,,,,,,,,,43,43,2,,,,120.638228,24.107728,2
2023,1,20,16,25,臺中市,中區,0,2,0,8,1,5,50,4,1,1,5,4,5,7,1,1,5,4,5,2,16,7,3,10,1,1,B03,7,8,1,8,2,5,,7,7,1,22,8,B03,120.683794,24.138754,2
2023,1,20,16,30,臺中市,南區,0,1,0,8,1,5,50,4,1,1,5,4,5,7,1,1,10,5,5,2,3,23,3,10,1,1,B03,7,5,1,8,2,1,,23,23,1,22,8,B03,120.683306,24.128689,2
2023,1,20,16,30,臺中市,沙鹿區,0,1,0,8,1,5,40,5,1,1,5,4,5,7,2,1,10,5,5,2,16,23,2,9,1,1,C03,7,9,1,10,9,11,,23,23,2,20,8,C03,120.569837,24.237109,2
2023,1,20,16,32,臺中市,西區,0,0,0,8,,,40,,,,,,,,,,,,,,,42,,,,,B03,,,1,,2,,,42,,1,22,,B03,120.657568,24.142494,3
2023,1,20,16,36,臺中市,西屯區,0,0,0,8,,,50,,,,,,,,,,,,,,,10,,,,,B03,,,1,,1,,,10,,1,22,,B03,120.63396,24.160565,3
2023,1,20,16,39,臺中市,北屯區,0,0,0,8,,,30,,,,,,,,,,,,,,,5,,,,,B03,,,1,,1,,,5,,1,22,,B03,120.705113,24.166753,3
2023,1,20,16,45,臺中市,東勢區,0,1,0,8,1,5,60,3,1,1,5,4,5,7,2,1,1,4,4,1,17,26,2,9,1,1,C03,7,5,1,10,2,14,,26,26,1,20,8,C03,120.82937,24.249335,2
2023,1,20,16,47,臺中市,龍井區,0,1,0,8,1,5,30,4,1,1,5,4,5,7,1,1,10,5,5,2,15,25,2,9,3,1,F01,7,9,8,20,2,16,,25,25,1,5,1,F01,120.508406,24.21568,2
2023,1,20,16,50,臺中市,大里區,0,0,0,8,,,30,,,,,,,,,,,,,,,12,,,,,B03,,,1,,2,,,12,,1,5,,B03,120.68968,24.113433,3
2023,1,20,16,54,臺中市,東區,0,4,0,8,1,5,50,4,1,1,5,4,5,7,1,1,10,5,5,2,16,23,2,9,1,1,C03,7,15,1,10,2,14,,23,23,1,22,8,C03,120.700118,24.140072,2
2023,1,20,16,54,臺中市,龍井區,0,0,0,8,,,30,,,,,,,,,,,,,,,12,,,,,B03,,,1,,2,,,12,,1,5,,B03,120.550003,24.211428,3
2023,1,20,16,58,臺中市,東區,0,1,0,8,1,5,50,4,1,1,5,4,5,7,2,1,10,5,5,2,16,6,3,10,1,1,B03,7,5,1,8,2,8,,6,6,1,21,8,B03,120.690653,24.13471,2
2023,1,20,17,12,臺中市,北區,0,0,0,8,,,50,,,,,,,,,,,,,,,12,,,,,B03,,,1,,2,,,12,,1,22,,B03,120.673255,24.169344,3
2023,1,20,17,13,臺中市,西屯區,0,0,0,8,,,50,,,,,,,,,,,,,,,16,,,,,B12,,,1,,1,,,16,,1,21,,B12,120.65995,24.165229,3
2023,1,20,17,17,臺中市,清水區,0,1,0,8,2,5,50,4,1,1,5,4,5,7,1,1,10,5,5,2,16,6,3,10,1,1,B03,7,5,1,8,2,8,,6,6,1,21,8,B03,120.564446,24.296968,2
2023,1,20,17,20,臺中市,東區,0,0,0,8,3,5,50,14,9,1,5,4,5,7,4,4,10,5,5,2,12,23,3,10,1,1,B03,7,9,1,8,2,2,,23,23,1,22,8,B03,120.691821,24.132779,3
2023,1,20,17,20,臺中市,西屯區,0,0,0,8,,,30,,,,,,,,,,,,,,,42,,,,,A12,,,1,,1,,,42,,1,22,,A12,120.643678,24.171561,3
2023,1,20,17,20,臺中市,烏日區,0,1,0,8,2,5,30,5,1,1,5,4,5,7,4,4,10,5,5,1,15,6,3,10,1,1,B03,7,9,1,8,2,5,,6,6,1,21,8,B03,120.632726,24.070708,2
2023,1,20,17,20,臺中市,龍井區,0,2,0,8,2,5,40,4,1,1,5,4,5,7,1,1,10,5,5,2,15,25,2,9,1,1,F03,7,9,8,20,2,16,,25,25,1,9,5,F03,120.520676,24.213783,2
2023,1,20,17,20,臺中市,豐原區,0,1,0,8,1,5,50,5,1,1,5,4,5,7,2,1,10,5,5,2,18,42,2,9,1,1,C04,7,9,1,10,2,12,,42,42,1,22,8,C04,120.714722,24.257322,2
2023,1,20,17,21,臺中市,北屯區,0,3,0,8,1,5,50,14,9,1,5,4,5,7,2,1,1,4,5,2,13,23,2,9,1,1,B03,7,9,1,8,2,1,,23,23,1,21,8,B03,120.711831,24.182528,2
2023,1,20,17,22,臺中市,西屯區,0,0,0,8,,,50,,,,,,,,,,,,,,,9,,,,,B03,,,1,,11,,,9,,1,22,,B03,120.639069,24.168932,3
2023,1,20,17,23,臺中市,大甲區,0,0,0,8,1,5,50,15,2,1,5,4,5,7,4,4,4,3,4,1,12,9,3,10,1,1,C03,7,6,1,10,2,12,,9,9,1,4,8,C03,120.622051,24.342658,3
2023,1,20,17,30,臺中市,東區,0,1,0,8,3,5,50,4,1,1,5,4,5,7,1,1,10,5,5,2,17,42,3,10,1,1,C03,7,5,1,10,2,14,,42,42,1,22,8,C03,120.690653,24.13471,2
2023,1,20,17,30,臺中市,東區,0,1,0,8,2,5,40,14,8,1,5,4,5,7,4,4,5,5,4,2,14,12,3,10,1,1,B03,7,2,1,8,2,3,,12,12,1,5,8,B03,120.709713,24.149601,2
2023,1,20,17,34,臺中市,北區,0,2,0,8,3,5,50,3,1,1,5,4,5,7,4,4,10,5,5,2,13,16,2,9,1,1,C03,7,9,1,10,2,11,,16,16,1,22,8,C03,120.679065,24.170507,2
2023,1,20,17,39,臺中市,南屯區,0,0,0,8,,,50,,,,,,,,,,,,,,,23,,,,,C03,,,1,,2,,,23,,1,22,,C03,120.64788,24.14928,3
2023,1,20,17,40,臺中市,北區,0,1,0,8,3,5,50,4,1,1,5,4,5,7,1,1,10,5,5,2,3,44,3,10,1,1,B03,7,1,1,6,2,1,,44,44,1,22,8,B03,120.683914,24.16698,2
2023,1,20,17,40,臺中市,東區,0,1,0,8,3,5,50,5,1,1,5,4,5,7,1,1,10,5,5,2,17,19,2,8,1,1,C03,7,1,1,10,2,11,,19,19,1,22,8,C03,120.693592,24.132995,2
2023,1,20,17,42,臺中市,北屯區,0,0,0,8,,,50,,,,,,,,,,,,,,,23,,,,,C03,,,1,,1,,,23,,1,21,,C03,120.685201,24.179124,3
2023,1,20,17,43,臺中市,東勢區,0,0,0,8,,,50,,,,,,,,,,,,,,,19,,,,,B03,,,1,,1,,,19,,1,19,,B03,120.794883,24.286024,3
2023,1,20,17,45,臺中市,北區,0,0,0,,,,50,,,,,,,,,,,,,,,7,,,,,B03,,,1,,1,,,7,7,1,21,,B03,120.67731,24.163345,3
2023,1,20,17,46,臺中市,西屯區,0,2,0,8,2,5,50,14,9,1,5,4,5,7,4,4,4,5,4,2,16,26,2,8,1,1,C03,7,6,1,10,2,11,,26,26,1,22,8,C03,120.667682,24.1782,2
2023,1,20,17,49,臺中市,北區,0,1,0,8,3,5,50,4,1,1,5,4,5,7,1,1,5,4,5,2,13,16,3,10,1,1,B03,7,5,1,8,2,1,,16,16,1,22,8,B03,120.698227,24.155386,2
2023,1,20,17,49,臺中市,豐原區,0,0,0,8,,,30,,,,,,,,,,,,,,,16,,,,,C03,,,1,,2,,,16,,1,22,,C03,120.716027,24.250827,3
2023,1,20,17,53,臺中市,南屯區,0,1,0,8,3,5,50,4,1,1,5,4,5,7,4,4,5,4,5,2,15,6,2,9,3,4,F01,7,9,8,20,2,16,,6,6,1,4,9,F01,120.65398,24.141846,2
2023,1,20,17,55,臺中市,大肚區,0,1,0,8,3,5,50,14,9,1,5,4,5,7,4,4,1,4,5,1,17,42,3,10,1,1,B03,7,3,1,8,11,2,,42,18,1,5,8,B03,120.55355,24.133878,2
2023,1,20,17,57,臺中市,潭子區,0,1,0,8,3,5,60,3,2,1,5,4,5,7,1,1,1,3,4,1,16,6,3,10,1,1,B03,7,6,1,8,2,5,,6,6,1,22,9,B03,120.708645,24.229909,2
2023,1,20,18,0,臺中市,大肚區,0,0,0,8,,,50,,,,,,,,,,,,,,,12,,,,,B03,,,1,,2,,,12,,1,21,,B03,120.53205,24.160802,3
2023,1,20,18,2,臺中市,東區,0,2,0,7,3,5,50,5,1,1,5,4,5,7,1,1,10,5,5,2,16,25,2,9,1,1,C03,7,9,1,10,2,11,,25,25,1,22,8,C03,120.687708,24.123194,2
2023,1,20,18,6,臺中市,大里區,0,1,0,8,3,5,60,4,1,1,5,4,5,7,1,1,10,5,5,2,17,23,2,9,1,1,C03,7,9,1,10,2,12,,23,23,1,5,5,C03,120.6801,24.104446,2
2023,1,20,18,8,臺中市,北區,0,1,0,8,3,5,50,14,8,1,5,4,5,7,4,4,5,5,4,2,1,10,3,10,1,1,B01,7,11,1,4,2,8,,10,10,1,21,8,B01,120.666271,24.155574,2
2023,1,20,18,10,臺中市,北區,0,1,0,8,3,5,50,14,9,1,5,4,5,7,4,4,9,5,5,2,16,10,3,10,1,1,B03,7,11,1,8,2,5,,10,10,1,22,8,B03,120.692147,24.158277,2
2023,1,20,18,17,臺中市,西屯區,0,2,0,8,3,5,50,3,2,1,5,4,5,7,2,1,5,2,5,2,18,44,2,9,3,4,C03,7,9,1,10,2,12,,44,44,1,22,8,C03,120.607485,24.195133,2
2023,1,20,18,18,臺中市,大雅區,0,1,0,8,3,5,50,14,7,1,5,4,5,7,4,4,5,4,4,1,17,11,2,9,2,1,F01,7,11,8,20,2,16,,11,11,1,20,9,F01,120.64481,24.210252,2
2023,1,20,18,24,臺中市,西屯區,0,0,0,8,,,50,,,,,,,,,,,,,,,19,,,,,B02,,,1,,1,,,19,,1,21,,B02,120.638222,24.163752,3
2023,1,20,18,25,臺中市,南屯區,0,2,0,8,1,5,50,14,9,1,5,4,5,7,4,4,1,4,5,2,16,19,3,10,1,1,B03,7,1,1,8,2,7,,19,19,1,5,8,B03,120.646925,24.149417,2
2023,1,20,18,25,臺中市,梧棲區,0,1,0,8,4,5,50,3,1,1,5,4,5,7,3,3,1,5,5,2,16,6,3,10,1,1,B03,7,6,1,8,2,4,,6,6,1,12,8,B03,120.52553,24.225509,2
2023,1,20,18,25,臺中市,沙鹿區,0,1,0,8,1,5,50,4,1,1,5,4,5,7,1,1,10,5,5,2,17,19,2,3,1,1,C03,7,1,1,10,2,14,,19,19,1,21,8,C03,120.558825,24.234814,2
2023,1,20,18,27,臺中市,清水區,0,2,0,8,3,5,50,4,1,1,5,4,5,7,4,4,10,5,5,2,15,6,3,10,1,1,B03,7,9,1,8,2,1,,6,6,1,21,8,B03,120.577794,24.271172,2