年,月,日,時,分,縣市,區,死,受傷,2-30,天候,光線,道路類別,速限,道路型態,事故位置,路面鋪裝,路面狀態,路面缺陷,障礙物,視距,號誌種類,號誌動作,分向設施,快車道或一般車道間,快慢車道間,路面邊線,事故類型及型態,主要肇因,受傷程度,主要傷處,保護裝備,行動電話,當事者區分,車輛用途,當事者行動狀態,駕駛資格情形,駕駛執照種類,飲酒情形,車輛撞擊部位最初,車輛撞擊部位其他,肇事因素個別,肇事因素主要,肇事逃逸,職業,旅次目的,車種,GPS緯度,GPS經度,事故類別
2023,1,21,17,16,臺中市,太平區,0,0,0,8,,,30,,,,,,,,,,,,,,,23,,,,,B03,,,1,,2,,,23,,1,5,,B03,120.783967,24.154357,3
2023,1,21,17,23,臺中市,太平區,0,2,0,8,2,5,50,3,1,1,5,4,5,7,1,1,5,4,5,1,18,43,2,9,1,1,C03,7,9,1,8,2,12,,43,43,1,21,8,C03,120.711313,24.152599,2
2023,1,21,17,28,臺中市,豐原區,0,0,0,8,,,30,,,,,,,,,,,,,,,12,,,,,B03,,,1,,2,,,12,,1,21,,B03,120.702846,24.249376,3
2023,1,21,17,31,臺中市,大安區,0,0,0,8,,,50,,,,,,,,,,,,,,,12,,,,,B12,,,1,,2,,,12,12,1,22,,B12,120.569098,24.340632,3
2023,1,21,17,32,臺中市,北區,0,1,0,8,2,5,50,4,9,1,5,4,5,7,1,1,1,2,5,2,17,23,2,9,1,1,C03,7,9,3,18,2,11,,23,23,1,22,9,C03,120.683465,24.148013,2
2023,1,21,17,33,臺中市,神岡區,0,0,0,8,,,30,,,,,,,,,,,,,,,6,,,,,B03,,,1,,2,,,6,,1,22,,B03,120.709373,24.257861,3
2023,1,21,17,36,臺中市,北區,0,0,0,,,,50,,,,,,,,,,,,,,,7,,,,,B03,,,1,,2,,,7,,1,21,,B03,120.684067,24.148315,3
2023,1,21,17,40,臺中市,北屯區,0,2,0,8,1,5,50,14,9,1,5,4,5,7,4,4,5,2,5,2,18,23,2,9,1,1,C03,7,9,1,10,2,12,,23,23,1,22,8,C03,120.70658,24.169621,2
2023,1,21,17,41,臺中市,豐原區,0,0,0,8,,,30,,,,,,,,,,,,,,,12,,,,,B03,,,1,,9,,,12,12,2,22,,B03,120.735332,24.263876,3
2023,1,21,17,47,臺中市,龍井區,0,2,0,8,3,5,40,4,1,1,5,4,5,7,1,1,1,5,5,2,17,25,2,9,1,1,C03,7,9,3,18,11,12,,25,25,2,5,8,C03,120.583243,24.187395,2
2023,1,21,17,50,臺中市,西區,0,0,0,8,3,5,50,4,1,1,5,4,5,7,1,1,5,5,5,2,13,16,,,,,B03,,,1,,1,,,16,,1,21,,B03,120.661667,24.150899,3
2023,1,21,17,50,臺中市,豐原區,0,1,0,8,3,5,30,14,9,1,5,4,5,7,4,4,10,5,5,1,10,44,3,10,1,1,B12,7,12,1,3,2,1,,44,44,1,21,5,B12,120.747347,24.262207,2
2023,1,21,17,55,臺中市,沙鹿區,0,1,0,8,3,5,50,14,7,1,5,4,5,7,4,4,9,5,4,2,29,42,2,8,1,1,C03,7,9,1,10,2,15,,42,42,1,5,8,C03,120.575808,24.225656,2
2023,1,21,18,1,臺中市,西區,0,1,0,8,3,5,50,4,1,1,5,4,5,7,2,1,10,5,5,2,13,23,3,10,1,1,B03,7,14,1,8,2,7,,38,23,1,20,8,B03,120.661683,24.134253,2
2023,1,21,18,2,臺中市,西屯區,0,0,0,8,,,50,,,,,,,,,,,,,,,42,,,,,B03,,,6,,2,,,42,,1,22,,B03,120.612168,24.192648,3
2023,1,21,18,5,臺中市,北區,0,2,0,8,4,5,50,4,1,1,5,4,5,7,1,1,5,4,5,2,15,25,3,10,1,1,B03,7,9,1,8,2,5,,25,25,1,22,8,B03,120.68248,24.165394,2
2023,1,21,18,5,臺中市,南屯區,0,0,0,8,,,40,,,,,,,,,,,,,,,1,,,,,B03,,,1,,1,,,1,,1,22,,B03,120.62309,24.150067,3
2023,1,21,18,10,臺中市,東區,0,1,0,8,3,5,50,4,2,1,5,4,5,7,1,1,10,4,5,2,14,12,3,10,1,1,B01,7,2,1,4,2,3,,12,12,1,22,8,B01,120.687617,24.137043,2
2023,1,21,18,10,臺中市,龍井區,0,0,0,8,,,30,,,,,,,,,,,,,,,6,,,,,C03,,,1,,2,,,6,,1,5,,C03,120.509666,24.202374,3
2023,1,21,18,19,臺中市,北屯區,0,0,0,8,,,40,,,,,,,,,,,,,,,12,,,,,B03,,,1,,1,,,12,,1,5,,B03,120.685883,24.17875,3
2023,1,21,18,37,臺中市,西屯區,0,0,0,8,,,50,,,,,,,,,,,,,,,42,,,,,B03,,,1,,2,,,42,,1,22,,B03,120.649796,24.162755,3
2023,1,21,18,54,臺中市,西屯區,0,1,0,8,3,5,50,4,1,1,5,4,5,7,2,1,10,5,5,2,16,6,3,10,3,4,B12,7,6,1,8,2,5,,6,6,1,22,8,B12,120.635989,24.169183,2
2023,1,21,18,59,臺中市,烏日區,0,0,0,8,,,50,,,,,,,,,,,,,,,23,,,,,B03,,,1,,9,,,23,,1,21,,B03,120.647288,24.08589,3
2023,1,21,19,19,臺中市,烏日區,0,2,0,8,3,5,50,4,2,1,5,4,5,7,1,1,1,4,5,1,13,16,2,9,1,1,C03,7,9,1,10,2,11,,16,16,1,21,8,C03,120.646513,24.110213,2
2023,1,21,19,34,臺中市,大里區,0,0,0,8,,,50,,,,,,,,,,,,,,,16,,,,,B03,,,1,,1,,,16,,1,4,,B03,120.69394,24.100306,3
2023,1,21,19,40,臺中市,神岡區,0,0,0,8,,,50,,,,,,,,,,,,,,,16,,,,,B03,,,1,,1,,,16,,1,12,,B03,120.654337,24.258495,3
2023,1,21,19,54,臺中市,西屯區,0,0,0,8,,,50,,,,,,,,,,,,,,,67,,,,,,,,,,,,,67,,1,,,,120.663175,24.178107,3
2023,1,21,19,54,臺中市,梧棲區,0,2,0,8,3,5,50,4,1,1,5,4,5,7,1,1,10,5,5,2,15,42,2,9,1,1,C03,7,9,1,10,2,14,,42,42,1,9,8,C03,120.54252,24.219254,2
2023,1,21,19,55,臺中市,西區,0,0,0,8,,,40,,,,,,,,,,,,,,,23,,,,,B03,,,1,,2,,,23,,1,5,,B03,120.667932,24.131551,3
2023,1,21,20,0,臺中市,大甲區,0,1,0,8,3,5,50,4,1,1,5,4,5,7,1,1,10,5,5,1,11,6,3,10,1,1,B03,7,5,1,8,2,8,,6,6,1,22,8,B03,120.622694,24.342405,2
2023,1,21,20,14,臺中市,北屯區,0,0,0,8,,,50,,,,,,,,,,,,,,,12,,,,,B03,,,1,,2,,,12,12,1,5,,B03,120.693079,24.16846,3
2023,1,21,20,29,臺中市,東區,0,0,0,,,,50,,,,,,,,,,,,,,,23,,,,,B03,,,6,,2,,,23,23,1,22,,B03,120.697474,24.138784,3
2023,1,21,20,35,臺中市,神岡區,0,0,0,8,,,30,,,,,,,,,,,,,,,12,,,,,B03,,,1,,1,,,12,,1,22,,B03,120.697088,24.247761,3
2023,1,21,21,0,臺中市,潭子區,0,0,0,8,,,50,,,,,,,,,,,,,,,23,,,,,B03,,,1,,3,,,23,,1,22,,B03,120.707366,24.200397,3
2023,1,21,21,0,臺中市,西屯區,0,1,0,8,3,5,50,4,1,1,5,4,5,7,1,1,10,5,5,2,15,25,3,10,1,1,C03,7,9,1,10,2,12,,25,25,1,22,8,C03,120.647443,24.172807,2
2023,1,21,21,0,臺中市,太平區,0,0,0,8,,,30,,,,,,,,,,,,,,,23,,,,,B03,,,1,,2,,,23,,1,4,,B03,120.735605,24.118209,3
2023,1,21,21,3,臺中市,東勢區,0,0,0,8,,,60,,,,,,,,,,,,,,,23,,,,,B03,,,1,,2,,,23,,1,22,,B03,120.82369,24.259959,3
2023,1,21,21,13,臺中市,西區,0,0,0,8,,,50,,,,,,,,,,,,,,,16,,,,,B03,,,1,,1,,,16,,1,4,,B03,120.665758,24.139027,3
2023,1,21,21,13,臺中市,北區,0,0,0,8,,,50,,,,,,,,,,,,,,,12,,,,,B03,,,1,,1,,,12,,1,22,,B03,120.690014,24.160463,3
2023,1,21,21,13,臺中市,南屯區,0,1,0,8,3,5,50,4,1,1,5,4,5,7,1,1,10,5,5,2,15,25,2,9,1,1,C03,7,9,1,10,2,11,,25,25,1,22,8,C03,120.637223,24.130265,2
2023,1,21,21,14,臺中市,西屯區,0,1,0,8,3,5,50,14,9,1,5,4,5,7,4,4,5,4,5,2,13,23,2,9,3,4,B03,7,9,1,8,2,1,,23,23,1,22,8,B03,120.648156,24.196835,2
2023,1,21,21,43,臺中市,龍井區,0,1,0,4,3,5,50,14,9,1,5,4,5,7,4,4,9,5,5,1,16,10,3,10,1,1,B03,7,11,1,8,2,4,,10,10,1,21,8,B03,120.582781,24.178501,2
2023,1,21,21,46,臺中市,清水區,0,0,0,8,,,50,,,,,,,,,,,,,,,6,,,,,B03,,,1,,2,,,6,,1,21,,B03,120.587529,24.291149,3
2023,1,21,22,0,臺中市,大里區,0,0,0,8,,,40,,,,,,,,,,,,,,,23,,,,,B03,,,1,,2,,,23,,1,5,,B03,120.691786,24.100931,3
2023,1,21,22,2,臺中市,西屯區,0,1,0,8,3,5,40,14,8,1,5,4,5,7,4,4,3,5,3,2,18,43,2,9,1,1,C03,7,9,1,10,2,14,,43,43,1,22,8,C03,120.615946,24.182604,2
2023,1,21,22,10,臺中市,太平區,0,2,0,8,3,5,50,4,1,1,5,4,5,7,1,1,5,5,5,2,13,23,2,9,1,1,C03,7,9,1,10,2,11,,23,23,1,21,8,C03,120.714329,24.149276,2
2023,1,21,22,18,臺中市,太平區,0,0,0,8,,,30,,,,,,,,,,,,,,,17,,,,,B12,,,1,,2,,,17,,1,4,,B12,120.731514,24.111053,3
2023,1,21,22,20,臺中市,烏日區,0,0,0,8,,,30,,,,,,,,,,,,,,,12,,,,,B03,,,1,,9,,,12,,1,5,,B03,120.632944,24.108628,3
2023,1,21,22,30,臺中市,清水區,0,0,0,8,,,30,,,,,,,,,,,,,,,12,,,,,B03,,,1,,1,,,12,,1,21,,B03,120.544903,24.271847,3
2023,1,21,22,32,臺中市,中區,0,0,0,8,,,50,,,,,,,,,,,,,,,7,,,,,B03,,,1,,2,,,7,7,1,21,,B03,120.68088,24.142016,3
2023,1,21,22,55,臺中市,沙鹿區,0,0,0,8,,,70,,,,,,,,,,,,,,,23,,,,,B03,,,1,,2,,,23,,1,5,,B03,120.60608,24.247356,3
2023,1,21,23,0,臺中市,大雅區,0,0,0,8,,,30,,,,,,,,,,,,,,,23,,,,,B03,,,1,,9,,,23,,2,22,,B03,120.638703,24.240335,3
2023,1,21,23,25,臺中市,大雅區,0,1,0,8,3,5,50,3,2,1,5,4,5,7,3,1,5,5,5,1,16,23,2,9,1,1,C03,7,9,1,10,2,11,,23,23,1,22,9,C03,120.673083,24.231192,2
2023,1,21,23,27,臺中市,太平區,0,0,0,8,,,50,,,,,,,,,,,,,,,23,,,,,B03,,,1,,2,,,23,,1,21,,B03,120.722072,24.154798,3
2023,1,21,23,31,臺中市,北屯區,0,3,0,8,3,5,50,3,1,1,5,4,5,7,1,1,10,5,5,2,16,25,2,9,1,1,C03,7,9,1,10,1,11,,25,25,1,22,8,C03,120.714946,24.174145,2
2023,1,21,23,32,臺中市,太平區,0,0,0,8,,,30,,,,,,,,,,,,,,,12,,,,,B01,,,1,,2,,,12,,1,21,,B01,120.710045,24.155687,3
2023,1,21,23,35,臺中市,北區,0,1,0,8,3,5,50,4,1,1,5,4,5,7,1,1,1,5,5,2,16,6,2,8,1,1,C03,7,5,1,10,1,11,,6,6,1,5,8,C03,120.685119,24.165279,2
2023,1,21,23,54,臺中市,豐原區,0,2,0,8,3,5,50,4,1,1,5,4,5,7,4,4,10,5,5,2,17,6,3,10,1,1,B03,7,9,1,8,2,8,,23,6,1,22,8,B03,120.703952,24.243498,2
2023,1,21,23,58,臺中市,大雅區,0,3,0,8,3,5,50,4,1,1,5,4,5,7,1,1,1,4,4,1,16,25,2,9,1,1,C03,7,9,1,10,2,11,,25,25,1,22,8,C03,120.650654,24.210031,2
2023,1,22,0,16,臺中市,西屯區,0,1,0,8,3,5,50,5,1,1,5,4,5,7,2,1,10,5,5,2,12,9,3,10,1,1,B03,7,6,6,8,2,2,,9,9,1,6,6,B03,120.660616,24.164175,2
2023,1,22,0,41,臺中市,太平區,0,2,0,8,3,5,50,3,1,1,5,4,5,7,3,1,5,5,5,2,16,6,2,9,1,1,B03,7,5,1,10,2,8,,6,6,1,21,8,B03,120.73367,24.156014,2
2023,1,22,1,10,臺中市,北屯區,0,0,0,8,,,50,,,,,,,,,,,,,,,23,,,,,B03,,,1,,1,,,23,,1,22,,B03,120.69854,24.168082,3
2023,1,22,1,18,臺中市,西屯區,0,1,0,8,3,5,60,4,1,1,5,4,5,7,2,1,1,5,1,2,23,23,2,1,1,1,B03,7,9,1,8,2,1,,23,23,1,22,8,B03,120.628905,24.206333,2
2023,1,22,1,32,臺中市,潭子區,0,0,0,8,,,30,,,,,,,,,,,,,,,6,,,,,B03,,,1,,2,,,6,,1,22,,B03,120.701888,24.189491,3
2023,1,22,1,40,臺中市,北屯區,0,0,0,8,,,50,,,,,,,,,,,,,,,7,,,,,B03,,,1,,1,,,7,,1,22,,B03,120.687614,24.181927,3
2023,1,22,2,7,臺中市,西屯區,0,1,0,8,3,5,50,3,1,1,5,4,5,7,4,4,10,5,5,2,17,23,2,6,1,3,C03,7,9,6,10,2,11,,23,23,1,12,5,C03,120.646859,24.170817,2
2023,1,22,2,30,臺中市,東區,0,0,0,,,,80,,,,,,,,,,,,,,,6,,,,,B02,,,1,,2,,,6,,1,22,,B02,120.710494,24.134566,3
2023,1,22,2,30,臺中市,神岡區,0,1,0,7,3,5,60,4,1,1,5,4,5,7,3,1,1,4,5,1,18,13,2,9,1,1,B03,7,9,1,8,2,2,,13,13,1,12,8,B03,120.684161,24.246487,2
2023,1,22,5,1,臺中市,南屯區,0,0,0,8,,,60,,,,,,,,,,,,,,,50,,,,,B03,,,3,18,2,,,50,50,1,1,,B03,120.598422,24.155204,3
2023,1,22,6,12,臺中市,沙鹿區,0,2,0,4,1,5,40,3,8,1,5,4,5,7,1,1,1,3,4,1,17,23,2,9,1,1,C03,7,9,1,10,2,11,,23,23,1,5,9,C03,120.600805,24.249859,2
2023,1,22,6,23,臺中市,霧峰區,0,1,0,8,2,5,50,4,1,1,5,4,5,7,1,1,5,4,4,2,3,15,3,10,1,1,B03,7,5,1,8,2,8,,15,15,1,22,9,B03,120.698686,24.064478,2
2023,1,22,7,27,臺中市,龍井區,0,0,0,8,,,50,,,,,,,,,,,,,,,22,,,,,B03,,,1,,2,,,22,,1,5,,B03,120.531685,24.194365,3
2023,1,22,7,54,臺中市,南屯區,0,0,0,8,,,40,,,,,,,,,,,,,,,42,,,,,B12,,,1,,2,,,42,,1,22,,B12,120.623641,24.152619,3
2023,1,22,8,50,臺中市,新社區,0,1,0,8,1,5,30,3,1,1,5,4,5,7,4,4,10,5,5,2,14,12,3,10,1,1,B03,7,2,1,2,2,3,,12,12,1,21,9,B03,120.808071,24.24824,2
2023,1,22,8,51,臺中市,霧峰區,0,0,0,8,,,,,,,,,,,,,,,,,,43,,,,,B03,,,8,,10,,,44,43,1,22,,B03,120.697411,24.068461,3
2023,1,22,8,54,臺中市,大里區,0,0,0,8,,,30,,,,,,,,,,,,,,,12,,,,,B12,,,1,,2,,,12,,1,5,,B12,120.703746,24.10504,3
2023,1,22,9,10,臺中市,南屯區,0,0,0,8,,,40,,,,,,,,,,,,,,,18,,,,,B11,,,1,,2,,,18,,1,22,,B11,120.627272,24.117743,3
2023,1,22,9,29,臺中市,清水區,0,0,0,8,,,70,,,,,,,,,,,,,,,23,,,,,A41,,,1,,1,,,23,,1,21,,A41,120.568146,24.271531,3
2023,1,22,9,32,臺中市,清水區,0,0,0,8,,,70,,,,,,,,,,,,,,,23,,,,,B03,,,1,,1,,,23,,1,21,,B03,120.57074,24.274671,3
2023,1,22,9,43,臺中市,豐原區,0,0,0,8,,,50,,,,,,,,,,,,,,,19,,,,,B03,,,1,,2,,,19,,1,21,,B03,120.726655,24.242718,3
2023,1,22,9,51,臺中市,西區,0,0,0,8,,,50,,,,,,,,,,,,,,,23,,,,,B03,,,1,,1,,,23,,1,22,,B03,120.673287,24.147768,3
2023,1,22,9,52,臺中市,南區,0,1,0,8,1,5,50,4,1,1,5,4,5,7,4,4,10,5,5,2,16,6,3,10,1,1,B03,7,6,1,8,2,2,,6,6,1,5,8,B03,120.653449,24.123779,2
2023,1,22,9,56,臺中市,北區,0,0,0,,,,50,,,,,,,,,,,,,,,23,,,,,B03,,,1,,1,,,23,,1,5,,B03,120.680482,24.162975,3
2023,1,22,9,57,臺中市,清水區,0,2,0,8,1,5,50,3,1,1,5,4,5,7,4,4,10,5,4,2,13,23,2,9,1,1,C03,7,9,1,10,2,11,,23,23,1,21,8,C03,120.551914,24.260459,2
2023,1,22,10,5,臺中市,東區,0,1,0,8,1,5,50,4,1,1,5,4,5,7,1,1,10,5,5,2,13,44,2,9,1,1,C03,7,9,1,10,2,14,,44,44,1,22,8,C03,120.706344,24.136717,2
2023,1,22,10,9,臺中市,西區,0,0,0,8,,,40,,,,,,,,,,,,,,,23,,,,,B03,,,1,,11,,,23,,1,22,,B03,120.665149,24.155703,3
2023,1,22,10,12,臺中市,西屯區,0,1,0,8,1,5,50,14,22,1,5,4,5,7,4,4,5,4,5,2,16,10,3,10,1,1,B03,7,11,1,8,2,7,,10,10,1,22,8,B03,120.637508,24.18122,2
2023,1,22,10,12,臺中市,梧棲區,0,0,0,8,,,40,,,,,,,,,,,,,,,17,,,,,A02,,,1,,2,,,17,,1,10,,A02,120.539407,24.248749,4
2023,1,22,10,17,臺中市,潭子區,0,0,0,8,,,50,,,,,,,,,,,,,,,12,,,,,B03,,,1,,2,,,12,,1,22,,B03,120.708274,24.210782,3
2023,1,22,10,17,臺中市,神岡區,0,0,0,8,,,50,,,,,,,,,,,,,,,18,,,,,B03,,,1,,2,,,18,,1,22,,B03,120.693523,24.24816,3
2023,1,22,10,21,臺中市,烏日區,0,0,0,8,1,5,30,14,9,1,5,4,5,7,4,4,10,5,5,2,16,6,3,10,1,1,B03,7,6,1,8,2,8,,6,6,1,21,9,B03,120.63366,24.105066,3
2023,1,22,10,25,臺中市,大甲區,0,0,0,8,,,50,,,,,,,,,,,,,,,23,,,,,B03,,,1,,1,,,23,,1,21,,B03,120.62139,24.34326,3
2023,1,22,10,38,臺中市,神岡區,0,0,0,,,,50,,,,,,,,,,,,,,,16,,,,,B03,,,1,,2,,,16,,1,22,,B03,120.696325,24.248552,3
2023,1,22,10,44,臺中市,沙鹿區,0,2,0,8,1,5,60,4,1,1,5,4,5,7,1,1,10,5,5,2,23,23,2,9,1,1,B03,7,9,1,8,2,1,,23,23,1,18,8,B03,120.607693,24.246644,2
2023,1,22,11,0,臺中市,南區,0,1,0,8,1,5,50,3,9,1,5,4,5,7,4,4,10,5,5,2,16,6,3,10,1,1,B03,7,5,1,8,2,7,,6,6,1,22,8,B03,120.666777,24.12198,2
2023,1,22,11,5,臺中市,大里區,0,0,0,8,,,60,,,,,,,,,,,,,,,16,,,,,B03,,,1,,2,,,16,,1,22,,B03,120.68314,24.085099,3
2023,1,22,11,9,臺中市,豐原區,0,0,0,8,,,30,,,,,,,,,,,,,,,12,,,,,B03,,,1,,2,,,12,,1,22,,B03,120.699695,24.244668,3
2023,1,22,11,11,臺中市,北屯區,0,0,0,8,,,50,,,,,,,,,,,,,,,7,,,,,B03,,,1,,1,,,7,,1,21,,B03,120.733706,24.176927,3
2023,1,22,11,19,臺中市,北區,0,0,0,8,,,50,,,,,,,,,,,,,,,23,,,,,B03,,,3,,1,,,23,,1,22,,B03,120.671705,24.173062,3
2023,1,22,11,20,臺中市,烏日區,0,0,0,8,,,30,,,,,,,,,,,,,,,10,,,,,B03,,,1,,2,,,10,10,1,21,,B03,120.61553,24.11295,3
2023,1,22,11,30,臺中市,沙鹿區,0,1,0,8,1,5,50,14,9,1,5,4,5,7,4,4,5,5,5,2,11,26,3,10,1,1,B03,7,9,1,8,2,8,,26,26,1,3,8,B03,120.557366,24.228894,2
2023,1,22,11,31,臺中市,沙鹿區,0,0,0,8,,,50,,,,,,,,,,,,,,,67,,,,,,,,,,,,,67,,1,,,,120.569909,24.219234,3
2023,1,22,11,38,臺中市,北屯區,0,0,0,8,,,30,,,,,,,,,,,,,,,6,,,,,B03,,,1,,2,,,6,,1,2,,B03,120.6818,24.1743,3
2023,1,22,11,40,臺中市,烏日區,0,0,0,8,1,5,50,14,9,1,5,4,5,7,4,4,10,5,5,2,14,12,,,,,B03,,,1,,11,,,12,,1,22,,B03,120.605771,24.117621,3
2023,1,22,11,40,臺中市,烏日區,0,0,0,,,,60,,,,,,,,,,,,,,,9,,,,,B02,,,1,,2,,,9,9,1,21,,B02,120.623381,24.104594,3
2023,1,22,11,42,臺中市,西屯區,0,0,0,,,,30,,,,,,,,,,,,,,,43,,,,,B02,,,1,,1,,,43,,1,4,,B02,120.607151,24.185343,3
2023,1,22,11,47,臺中市,龍井區,0,0,0,,,,40,,,,,,,,,,,,,,,23,,,,,B03,,,1,,2,,,23,,1,22,,B03,120.575504,24.177396,3
2023,1,22,11,50,臺中市,龍井區,0,0,0,8,,,50,,,,,,,,,,,,,,,23,,,,,B03,,,1,,2,,,23,,1,5,,B03,120.517818,24.217902,3
2023,1,22,11,54,臺中市,烏日區,0,0,0,8,1,5,30,14,9,1,5,4,5,7,4,4,10,5,5,1,11,17,3,10,3,4,B03,7,9,1,8,2,4,,17,17,1,21,9,B03,120.656531,24.09824,3
2023,1,22,11,55,臺中市,后里區,0,1,0,8,1,5,50,4,2,1,5,4,5,7,1,1,1,3,5,1,16,9,3,10,1,1,B03,7,6,1,8,2,15,,9,9,1,4,8,B03,120.676946,24.295041,2
2023,1,22,11,57,臺中市,南屯區,0,0,0,8,1,5,50,14,9,1,5,4,5,7,4,4,9,5,5,2,12,19,3,10,1,1,B03,7,1,1,8,2,8,,19,19,1,22,8,B03,120.643089,24.138474,3
2023,1,22,11,57,臺中市,霧峰區,0,0,0,8,,,30,,,,,,,,,,,,,,,12,,,,,B02,,,1,,2,,,12,,1,22,,B02,120.68142,24.0622,3
2023,1,22,11,58,臺中市,北屯區,0,0,0,,,,50,,,,,,,,,,,,,,,26,,,,,B03,,,1,,1,,,23,26,1,21,,B03,120.71137,24.18245,3
2023,1,22,12,1,臺中市,西屯區,0,0,0,8,,,50,,,,,,,,,,,,,,,19,,,,,C03,,,1,,1,,,19,,1,22,,C03,120.644659,24.171499,3
2023,1,22,12,3,臺中市,北區,0,1,0,8,1,5,50,14,9,1,5,4,5,7,4,4,3,4,5,2,17,40,3,10,1,1,B12,7,14,1,8,2,2,,40,40,1,22,9,B12,120.684766,24.167442,2
2023,1,22,12,5,臺中市,清水區,0,0,0,8,,,50,,,,,,,,,,,,,,,6,,,,,B03,,,1,,2,,,6,,1,22,,B03,120.575206,24.264826,3
2023,1,22,12,8,臺中市,大雅區,0,0,0,8,,,50,,,,,,,,,,,,,,,23,,,,,B03,,,1,,9,,,23,,2,22,,B03,120.630195,24.240947,3
2023,1,22,12,9,臺中市,豐原區,0,0,0,8,,,60,,,,,,,,,,,,,,,23,,,,,B03,,,1,,2,,,23,,1,22,,B03,120.802916,24.256438,3
2023,1,22,12,10,臺中市,石岡區,0,0,0,8,,,30,,,,,,,,,,,,,,,12,,,,,B03,,,1,,2,,,12,,1,22,,B03,120.814578,24.26227,3
2023,1,22,12,11,臺中市,南屯區,0,1,0,8,1,5,40,3,1,1,5,4,5,7,4,4,10,5,5,2,16,19,3,10,3,4,B03,7,1,1,8,2,8,,19,19,1,22,8,B03,120.635365,24.141373,2
2023,1,22,12,14,臺中市,北屯區,0,0,0,8,,,50,,,,,,,,,,,,,,,10,,,,,B03,,,1,,1,,,10,,1,18,,B03,120.7224,24.174,3
2023,1,22,12,16,臺中市,大甲區,0,1,0,8,1,5,50,4,1,1,5,4,5,7,3,1,10,5,5,2,15,6,3,10,1,1,B03,7,9,1,7,2,5,,6,6,1,9,6,B03,120.626924,24.349171,2
2023,1,22,12,23,臺中市,東勢區,0,0,0,8,,,50,,,,,,,,,,,,,,,23,,,,,B03,,,1,,2,,,23,,1,21,,B03,120.826401,24.254535,3
2023,1,22,12,26,臺中市,南屯區,0,0,0,8,,,50,,,,,,,,,,,,,,,42,,,,,B03,,,1,,1,,,42,,1,22,,B03,120.623497,24.149515,3
2023,1,22,12,46,臺中市,豐原區,0,0,0,8,,,50,,,,,,,,,,,,,,,19,,,,,B03,,,1,,1,,,19,,1,21,,B03,120.732435,24.255316,3
2023,1,22,12,48,臺中市,梧棲區,0,0,0,8,,,90,,,,,,,,,,,,,,,16,,,,,B03,,,1,,1,,,16,,1,5,,B03,120.524336,24.222091,3
2023,1,22,12,49,臺中市,龍井區,0,1,0,8,1,5,50,14,9,1,5,4,5,7,4,4,9,5,5,2,16,6,3,10,1,1,C03,7,11,3,18,2,11,,6,6,1,9,5,C03,120.549297,24.191717,2
2023,1,22,12,58,臺中市,東區,0,0,0,8,,,50,,,,,,,,,,,,,,,42,,,,,B03,,,1,,2,,,42,,1,22,,B03,120.698096,24.139909,3
2023,1,22,13,0,臺中市,大甲區,0,0,0,8,1,5,50,14,9,1,5,4,5,7,4,4,10,5,5,2,12,23,3,10,1,1,B03,7,9,1,8,2,7,,23,23,1,22,9,B03,120.626063,24.340875,3
2023,1,22,13,3,臺中市,太平區,0,1,0,8,1,5,30,14,9,1,5,4,5,7,4,4,5,5,4,1,16,26,2,7,1,1,C03,7,5,1,10,2,12,,26,26,1,21,8,C03,120.716453,24.151227,2
2023,1,22,13,5,臺中市,大甲區,0,1,0,8,1,5,60,14,13,1,5,4,5,7,4,4,5,4,5,1,13,23,2,9,1,1,C03,7,9,1,10,2,11,,23,23,1,9,8,C03,120.675461,24.365288,2
2023,1,22,13,14,臺中市,梧棲區,0,0,0,8,1,5,50,14,13,1,5,4,5,7,4,4,5,5,5,1,16,23,3,10,1,1,A05,7,9,1,1,7,5,,23,23,1,10,8,A05,120.551293,24.251813,3
2023,1,22,13,17,臺中市,東區,0,1,0,8,1,5,50,14,9,1,5,4,5,7,4,4,5,5,5,2,18,21,2,9,1,1,C03,7,15,6,18,8,14,,21,21,1,21,8,C03,120.685179,24.122256,2
2023,1,22,13,26,臺中市,西屯區,0,0,0,8,,,30,,,,,,,,,,,,,,,16,,,,,B03,,,1,,1,,,16,,1,22,,B03,120.655344,24.178096,3
2023,1,22,13,27,臺中市,大甲區,0,0,0,8,,,50,,,,,,,,,,,,,,,23,,,,,B03,,,1,,2,,,23,,1,21,,B03,120.62826,24.34511,3
2023,1,22,13,30,臺中市,南屯區,0,0,0,8,,,40,,,,,,,,,,,,,,,26,,,,,B03,,,6,,2,,,26,26,1,22,,B03,120.619424,24.120416,3
2023,1,22,13,42,臺中市,太平區,0,0,0,8,,,50,,,,,,,,,,,,,,,1,,,,,C03,,,1,,1,14,12,1,1,1,22,,C03,120.711826,24.144439,3
2023,1,22,13,43,臺中市,太平區,0,0,0,8,,,30,,,,,,,,,,,,,,,23,,,,,B02,,,1,,2,2,,23,23,1,22,,B02,120.731083,24.110513,3
2023,1,22,13,46,臺中市,太平區,0,0,0,8,,,30,,,,,,,,,,,,,,,18,,,,,B03,,,1,,1,,,18,,1,21,,B03,120.722548,24.150372,3