年,月,日,時,分,縣市,區,死,受傷,2-30,天候,光線,道路類別,速限,道路型態,事故位置,路面鋪裝,路面狀態,路面缺陷,障礙物,視距,號誌種類,號誌動作,分向設施,快車道或一般車道間,快慢車道間,路面邊線,事故類型及型態,主要肇因,受傷程度,主要傷處,保護裝備,行動電話,當事者區分,車輛用途,當事者行動狀態,駕駛資格情形,駕駛執照種類,飲酒情形,車輛撞擊部位最初,車輛撞擊部位其他,肇事因素個別,肇事因素主要,肇事逃逸,職業,旅次目的,車種,GPS緯度,GPS經度,事故類別
2023,1,22,13,47,臺中市,清水區,0,0,0,8,,,30,,,,,,,,,,,,,,,6,,,,,B03,,,1,,2,,,6,,1,21,,B03,120.578585,24.280722,3
2023,1,22,13,47,臺中市,豐原區,0,0,0,8,1,5,50,14,8,1,5,4,5,7,4,4,5,4,4,2,13,23,3,10,1,1,C03,7,9,1,10,2,12,,23,23,1,22,8,C03,120.711123,24.250981,3
2023,1,22,14,2,臺中市,東區,0,0,0,8,,,40,,,,,,,,,,,,,,,9,,,,,B03,,,1,,2,,,9,,1,22,,B03,120.700091,24.138795,3
2023,1,22,14,10,臺中市,南區,0,0,0,8,,,50,,,,,,,,,,,,,,,16,,,,,B03,,,1,,2,,,16,,1,22,,B03,120.663835,24.116871,3
2023,1,22,14,15,臺中市,南區,0,2,0,8,1,5,50,14,7,1,5,4,5,7,4,4,1,4,5,2,13,16,2,9,1,1,C03,7,9,1,10,2,11,,16,16,1,22,8,C03,120.654167,24.116536,2
2023,1,22,14,20,臺中市,太平區,0,0,0,8,1,5,30,3,1,1,5,4,5,7,4,4,10,5,5,2,16,9,3,10,1,1,B03,7,6,1,8,2,5,,9,9,1,5,9,B03,120.732344,24.139003,3
2023,1,22,14,24,臺中市,烏日區,0,0,0,8,,,30,,,,,,,,,,,,,,,42,,,,,B03,,,1,,2,,,42,,1,21,,B03,120.598755,24.115356,3
2023,1,22,14,25,臺中市,潭子區,0,1,0,8,1,5,50,3,2,1,5,4,5,7,4,4,5,4,4,2,16,19,3,10,1,1,B03,7,1,1,8,2,1,,19,19,1,22,8,B03,120.703838,24.194478,2
2023,1,22,14,25,臺中市,神岡區,0,0,0,8,,,50,,,,,,,,,,,,,,,23,,,,,B12,,,1,,2,,,23,,1,22,,B12,120.699601,24.263916,3
2023,1,22,14,26,臺中市,東勢區,0,1,0,8,1,5,60,3,1,1,5,4,5,7,2,1,1,4,4,1,12,23,2,9,1,1,C03,7,9,1,10,2,11,,23,23,1,22,8,C03,120.82458,24.25692,2
2023,1,22,14,28,臺中市,梧棲區,0,2,0,8,1,5,50,4,1,1,5,4,5,7,1,1,10,5,5,2,16,9,3,10,1,1,B03,7,6,1,8,2,2,,9,9,1,9,8,B03,120.52776,24.261911,2
2023,1,22,14,29,臺中市,梧棲區,0,0,0,8,,,50,,,,,,,,,,,,,,,19,,,,,B03,,,1,,2,,,19,,1,20,,B03,120.53229,24.260418,3
2023,1,22,14,37,臺中市,南屯區,0,1,0,8,1,5,50,14,7,1,5,4,5,7,4,4,5,5,4,2,16,19,2,8,1,1,C03,7,1,1,10,2,14,,19,19,1,22,8,C03,120.63328,24.152481,2
2023,1,22,14,43,臺中市,太平區,0,1,0,8,1,5,30,4,1,1,5,4,5,7,4,4,10,5,5,2,15,6,3,10,1,1,B03,7,9,1,8,2,4,,6,6,1,22,8,B03,120.723865,24.129858,2
2023,1,22,14,44,臺中市,東區,0,0,0,8,1,5,50,4,1,1,5,4,5,7,2,1,10,5,5,2,12,7,3,10,1,1,B12,7,7,1,8,9,4,,7,7,2,5,8,B12,120.692456,24.142745,3
2023,1,22,14,45,臺中市,豐原區,0,1,0,8,1,5,40,11,13,1,5,4,5,7,4,4,4,5,5,1,17,42,3,10,3,4,B03,7,13,1,1,9,4,,38,42,1,22,8,B03,120.729599,24.244122,2
2023,1,22,14,50,臺中市,清水區,0,0,0,8,,,70,,,,,,,,,,,,,,,17,,,,,B03,,,1,,1,,,17,,1,22,,B03,120.581545,24.28214,3
2023,1,22,14,59,臺中市,南屯區,0,0,0,8,,,50,,,,,,,,,,,,,,,23,,,,,B03,,,1,,1,,,23,,1,22,,B03,120.615581,24.147003,3
2023,1,22,15,0,臺中市,霧峰區,0,0,0,8,,,40,,,,,,,,,,,,,,,23,,,,,B03,,,1,,2,,,23,,1,4,,B03,120.662882,24.071858,3
2023,1,22,15,4,臺中市,北屯區,0,0,0,8,,,50,,,,,,,,,,,,,,,26,,,,,B03,,,1,,1,,,26,,1,5,,B03,120.714856,24.174011,3
2023,1,22,15,5,臺中市,東區,0,1,0,8,1,5,50,14,9,1,5,4,5,7,4,4,1,4,5,2,17,40,3,10,1,1,B01,7,14,1,4,2,2,,40,40,1,22,8,B01,120.688562,24.136664,2
2023,1,22,15,9,臺中市,西屯區,0,0,0,,,,50,,,,,,,,,,,,,,,23,,,,,C03,,,1,,2,,,23,,1,22,,C03,120.618208,24.18827,3
2023,1,22,15,11,臺中市,西屯區,0,0,0,8,,,50,,,,,,,,,,,,,,,17,,,,,B03,,,1,,1,,,17,,1,22,,B03,120.655317,24.199411,3
2023,1,22,15,15,臺中市,南屯區,0,1,0,8,1,5,30,4,1,1,5,4,5,7,4,4,10,5,5,2,15,6,3,10,1,1,B03,7,9,1,8,2,5,,6,6,1,22,8,B03,120.612469,24.147231,2
2023,1,22,15,15,臺中市,外埔區,0,0,0,,,,30,,,,,,,,,,,,,,,12,,,,,B03,,,1,,2,,,12,,1,22,,B03,120.634608,24.330811,3
2023,1,22,15,20,臺中市,外埔區,0,0,0,8,,,50,,,,,,,,,,,,,,,23,,,,,B03,,,1,,2,,,23,,1,4,,B03,120.638727,24.341812,3
2023,1,22,15,22,臺中市,后里區,0,0,0,8,1,6,40,13,9,1,5,4,5,7,4,4,10,5,5,1,11,23,3,,1,1,B03,7,9,1,14,2,7,,23,23,1,4,8,B03,120.741348,24.320911,3
2023,1,22,15,24,臺中市,南屯區,0,0,0,8,,,50,,,,,,,,,,,,,,,23,,,,,B03,,,1,,1,,,23,,1,22,,B03,120.62373,24.149803,3
2023,1,22,15,30,臺中市,東區,0,0,0,8,1,5,50,14,7,1,5,4,5,7,4,4,5,4,5,2,13,23,3,10,1,1,B03,7,9,1,8,2,1,,23,23,1,22,8,B03,120.692502,24.138738,3
2023,1,22,15,30,臺中市,東區,0,1,0,8,1,5,50,4,2,1,5,4,5,7,2,1,3,4,5,2,17,2,2,3,1,1,B03,7,7,1,8,2,4,,2,2,1,21,8,B03,120.695607,24.141115,2
2023,1,22,15,35,臺中市,南屯區,0,2,0,8,1,5,50,4,1,1,5,4,5,7,1,1,5,5,4,2,13,13,2,9,1,1,C03,7,9,1,10,2,11,,13,13,1,22,8,C03,120.626871,24.116357,2
2023,1,22,15,37,臺中市,西區,0,2,0,8,1,5,50,4,1,1,5,4,5,7,1,1,1,5,1,2,16,26,3,10,3,4,B03,7,6,1,8,2,1,,26,26,1,21,8,B03,120.659687,24.157317,2
2023,1,22,15,45,臺中市,清水區,0,0,0,8,,,50,,,,,,,,,,,,,,,19,,,,,B03,,,1,,9,,,19,19,2,21,,B03,120.559043,24.270106,3
2023,1,22,15,48,臺中市,沙鹿區,0,0,0,8,,,60,,,,,,,,,,,,,,,42,,,,,B03,,,1,,2,,,42,,1,18,,B03,120.579565,24.221673,3
2023,1,22,15,51,臺中市,北區,0,1,0,8,1,5,50,4,2,1,5,4,5,7,1,1,1,4,4,2,16,8,2,9,1,1,C03,7,5,1,10,2,13,,8,8,1,22,8,C03,120.684971,24.163899,2
2023,1,22,15,51,臺中市,西屯區,0,0,0,8,,,40,,,,,,,,,,,,,,,7,,,,,B03,,,1,,1,,,7,,1,22,,B03,120.640803,24.16505,3
2023,1,22,15,52,臺中市,清水區,0,1,0,8,1,5,30,3,1,1,5,4,5,7,4,4,10,5,5,2,16,40,3,10,1,1,B03,7,15,1,8,2,4,,40,40,1,21,8,B03,120.573895,24.291629,2
2023,1,22,15,54,臺中市,沙鹿區,0,1,0,8,1,5,50,4,1,1,5,4,5,7,3,1,10,5,5,2,15,6,2,9,1,1,C03,7,9,1,10,2,14,,23,6,1,21,8,C03,120.547821,24.217148,2
2023,1,22,16,0,臺中市,霧峰區,0,0,0,8,,,60,,,,,,,,,,,,,,,8,,,,,B03,,,1,,11,,,8,,1,12,,B03,120.696574,24.067179,3
2023,1,22,16,0,臺中市,龍井區,0,0,0,8,,,90,,,,,,,,,,,,,,,23,,,,,B03,,,1,,2,,,23,,1,5,,B03,120.525418,24.224955,3
2023,1,22,16,1,臺中市,東勢區,0,1,0,8,1,5,50,3,2,1,5,4,5,7,4,4,5,5,5,1,12,23,2,9,1,1,C03,7,9,1,10,2,11,,23,23,1,7,8,C03,120.852439,24.258998,2
2023,1,22,16,3,臺中市,大甲區,0,0,0,8,,,60,,,,,,,,,,,,,,,23,,,,,C01,,,1,,1,,,23,,1,22,,C01,120.61785,24.34179,3
2023,1,22,16,4,臺中市,東區,0,1,0,8,1,5,50,3,2,1,5,4,5,7,4,4,9,5,5,2,16,19,2,8,1,1,C03,7,1,1,10,2,14,,19,19,1,5,8,C03,120.686233,24.135035,2
2023,1,22,16,7,臺中市,大甲區,0,0,0,,,,50,,,,,,,,,,,,,,,43,,,,,,,,,,,,,43,43,1,,,,120.626585,24.34452,4
2023,1,22,16,9,臺中市,梧棲區,0,0,0,8,1,5,50,14,2,1,5,4,5,7,4,4,5,5,5,1,18,23,3,10,1,1,C03,7,9,1,10,8,14,,23,23,1,12,8,C03,120.548463,24.223588,3
2023,1,22,16,17,臺中市,南屯區,0,1,0,8,1,5,50,4,1,1,5,4,5,7,1,1,10,5,5,2,17,43,3,10,3,4,B03,7,9,1,8,2,1,,43,43,1,22,8,B03,120.635213,24.151303,2
2023,1,22,16,22,臺中市,太平區,0,1,0,8,1,5,50,3,1,1,5,4,5,7,3,1,10,5,5,2,16,6,3,10,1,1,B03,7,5,1,8,2,6,,6,6,1,5,9,B03,120.717807,24.12287,2
2023,1,22,16,26,臺中市,龍井區,0,0,0,8,,,30,,,,,,,,,,,,,,,12,,,,,B03,,,1,,11,,,12,,1,22,,B03,120.583293,24.182781,3
2023,1,22,16,27,臺中市,大甲區,0,0,0,8,,,50,,,,,,,,,,,,,,,23,,,,,B03,,,1,,1,,,23,,1,22,,B03,120.627656,24.348813,3
2023,1,22,16,30,臺中市,大里區,0,3,0,8,1,5,50,3,2,1,5,4,5,7,4,4,5,5,5,1,16,10,2,9,1,1,C03,7,11,1,10,2,14,,10,10,1,5,5,C03,120.690887,24.109949,2
2023,1,22,16,32,臺中市,北屯區,0,1,0,8,1,5,50,14,9,1,5,4,5,7,4,4,9,4,5,2,12,10,3,10,1,1,B12,7,11,1,8,2,4,,10,10,1,5,8,B12,120.667201,24.1887,2
2023,1,22,16,32,臺中市,梧棲區,0,0,0,8,,,90,,,,,,,,,,,,,,,23,,,,,B03,,,1,,1,,,23,,1,21,,B03,120.52409,24.221923,3
2023,1,22,16,34,臺中市,大甲區,0,0,0,,,,60,,,,,,,,,,,,,,,42,,,,,B03,,,1,,2,,,42,,1,22,,B03,120.61702,24.34933,3
2023,1,22,16,35,臺中市,石岡區,0,0,0,8,,,50,,,,,,,,,,,,,,,23,,,,,B03,,,1,,2,,,23,,1,9,,B03,120.765142,24.277523,3
2023,1,22,16,42,臺中市,太平區,0,2,0,8,2,5,50,14,9,1,5,4,5,7,4,4,5,5,4,1,16,19,2,9,1,1,C03,7,1,1,10,2,14,,19,19,1,21,8,C03,120.731208,24.112379,2
2023,1,22,16,44,臺中市,太平區,0,1,0,8,1,5,50,3,1,1,5,4,5,7,4,4,10,5,5,2,16,6,3,10,1,1,B03,7,5,1,8,2,6,,6,6,1,5,9,B03,120.704744,24.154838,2
2023,1,22,16,48,臺中市,太平區,0,0,0,8,,,50,,,,,,,,,,,,,,,16,,,,,B03,,,1,,2,,,16,,1,21,,B03,120.710557,24.139459,3
2023,1,22,16,58,臺中市,北屯區,0,0,0,8,,,40,,,,,,,,,,,,,,,12,,,,,B03,,,1,,1,,,12,,1,22,,B03,120.725944,24.169299,3
2023,1,22,17,0,臺中市,東區,0,0,0,8,,,50,,,,,,,,,,,,,,,23,,,,,B03,,,1,,2,,,23,,1,22,,B03,120.684845,24.130854,3
2023,1,22,17,1,臺中市,豐原區,0,0,0,8,,,30,,,,,,,,,,,,,,,6,,,,,C03,,,1,,2,,,6,,1,22,,C03,120.719691,24.263071,3
2023,1,22,17,8,臺中市,北區,0,1,0,8,1,5,50,4,2,1,5,4,5,7,4,4,5,5,4,2,16,10,3,10,1,1,B02,7,11,1,8,2,4,,10,10,1,21,8,B02,120.669889,24.159056,2
2023,1,22,17,11,臺中市,神岡區,0,1,0,8,1,5,30,15,9,1,5,4,5,7,4,4,10,5,5,1,17,23,2,8,1,1,C03,7,15,1,10,2,14,,23,23,1,22,8,C03,120.673883,24.247196,2
2023,1,22,17,20,臺中市,北屯區,0,1,0,8,2,5,50,4,1,1,5,4,5,7,3,1,10,5,5,2,15,6,3,10,1,1,B03,7,9,1,8,2,1,,6,6,1,5,8,B03,120.689971,24.165973,2
2023,1,22,17,20,臺中市,清水區,0,0,0,8,,,40,,,,,,,,,,,,,,,18,,,,,B03,,,1,,2,,,18,,1,22,,B03,120.56946,24.27396,3
2023,1,22,17,26,臺中市,大甲區,0,0,0,8,,,30,,,,,,,,,,,,,,,12,,,,,B03,,,1,,1,,,12,,1,22,,B03,120.621827,24.342453,3
2023,1,22,17,32,臺中市,北屯區,0,0,0,8,,,50,,,,,,,,,,,,,,,23,,,,,B03,,,1,,2,,,23,23,1,5,,B03,120.694974,24.184044,3
2023,1,22,17,36,臺中市,西區,0,0,0,,,,50,,,,,,,,,,,,,,,23,,,,,B01,,,1,,1,,,23,,1,20,,B01,120.682212,24.135899,3
2023,1,22,17,44,臺中市,北屯區,0,0,0,8,,,40,,,,,,,,,,,,,,,12,,,,,B03,,,1,,1,,,12,,1,22,,B03,120.731355,24.170835,3
2023,1,22,18,0,臺中市,太平區,0,0,0,8,,,50,,,,,,,,,,,,,,,23,,,,,B03,,,1,,1,,,23,,1,5,,B03,120.707274,24.126235,3
2023,1,22,18,14,臺中市,北區,0,0,0,8,,,50,,,,,,,,,,,,,,,42,,,,,B01,,,4,,2,,,42,,1,22,,B01,120.674675,24.16518,3
2023,1,22,18,16,臺中市,霧峰區,0,0,0,8,,,50,,,,,,,,,,,,,,,17,,,,,B03,,,1,,2,,,17,,1,4,,B03,120.700798,24.06657,3
2023,1,22,18,17,臺中市,神岡區,0,1,0,8,1,5,50,3,2,1,5,4,5,7,1,1,5,5,4,2,13,23,2,9,1,1,C03,7,9,1,10,2,11,,23,23,1,22,9,C03,120.704488,24.261758,2
2023,1,22,18,19,臺中市,北屯區,0,0,0,8,,,40,,,,,,,,,,,,,,,12,,,,,B03,,,1,,2,,,12,,1,5,,B03,120.660125,24.189601,3
2023,1,22,18,20,臺中市,西屯區,0,0,0,8,,,50,,,,,,,,,,,,,,,23,,,,,B03,,,1,,2,,,23,,1,22,,B03,120.640853,24.165135,3
2023,1,22,18,23,臺中市,太平區,0,2,0,8,3,5,50,14,8,1,5,4,5,7,4,4,5,5,4,2,12,16,2,9,1,1,C03,7,9,1,10,2,11,,16,16,1,21,8,C03,120.702371,24.154671,2
2023,1,22,18,29,臺中市,大甲區,0,0,0,8,,,50,,,,,,,,,,,,,,,43,,,,,B03,,,1,,9,,,43,,1,22,,B03,120.625259,24.343162,3
2023,1,22,18,30,臺中市,大安區,0,0,0,8,3,4,30,13,1,1,5,4,5,7,4,4,9,4,5,1,15,6,3,10,1,1,B03,7,5,1,8,2,1,,6,6,1,4,5,B03,120.587932,24.344693,3
2023,1,22,18,42,臺中市,清水區,0,0,0,8,,,70,,,,,,,,,,,,,,,16,,,,,B12,,,1,,2,,,16,,1,21,,B12,120.604177,24.313553,3
2023,1,22,18,49,臺中市,大肚區,0,3,0,8,3,5,50,14,8,1,5,4,5,7,1,1,5,3,4,1,13,23,2,9,1,1,C03,7,12,1,10,2,13,,23,16,1,5,8,C03,120.577291,24.118562,2
2023,1,22,18,57,臺中市,大里區,0,0,0,8,,,50,,,,,,,,,,,,,,,7,,,,,B03,,,1,,2,,,7,,1,5,,B03,120.697727,24.111914,3
2023,1,22,19,0,臺中市,西屯區,0,0,0,8,,,50,,,,,,,,,,,,,,,23,,,,,B03,,,1,,2,,,23,,1,22,,B03,120.59273,24.179148,3
2023,1,22,19,16,臺中市,豐原區,0,2,0,8,3,5,50,14,9,1,5,4,5,7,1,1,5,5,5,1,17,23,3,10,3,4,B03,7,13,1,8,11,7,1,44,23,1,22,8,B03,120.724721,24.232353,2
2023,1,22,19,23,臺中市,東區,0,3,0,8,3,5,50,3,1,1,5,4,5,7,4,4,9,4,5,2,16,6,2,9,1,1,C03,7,5,1,10,2,12,,6,8,1,5,1,C03,120.69918,24.14285,2
2023,1,22,19,31,臺中市,西區,0,1,0,8,3,5,50,5,1,1,5,4,5,7,1,1,10,5,5,2,16,26,2,9,1,1,F01,7,11,8,20,2,16,,26,26,1,21,8,F01,120.670492,24.153412,2
2023,1,22,19,40,臺中市,大里區,0,2,0,8,3,5,30,4,1,1,5,4,5,7,4,4,10,5,5,2,15,6,2,1,1,1,C03,7,9,1,10,2,11,,6,6,1,12,8,C03,120.706377,24.083475,2
2023,1,22,19,48,臺中市,北區,0,1,0,8,3,5,50,14,9,1,5,4,5,7,4,4,5,4,5,2,16,6,3,10,1,1,B03,7,6,1,7,2,6,,6,6,1,22,8,B03,120.680775,24.159581,2
2023,1,22,19,50,臺中市,北區,0,2,0,8,3,5,50,4,1,1,5,4,5,7,4,4,5,5,5,2,15,6,2,9,1,1,C03,7,9,1,10,2,11,,6,6,1,21,8,C03,120.695215,24.155609,2
2023,1,22,20,5,臺中市,東區,0,1,0,7,3,5,50,3,2,1,5,4,5,7,1,1,10,5,5,2,13,23,2,9,1,1,C03,7,9,1,10,2,11,,23,23,1,22,9,C03,120.697645,24.133201,2
2023,1,22,20,15,臺中市,北區,0,1,0,8,3,5,50,4,1,1,5,4,5,7,1,1,5,4,4,2,16,25,3,10,1,1,C03,7,6,1,10,11,14,,25,25,1,22,8,C03,120.666022,24.159511,2
2023,1,22,20,20,臺中市,東區,0,0,0,8,,,50,,,,,,,,,,,,,,,12,,,,,B03,,,1,,2,,,12,,1,10,,B03,120.687888,24.135319,3
2023,1,22,20,20,臺中市,清水區,0,1,0,8,3,5,50,14,7,1,5,4,5,7,4,4,1,4,4,2,13,23,2,9,1,1,C03,7,9,1,10,2,12,,23,23,1,22,8,C03,120.575274,24.268058,2
2023,1,22,20,21,臺中市,沙鹿區,0,2,0,8,3,5,50,5,1,1,5,4,5,7,1,1,10,5,5,2,16,9,2,9,1,1,C03,7,6,1,10,2,12,,9,9,1,18,5,C03,120.560039,24.234306,2
2023,1,22,20,26,臺中市,西屯區,0,0,0,8,,,30,,,,,,,,,,,,,,,12,,,,,B03,,,1,,2,,,12,,1,22,,B03,120.637899,24.177485,3
2023,1,22,20,28,臺中市,西區,0,0,0,8,3,5,50,4,1,1,5,4,5,7,1,1,1,5,5,2,13,23,,,,,B03,,,1,,2,,,23,,1,21,,B03,120.669801,24.150724,3
2023,1,22,20,35,臺中市,大里區,0,0,0,8,,,50,,,,,,,,,,,,,,,6,,,,,C03,,,1,,2,,,6,,1,12,,C03,120.690248,24.11316,3
2023,1,22,20,37,臺中市,北區,0,1,0,8,3,5,50,4,1,1,5,4,5,7,1,1,10,5,5,2,16,10,3,10,1,1,B02,7,11,1,8,2,6,,10,10,1,22,8,B02,120.680948,24.159108,2
2023,1,22,20,56,臺中市,北屯區,0,1,0,8,3,5,50,14,9,1,5,4,5,7,4,4,1,4,4,2,17,23,2,8,1,1,C03,7,9,1,10,2,11,,23,23,1,5,8,C03,120.690557,24.185382,2
2023,1,22,21,11,臺中市,南屯區,0,1,0,8,1,5,50,14,9,1,5,4,5,7,4,4,5,5,5,2,17,26,3,10,1,1,B03,7,5,1,8,2,1,,26,26,1,22,9,B03,120.65131,24.147332,2
2023,1,22,21,23,臺中市,南屯區,0,0,0,8,,,50,,,,,,,,,,,,,,,42,,,,,B03,,,1,,1,,,42,,1,22,,B03,120.65302,24.127368,3
2023,1,22,21,23,臺中市,太平區,0,2,0,8,3,5,50,4,1,1,5,4,5,7,1,1,5,4,4,1,15,25,2,9,1,1,C03,7,9,1,10,2,11,,25,25,1,18,8,C03,120.722033,24.149278,2
2023,1,22,21,29,臺中市,西屯區,0,0,0,8,,,50,,,,,,,,,,,,,,,42,,,,,B03,,,1,,1,,,42,,1,22,,B03,120.654219,24.201967,3
2023,1,22,21,37,臺中市,南屯區,0,0,0,8,,,50,,,,,,,,,,,,,,,23,,,,,B03,,,1,,1,,,23,,1,22,,B03,120.647221,24.153806,3
2023,1,22,22,41,臺中市,東區,0,3,0,8,3,5,50,4,1,1,5,4,5,7,2,1,10,5,5,2,15,25,2,9,1,5,H02,7,20,8,20,2,16,,67,25,1,22,8,H02,120.701561,24.13863,2
2023,1,22,22,45,臺中市,南區,0,0,0,8,,,50,,,,,,,,,,,,,,,23,,,,,B03,,,1,,2,,,23,,1,5,,B03,120.661694,24.132131,3
2023,1,22,22,51,臺中市,西屯區,0,1,0,8,3,5,50,4,1,1,5,4,5,7,2,1,10,5,5,2,16,10,2,8,3,4,C03,7,11,1,10,2,13,,10,10,1,22,8,C03,120.644837,24.183067,2
2023,1,22,22,53,臺中市,霧峰區,0,0,0,8,,,30,,,,,,,,,,,,,,,6,,,,,B02,,,1,,2,,,6,,1,12,,B02,120.698849,24.023873,3
2023,1,22,23,29,臺中市,豐原區,0,0,0,8,,,50,,,,,,,,,,,,,,,44,,,,,B03,,,1,,2,,,44,44,1,4,,B03,120.734419,24.237041,3
2023,1,22,23,41,臺中市,西屯區,0,0,0,8,,,50,,,,,,,,,,,,,,,23,,,,,B03,,,1,,1,,,23,,1,22,,B03,120.636807,24.171234,3
2023,1,22,23,42,臺中市,大甲區,0,5,0,8,3,5,50,4,1,1,5,4,5,5,3,1,10,5,5,2,15,6,2,9,1,1,B03,7,9,1,8,2,1,,6,6,1,22,9,B03,120.623757,24.34268,2
2023,1,22,23,56,臺中市,大里區,0,2,0,8,3,5,50,4,1,1,5,4,5,7,3,1,5,5,5,2,15,6,2,9,1,1,C03,7,9,1,10,2,12,,6,6,1,22,9,C03,120.687242,24.095523,2
2023,1,23,0,20,臺中市,大甲區,0,0,0,,,,30,,,,,,,,,,,,,,,23,,,,,B03,,,1,,2,,,23,,1,9,,B03,120.628166,24.344899,3
2023,1,23,0,56,臺中市,大里區,0,2,0,8,3,5,50,3,2,1,5,4,5,7,4,4,10,5,5,1,17,40,2,7,1,1,B03,7,15,1,8,9,4,,40,40,1,18,5,B03,120.701466,24.099847,2
2023,1,23,1,39,臺中市,西屯區,0,0,0,8,3,5,50,4,2,1,5,4,5,7,2,1,5,2,5,2,13,23,3,10,1,1,B03,7,9,1,8,2,1,,23,23,1,2,5,B03,120.641188,24.168281,3
2023,1,23,1,53,臺中市,中區,0,0,0,,,,50,,,,,,,,,,,,,,,12,,,,,B03,,,1,,1,,,12,,1,21,,B03,120.684456,24.142287,3
2023,1,23,2,16,臺中市,龍井區,0,1,0,8,3,5,40,3,1,1,5,4,5,7,2,1,10,5,5,2,18,23,2,8,1,1,C03,7,9,1,10,2,11,,23,23,1,22,8,C03,120.584736,24.188125,2
2023,1,23,3,20,臺中市,北屯區,0,0,0,8,,,50,,,,,,,,,,,,,,,42,,,,,B03,,,1,,3,,,42,42,1,22,,B03,120.690992,24.171442,3
2023,1,23,4,18,臺中市,西區,0,0,0,,,,50,,,,,,,,,,,,,,,19,,,,,B03,,,1,,1,,,19,,1,21,,B03,120.670079,24.135442,3
2023,1,23,5,34,臺中市,北屯區,0,2,0,8,3,5,50,14,7,1,5,4,5,7,4,4,9,5,4,2,12,23,2,9,1,1,C03,7,9,3,18,8,12,,23,23,1,21,8,C03,120.677887,24.174215,2
2023,1,23,6,3,臺中市,大雅區,0,1,0,8,3,5,50,4,1,1,5,4,5,7,1,1,1,4,4,1,17,9,3,10,1,1,B03,7,6,1,8,2,2,,9,9,1,21,8,B03,120.653545,24.221255,2
2023,1,23,6,27,臺中市,北屯區,0,0,0,8,,,50,,,,,,,,,,,,,,,23,,,,,B03,,,1,,1,,,23,,1,22,,B03,120.716899,24.175301,3
2023,1,23,6,39,臺中市,龍井區,0,1,0,8,1,5,50,14,9,1,5,4,5,7,4,4,9,5,5,1,17,23,2,8,1,1,C03,7,9,1,10,7,11,,23,23,1,12,8,C03,120.525557,24.214034,2
2023,1,23,6,58,臺中市,豐原區,0,1,0,8,1,5,30,5,7,1,5,4,5,7,3,1,4,4,4,2,17,6,2,9,1,1,C03,7,6,3,18,6,14,,6,6,1,22,5,C03,120.717444,24.249508,2
2023,1,23,7,8,臺中市,南屯區,0,0,0,8,,,50,,,,,,,,,,,,,,,25,,,,,B03,,,1,,1,,,25,,1,22,,B03,120.62339,24.1497,3
2023,1,23,7,47,臺中市,西區,0,0,0,8,1,5,50,5,2,1,5,4,5,7,1,1,3,2,3,2,13,23,,,,,B12,,,1,,2,,,23,,1,10,,B12,120.669678,24.150839,3
2023,1,23,7,50,臺中市,沙鹿區,0,0,0,8,,,50,,,,,,,,,,,,,,,42,,,,,B03,,,1,,2,,,42,,1,4,,B03,120.572462,24.214788,3
2023,1,23,8,18,臺中市,北屯區,0,0,0,8,,,30,,,,,,,,,,,,,,,17,,,,,B02,,,1,,2,,,17,17,1,21,,B02,120.714058,24.17529,3
2023,1,23,8,30,臺中市,龍井區,0,1,0,8,1,5,40,14,9,1,5,4,5,7,4,4,5,5,5,1,17,23,3,10,3,4,C03,7,9,1,10,2,11,,23,23,1,5,9,C03,120.550305,24.190726,2
2023,1,23,8,34,臺中市,東區,0,0,0,8,,,50,,,,,,,,,,,,,,,23,,,,,B03,,,1,,2,,,23,,2,22,,B03,120.703437,24.140592,3
2023,1,23,8,38,臺中市,大雅區,0,1,0,8,1,5,50,3,1,1,5,4,5,7,1,1,9,4,5,1,17,25,3,10,1,1,B03,7,5,1,8,2,6,,25,25,1,22,9,B03,120.641082,24.219279,2
2023,1,23,8,38,臺中市,東區,0,0,0,8,,,50,,,,,,,,,,,,,,,43,,,,,C03,,,1,10,2,,,43,43,1,5,,C03,120.694566,24.144428,3
2023,1,23,8,45,臺中市,龍井區,0,0,0,8,,,60,,,,,,,,,,,,,,,42,,,,,B12,,,1,,2,,,42,,1,9,,B12,120.550375,24.190736,3
2023,1,23,9,2,臺中市,豐原區,0,0,0,8,,,50,,,,,,,,,,,,,,,26,,,,,B03,,,1,,2,,,26,,1,22,,B03,120.720235,24.264005,3
2023,1,23,9,10,臺中市,梧棲區,0,0,0,,,,70,,,,,,,,,,,,,,,25,,,,,B03,,,1,,1,,,25,25,1,4,,B03,120.524581,24.223133,3
2023,1,23,9,18,臺中市,太平區,0,0,0,8,,,50,,,,,,,,,,,,,,,42,,,,,B03,,,1,,2,5,,42,42,1,21,,B03,120.708273,24.128106,3
2023,1,23,9,20,臺中市,北屯區,0,2,0,8,1,5,50,4,1,1,5,4,5,7,4,4,10,5,5,2,16,6,3,10,1,1,B03,7,6,1,8,2,5,,6,6,1,21,8,B03,120.731173,24.170695,2