年,月,日,時,分,縣市,區,死,受傷,2-30,天候,光線,道路類別,速限,道路型態,事故位置,路面鋪裝,路面狀態,路面缺陷,障礙物,視距,號誌種類,號誌動作,分向設施,快車道或一般車道間,快慢車道間,路面邊線,事故類型及型態,主要肇因,受傷程度,主要傷處,保護裝備,行動電話,當事者區分,車輛用途,當事者行動狀態,駕駛資格情形,駕駛執照種類,飲酒情形,車輛撞擊部位最初,車輛撞擊部位其他,肇事因素個別,肇事因素主要,肇事逃逸,職業,旅次目的,車種,GPS緯度,GPS經度,事故類別
2023,1,23,9,21,臺中市,北區,0,0,0,,,,40,,,,,,,,,,,,,,,12,,,,,B03,,,1,,11,,,12,,1,22,,B03,120.684971,24.163899,3
2023,1,23,9,29,臺中市,西屯區,0,1,0,8,1,5,30,4,1,1,5,4,5,7,4,4,10,5,5,2,16,6,2,9,3,4,C03,7,9,1,10,2,11,,23,6,1,22,8,C03,120.639125,24.180638,2
2023,1,23,9,30,臺中市,北屯區,0,2,0,8,1,5,50,5,3,1,5,4,5,7,2,1,10,5,5,2,17,7,2,9,1,1,C03,7,10,3,18,9,11,,7,7,1,5,8,C03,120.697745,24.170349,2
2023,1,23,9,32,臺中市,大甲區,0,1,0,8,1,5,30,14,9,1,5,4,5,7,4,4,10,5,5,2,17,19,3,10,1,1,B12,7,1,1,8,2,8,,19,19,1,4,8,B12,120.658793,24.375604,2
2023,1,23,9,35,臺中市,烏日區,0,0,0,8,,,30,,,,,,,,,,,,,,,42,,,,,B03,,,1,,2,,,42,,1,19,,B03,120.635958,24.078843,3
2023,1,23,9,36,臺中市,潭子區,0,0,0,8,,,40,,,,,,,,,,,,,,,12,,,,,B03,,,1,,2,,,12,,1,22,,B03,120.699957,24.209293,3
2023,1,23,9,36,臺中市,西屯區,0,0,0,8,,,50,,,,,,,,,,,,,,,23,,,,,B12,,,1,,1,,,23,,1,22,,B12,120.64391,24.17055,3
2023,1,23,9,44,臺中市,大里區,0,0,0,8,,,50,,,,,,,,,,,,,,,19,,,,,B03,,,1,,2,,,19,,1,22,,B03,120.702731,24.088258,3
2023,1,23,9,45,臺中市,北區,0,0,0,8,,,50,,,,,,,,,,,,,,,25,,,,,B03,,,1,,2,,,25,,1,21,,B03,120.699678,24.160396,3
2023,1,23,9,45,臺中市,南區,0,0,0,8,,,50,,,,,,,,,,,,,,,7,,,,,B03,,,1,,2,,,7,,1,22,,B03,120.666686,24.119638,3
2023,1,23,9,45,臺中市,西屯區,0,1,0,8,1,5,50,14,7,1,5,4,5,7,4,4,5,5,4,2,17,42,2,9,3,4,C03,7,9,1,10,2,15,,42,42,1,22,9,C03,120.644387,24.203963,2
2023,1,23,9,58,臺中市,南屯區,0,0,0,,,,40,,,,,,,,,,,,,,,16,,,,,C03,,,1,10,2,,,16,16,1,23,,C03,120.612254,24.150463,3
2023,1,23,9,59,臺中市,太平區,0,2,0,8,1,5,50,14,7,1,5,4,5,7,4,4,5,5,4,2,16,7,2,9,1,1,C03,7,9,1,10,2,13,,44,7,1,22,8,C03,120.704194,24.148255,2
2023,1,23,10,5,臺中市,東勢區,0,1,0,8,1,5,60,14,8,1,5,4,5,7,4,4,5,4,4,1,26,43,2,9,1,1,C03,7,9,1,10,2,11,12,43,43,1,22,9,C03,120.81103,24.281685,2
2023,1,23,10,10,臺中市,南屯區,0,0,0,8,,,50,,,,,,,,,,,,,,,42,,,,,B12,,,6,,2,,,42,,1,22,,B12,120.643605,24.137288,3
2023,1,23,10,16,臺中市,西區,0,2,0,8,1,5,50,4,1,1,5,4,5,7,1,1,10,5,5,2,17,42,3,10,3,4,C03,7,5,3,18,2,15,,42,42,1,21,8,C03,120.679881,24.146232,2
2023,1,23,10,20,臺中市,新社區,0,1,0,8,1,5,50,14,9,1,5,4,5,7,4,4,5,4,5,1,16,19,3,10,1,1,B03,7,1,1,8,2,8,,19,19,1,22,9,B03,120.796443,24.225143,2
2023,1,23,10,27,臺中市,大雅區,0,2,0,8,1,5,30,11,9,1,5,4,4,7,4,4,10,5,5,2,17,5,2,8,1,1,C03,7,9,1,10,2,11,,5,5,1,22,9,C03,120.653019,24.217693,2
2023,1,23,10,27,臺中市,東區,0,1,0,8,1,5,40,14,12,1,5,4,5,7,4,4,5,5,4,2,16,19,3,10,1,1,B12,7,1,1,8,2,8,,19,19,1,5,8,B12,120.709156,24.149233,2
2023,1,23,10,30,臺中市,豐原區,0,0,0,8,,,50,,,,,,,,,,,,,,,9,,,,,B03,,,1,,2,,,9,,1,21,,B03,120.742113,24.26355,3
2023,1,23,10,32,臺中市,東區,0,0,0,8,,,40,,,,,,,,,,,,,,,23,,,,,B03,,,1,8,2,,,23,23,1,5,,B03,120.694286,24.144093,3
2023,1,23,10,37,臺中市,霧峰區,0,0,0,8,,,30,,,,,,,,,,,,,,,12,,,,,B03,,,1,,1,,,12,,1,22,,B03,120.691398,24.035009,3
2023,1,23,10,41,臺中市,西屯區,0,0,0,8,,,60,,,,,,,,,,,,,,,23,,,,,B03,,,1,,1,,,23,,1,22,,B03,120.630607,24.166759,3
2023,1,23,10,42,臺中市,大里區,0,0,0,8,,,70,,,,,,,,,,,,,,,16,,,,,B03,,,1,,2,,,16,,1,5,,B03,120.675623,24.097665,3
2023,1,23,10,44,臺中市,后里區,0,0,0,8,,,50,,,,,,,,,,,,,,,6,,,,,B03,,,1,,1,,,6,,1,21,,B03,120.731715,24.339495,3
2023,1,23,10,47,臺中市,北區,0,0,0,8,,,50,,,,,,,,,,,,,,,23,,,,,B03,,,1,,1,,,23,,1,21,,B03,120.674262,24.163007,3
2023,1,23,10,48,臺中市,豐原區,0,0,0,8,,,40,,,,,,,,,,,,,,,12,,,,,B03,,,1,,2,,,12,,1,22,,B03,120.705,24.240245,3
2023,1,23,10,50,臺中市,北區,0,1,0,8,1,5,50,14,9,1,5,4,5,7,4,4,3,4,5,2,12,17,2,7,1,1,C03,7,9,6,10,11,14,,17,17,1,22,9,C03,120.671829,24.170856,2
2023,1,23,10,50,臺中市,北屯區,0,0,0,8,,,50,,,,,,,,,,,,,,,16,,,,,B03,,,1,,1,,,16,,1,21,,B03,120.69747,24.170006,3
2023,1,23,10,55,臺中市,神岡區,0,0,0,8,,,30,,,,,,,,,,,,,,,19,,,,,B03,,,1,,2,,,19,,1,22,,B03,120.668023,24.273164,3
2023,1,23,10,55,臺中市,豐原區,0,0,0,8,,,50,,,,,,,,,,,,,,,23,,,,,B03,,,1,,2,,,23,,1,22,,B03,120.704057,24.249756,3
2023,1,23,10,57,臺中市,后里區,0,1,0,8,1,5,50,14,9,1,5,4,5,7,4,4,9,4,4,1,16,10,3,10,1,1,B12,7,11,1,8,2,6,,10,10,1,8,1,B12,120.709032,24.311224,2
2023,1,23,10,58,臺中市,西屯區,0,0,0,8,,,50,,,,,,,,,,,,,,,19,,,,,B03,,,1,,2,,,19,,1,22,,B03,120.652191,24.169976,3
2023,1,23,11,10,臺中市,北區,0,1,0,8,1,5,50,14,8,1,5,4,5,7,4,4,3,4,4,2,14,12,3,10,1,1,A12,7,2,1,2,2,3,,12,12,1,5,3,A12,120.6879,24.154353,2
2023,1,23,11,10,臺中市,烏日區,0,0,0,8,,,40,,,,,,,,,,,,,,,23,,,,,B03,,,1,,2,,,23,,1,3,,B03,120.651611,24.09406,3
2023,1,23,11,12,臺中市,北屯區,0,1,0,8,1,5,50,4,1,1,5,4,5,7,2,1,10,5,5,2,12,26,3,10,1,1,C03,7,9,1,10,2,14,,26,26,1,16,8,C03,120.6714,24.1739,2
2023,1,23,11,15,臺中市,龍井區,0,0,0,8,,,40,,,,,,,,,,,,,,,23,,,,,B03,,,1,,2,,,23,,1,5,,B03,120.521015,24.215049,3
2023,1,23,11,18,臺中市,北屯區,0,0,0,8,,,50,,,,,,,,,,,,,,,7,,,,,B03,,,1,,2,,,7,,1,21,,B03,120.733606,24.161016,3
2023,1,23,11,19,臺中市,南屯區,0,0,0,8,1,5,80,14,9,1,5,4,5,7,4,4,1,4,5,1,13,23,,,,,B03,,,1,,2,,,23,23,1,5,,B03,120.623033,24.140267,3
2023,1,23,11,20,臺中市,清水區,0,0,0,,,,50,,,,,,,,,,,,,,,23,,,,,B03,,,1,,2,,,23,,1,5,,B03,120.574676,24.263748,3
2023,1,23,11,25,臺中市,沙鹿區,0,1,0,8,1,5,50,3,9,1,5,4,5,7,1,1,4,3,4,1,1,15,3,10,1,1,B03,7,5,1,8,2,5,,15,15,1,3,8,B03,120.568127,24.236816,2
2023,1,23,11,26,臺中市,霧峰區,0,0,0,8,1,5,70,10,7,1,5,4,5,7,4,4,1,3,5,1,13,23,,,,,B03,,,1,,2,,,23,,1,9,,B03,120.682545,24.015479,3
2023,1,23,11,30,臺中市,南屯區,0,0,0,8,1,5,30,14,9,1,5,4,5,7,4,4,10,5,5,2,14,42,3,10,1,1,B02,7,2,1,8,9,7,,42,42,1,22,8,B02,120.644453,24.138711,3
2023,1,23,11,31,臺中市,西屯區,0,0,0,8,,,50,,,,,,,,,,,,,,,23,,,,,B02,,,1,,1,,,23,,1,22,,B02,120.608947,24.18448,3
2023,1,23,11,39,臺中市,西區,0,0,0,8,,,50,,,,,,,,,,,,,,,7,,,,,B03,,,1,,1,,,7,,1,5,,B03,120.672782,24.14838,3
2023,1,23,11,46,臺中市,梧棲區,0,1,0,8,1,5,40,14,9,1,5,4,5,7,4,4,9,5,5,1,16,6,3,10,1,1,B03,7,6,1,8,2,2,,6,6,1,4,8,B03,120.536923,24.240682,2
2023,1,23,11,48,臺中市,豐原區,0,1,0,8,1,5,60,14,9,1,5,4,5,7,4,4,1,4,5,1,16,7,3,10,3,4,B03,7,8,1,8,2,2,,7,7,1,7,8,B03,120.710328,24.236355,2
2023,1,23,11,49,臺中市,梧棲區,0,0,0,,,,40,,,,,,,,,,,,,,,23,,,,,C04,,,1,,2,,,23,,1,4,,C04,120.542557,24.256828,3
2023,1,23,11,49,臺中市,豐原區,0,0,0,8,,,30,,,,,,,,,,,,,,,8,,,,,B03,,,1,,2,,,8,,1,22,,B03,120.755257,24.256012,3
2023,1,23,11,50,臺中市,龍井區,0,0,0,,,,50,,,,,,,,,,,,,,,12,,,,,B03,,,1,,1,,,12,,1,22,,B03,120.584922,24.181827,3
2023,1,23,11,52,臺中市,西屯區,0,0,0,8,,,50,,,,,,,,,,,,,,,12,,,,,B03,,,1,,2,,,12,,1,22,,B03,120.638089,24.180731,3
2023,1,23,11,55,臺中市,大雅區,0,0,0,8,,,50,,,,,,,,,,,,,,,23,,,,,B03,,,1,,1,,,23,,1,22,,B03,120.64606,24.224107,3
2023,1,23,11,55,臺中市,西屯區,0,2,0,8,1,5,50,4,1,1,5,4,5,7,1,1,5,4,5,2,16,9,3,10,1,1,B03,7,6,1,8,2,2,,9,9,1,22,9,B03,120.645545,24.172416,2
2023,1,23,11,56,臺中市,西屯區,0,1,0,8,1,5,50,4,1,1,5,4,5,7,1,1,10,5,5,2,12,6,3,10,1,1,B03,7,6,1,8,2,5,,6,6,1,22,8,B03,120.636455,24.171226,2
2023,1,23,11,57,臺中市,大雅區,0,0,0,8,,,50,,,,,,,,,,,,,,,26,,,,,B12,,,1,,9,,,26,26,1,22,,B12,120.667625,24.215691,3
2023,1,23,12,0,臺中市,豐原區,0,0,0,8,,,30,,,,,,,,,,,,,,,12,,,,,B03,,,1,,2,,,12,,1,22,,B03,120.715602,24.253839,3
2023,1,23,12,1,臺中市,東勢區,0,1,0,8,1,5,50,14,7,1,5,4,5,7,4,4,5,5,4,2,17,19,3,10,1,1,B03,7,1,1,8,2,4,,19,19,1,20,9,B03,120.826222,24.263846,2
2023,1,23,12,2,臺中市,霧峰區,0,3,0,8,1,5,30,3,1,1,5,4,5,1,4,4,10,5,5,1,16,5,2,9,3,4,C03,7,5,1,10,2,11,,5,5,1,22,8,C03,120.685969,24.018473,2
2023,1,23,12,6,臺中市,北屯區,0,1,0,8,1,5,50,4,1,1,5,4,5,7,1,1,10,3,4,2,16,6,3,10,1,1,B03,7,5,1,8,2,3,,6,6,1,21,8,B03,120.686156,24.186941,2
2023,1,23,12,9,臺中市,烏日區,0,0,0,8,1,5,50,14,5,1,5,4,5,7,1,1,1,4,1,1,12,26,,,,,B03,,,1,,2,,,26,,1,22,,B03,120.589651,24.113848,3
2023,1,23,12,13,臺中市,太平區,0,1,0,8,1,5,30,3,1,1,5,4,5,7,4,4,10,5,5,2,16,6,3,10,1,1,C02,7,5,1,9,2,11,,6,6,1,22,8,C02,120.714108,24.136859,2
2023,1,23,12,20,臺中市,南屯區,0,1,0,8,1,5,50,4,1,1,5,4,5,7,1,1,10,5,5,2,16,10,3,10,3,4,B03,7,11,1,8,2,4,,10,10,1,23,8,B03,120.649968,24.130773,2
2023,1,23,12,27,臺中市,烏日區,0,0,0,8,,,50,,,,,,,,,,,,,,,6,,,,,B03,,,1,,2,,,6,,1,19,,B03,120.622036,24.102946,3
2023,1,23,12,28,臺中市,西區,0,0,0,8,1,5,50,5,7,1,5,4,5,7,1,1,5,2,4,2,13,23,,,,,B03,,,1,,1,,,23,,1,4,,B03,120.66926,24.144446,3
2023,1,23,12,30,臺中市,梧棲區,0,1,0,8,1,5,70,4,2,1,5,4,5,7,1,1,1,4,4,1,13,23,3,10,1,1,B12,7,9,6,18,2,5,,23,23,1,4,8,B12,120.545845,24.229004,2
2023,1,23,12,30,臺中市,清水區,0,1,0,8,1,5,60,4,1,1,5,4,5,7,1,1,10,5,5,2,16,25,3,10,1,1,B03,7,6,1,8,2,15,,25,25,1,5,5,B03,120.547734,24.277213,2
2023,1,23,12,30,臺中市,后里區,0,0,0,8,,,50,,,,,,,,,,,,,,,23,,,,,B03,,,1,,1,,,23,,1,22,,B03,120.711101,24.310654,3
2023,1,23,12,33,臺中市,南屯區,0,0,0,8,1,5,30,14,9,1,5,4,5,7,4,4,10,5,5,2,29,23,,,,,B11,,,1,,2,,,23,23,1,5,,B11,120.630992,24.156697,3
2023,1,23,12,46,臺中市,豐原區,0,0,0,8,1,5,50,14,13,1,5,4,5,7,4,4,10,4,5,2,17,23,3,10,3,4,B03,7,3,1,7,11,5,,23,18,1,20,9,B03,120.729531,24.247162,3
2023,1,23,12,48,臺中市,南屯區,0,0,0,8,1,5,50,14,7,1,5,4,5,7,4,4,1,4,4,2,12,7,3,10,1,1,B03,7,8,1,8,1,6,,7,7,1,22,8,B03,120.647206,24.150692,3
2023,1,23,12,50,臺中市,沙鹿區,0,0,0,8,,,30,,,,,,,,,,,,,,,6,,,,,B03,,,1,,1,,,6,,1,4,,B03,120.60728,24.243908,3
2023,1,23,12,53,臺中市,大甲區,0,1,0,8,1,5,50,4,1,1,5,4,5,7,4,4,10,5,5,2,15,6,2,9,1,1,C03,7,9,1,10,2,12,,6,6,1,4,1,C03,120.630286,24.34881,2
2023,1,23,12,57,臺中市,東區,0,0,0,,,,50,,,,,,,,,,,,,,,18,,,,,B03,,,1,,2,,,18,,1,22,,B03,120.68787,24.136535,3
2023,1,23,12,58,臺中市,西區,0,0,0,8,,,40,,,,,,,,,,,,,,,12,,,,,B12,,,1,,1,,,12,,1,21,,B12,120.666336,24.14167,3
2023,1,23,13,0,臺中市,南區,0,0,0,,,,,,,,,,,,,,,,,,,67,,,,,,,,,,,,,67,,1,,,,120.684052,24.129652,3
2023,1,23,13,5,臺中市,西屯區,0,0,0,8,,,50,,,,,,,,,,,,,,,9,,,,,B03,,,1,,1,,,9,,1,22,,B03,120.65777,24.15806,3
2023,1,23,13,5,臺中市,大肚區,0,2,0,8,1,5,50,11,8,1,5,4,5,7,4,4,4,4,4,2,21,23,2,9,1,1,C03,7,5,1,10,2,12,,23,23,1,21,8,C03,120.556884,24.160566,2
2023,1,23,13,7,臺中市,大肚區,0,0,0,,,,60,,,,,,,,,,,,,,,23,,,,,B02,,,1,,2,,,23,,1,22,,B02,120.582913,24.168326,3
2023,1,23,13,34,臺中市,西屯區,0,1,0,8,1,5,50,14,8,1,5,4,5,7,4,4,5,5,4,2,17,6,3,10,3,4,B03,7,6,1,8,2,15,,6,6,1,22,9,B03,120.627301,24.184046,2
2023,1,23,13,34,臺中市,西屯區,0,1,0,8,1,5,50,4,1,1,5,4,5,7,4,4,10,5,5,2,16,6,2,8,3,4,C03,7,9,1,10,2,14,,6,6,1,22,8,C03,120.627995,24.159371,2
2023,1,23,13,36,臺中市,南屯區,0,1,0,8,1,5,50,4,1,1,5,4,5,7,1,1,5,5,5,2,15,25,2,9,1,4,C03,7,9,1,10,2,12,,25,25,1,22,8,C03,120.648693,24.148825,2
2023,1,23,13,37,臺中市,北區,0,0,0,8,,,50,,,,,,,,,,,,,,,12,,,,,B03,,,1,,11,,,12,,1,22,,B03,120.685687,24.147435,3
2023,1,23,13,49,臺中市,西屯區,0,1,0,8,1,5,40,3,1,1,5,4,5,7,4,4,1,4,1,2,16,9,3,10,1,1,B11,7,6,1,1,2,2,,9,9,1,22,9,B11,120.615004,24.183447,2
2023,1,23,13,59,臺中市,西屯區,0,0,0,,,,1,,,,,,,,,,,,,,,23,,,,,B02,,,1,,1,,,23,,1,22,,B02,120.651646,24.165297,3
2023,1,23,14,0,臺中市,清水區,0,0,0,,,,60,,,,,,,,,,,,,,,23,,,,,B03,,,1,,2,,,23,,1,5,,B03,120.562153,24.272209,3
2023,1,23,14,9,臺中市,南屯區,0,0,0,8,,,50,,,,,,,,,,,,,,,12,,,,,B03,,,3,18,1,,,12,12,1,12,,B03,120.653799,24.135314,3
2023,1,23,14,12,臺中市,太平區,0,0,0,8,,,50,,,,,,,,,,,,,,,16,,,,,B03,,,1,,2,,,16,,1,22,,B03,120.723219,24.149038,3
2023,1,23,14,20,臺中市,西屯區,0,0,0,8,,,50,,,,,,,,,,,,,,,19,,,,,B03,,,1,,2,,,19,,1,22,,B03,120.645007,24.176918,3
2023,1,23,14,20,臺中市,神岡區,0,1,0,8,1,5,30,14,9,1,5,4,5,7,4,4,10,5,5,1,13,23,2,8,1,1,C03,7,9,1,10,2,12,,23,23,1,22,9,C03,120.652206,24.274085,2
2023,1,23,14,22,臺中市,石岡區,0,0,0,8,,,30,,,,,,,,,,,,,,,12,,,,,B03,,,1,,2,,,12,,1,21,,B03,120.787637,24.262936,3
2023,1,23,14,24,臺中市,東勢區,0,0,0,8,,,60,,,,,,,,,,,,,,,6,,,,,B03,,,1,,2,,,6,,1,9,,B03,120.82458,24.25692,3
2023,1,23,14,29,臺中市,北屯區,0,0,0,8,,,30,,,,,,,,,,,,,,,12,,,,,B12,,,1,,2,,,12,,1,10,,B12,120.6946,24.1614,3
2023,1,23,14,32,臺中市,大甲區,0,0,0,8,,,50,,,,,,,,,,,,,,,23,,,,,B03,,,1,,1,,,23,,1,4,,B03,120.629986,24.348726,3
2023,1,23,14,35,臺中市,大雅區,0,0,0,8,,,30,,,,,,,,,,,,,,,6,,,,,B01,,,1,,2,,,6,,1,10,,B01,120.66879,24.208995,3
2023,1,23,14,42,臺中市,北屯區,0,0,0,8,,,50,,,,,,,,,,,,,,,26,,,,,B03,,,1,,1,,,26,26,1,21,,B03,120.724311,24.180286,3
2023,1,23,14,43,臺中市,新社區,0,0,0,8,,,30,,,,,,,,,,,,,,,5,,,,,B03,,,1,,1,,,5,5,1,20,,B03,120.802395,24.242322,3
2023,1,23,14,44,臺中市,太平區,0,0,0,8,,,30,,,,,,,,,,,,,,,17,,,,,B03,,,1,,2,,,17,,1,22,,B03,120.752721,24.122924,3
2023,1,23,14,50,臺中市,清水區,0,2,0,8,1,5,60,14,8,1,5,4,5,7,2,1,1,4,4,1,16,7,3,10,1,1,B03,7,8,1,8,2,5,,7,7,1,21,8,B03,120.567936,24.271495,2
2023,1,23,14,55,臺中市,東區,0,2,0,8,1,5,30,11,9,1,5,4,5,7,4,4,1,4,5,2,18,23,2,9,1,1,C03,7,6,1,10,2,12,,23,23,1,21,8,C03,120.689751,24.137993,2
2023,1,23,15,2,臺中市,東區,0,0,0,8,,,50,,,,,,,,,,,,,,,42,,,,,B03,,,1,8,2,,,42,42,1,5,,B03,120.696473,24.136879,3
2023,1,23,15,2,臺中市,石岡區,0,0,0,,,,70,,,,,,,,,,,,,,,23,,,,,B03,,,1,,2,,,23,,1,9,,B03,120.784512,24.274436,3
2023,1,23,15,7,臺中市,南區,0,0,0,,,,50,,,,,,,,,,,,,,,12,,,,,B03,,,1,,2,,,12,,1,22,,B03,120.666644,24.114948,3
2023,1,23,15,8,臺中市,太平區,0,0,0,8,,,80,,,,,,,,,,,,,,,16,,,,,B03,,,1,,2,,,16,,1,4,,B03,120.710725,24.141557,3
2023,1,23,15,16,臺中市,北區,0,0,0,8,1,5,50,14,8,1,5,4,5,7,4,4,8,3,4,2,17,43,,,,,,,,,,,,,43,,1,,,,120.68108,24.149768,3
2023,1,23,15,16,臺中市,梧棲區,0,0,0,8,,,40,,,,,,,,,,,,,,,22,,,,,B03,,,1,,2,,,22,,1,9,,B03,120.538278,24.249028,3
2023,1,23,15,20,臺中市,太平區,0,0,0,8,,,30,,,,,,,,,,,,,,,12,,,,,B03,,,1,,2,,,12,12,1,21,,B03,120.719837,24.146776,3
2023,1,23,15,25,臺中市,東區,0,0,0,,,,50,,,,,,,,,,,,,,,26,,,,,B03,,,1,,2,,,26,,1,5,,B03,120.700041,24.141974,3
2023,1,23,15,28,臺中市,西區,0,1,0,8,1,5,50,3,1,1,5,4,5,7,4,4,10,5,5,2,17,10,3,10,1,1,B03,7,11,1,8,2,8,,10,10,1,22,9,B03,120.655164,24.139026,2
2023,1,23,15,29,臺中市,大肚區,0,1,0,8,1,5,50,4,1,1,5,4,5,7,1,1,10,5,5,2,16,23,2,9,3,1,F01,7,5,8,20,11,16,,23,23,1,22,9,F01,120.547426,24.144444,2
2023,1,23,15,30,臺中市,大里區,0,0,0,8,,,50,,,,,,,,,,,,,,,12,,,,,B03,,,1,,2,,,12,,1,2,,B03,120.701006,24.08546,3
2023,1,23,15,33,臺中市,大安區,0,2,0,8,1,5,30,4,1,1,5,4,5,7,4,4,10,5,5,2,15,6,2,6,1,1,C03,7,9,1,10,2,12,,6,6,1,21,8,C03,120.605216,24.362543,2
2023,1,23,15,37,臺中市,南屯區,0,3,0,8,1,5,40,4,1,1,5,4,5,7,1,1,10,5,5,2,16,8,2,9,3,4,C03,7,5,4,8,2,14,,8,8,1,12,8,C03,120.637475,24.138079,2
2023,1,23,15,40,臺中市,烏日區,0,0,0,8,,,30,,,,,,,,,,,,,,,12,,,,,B03,,,1,,2,,,12,,1,5,,B03,120.601454,24.112321,3
2023,1,23,15,43,臺中市,東區,0,0,0,8,,,50,,,,,,,,,,,,,,,23,,,,,B03,,,1,,2,,,23,,1,22,,B03,120.69736,24.139038,3
2023,1,23,15,50,臺中市,西屯區,0,2,0,8,1,5,30,3,1,1,5,4,5,7,4,4,10,4,5,2,16,6,3,10,1,1,B03,7,6,1,8,2,8,,6,6,1,22,8,B03,120.666021,24.176393,2
2023,1,23,15,54,臺中市,大雅區,0,0,0,8,,,30,,,,,,,,,,,,,,,5,,,,,B03,,,1,,2,,,5,,1,22,,B03,120.671966,24.222355,3
2023,1,23,15,54,臺中市,北區,0,0,0,8,,,50,,,,,,,,,,,,,,,6,,,,,B03,,,1,,2,,,6,,1,22,,B03,120.679073,24.171236,3
2023,1,23,15,56,臺中市,北屯區,0,1,0,8,1,5,50,4,1,1,5,4,5,7,4,4,10,5,5,2,15,6,3,10,3,4,C03,7,9,1,10,2,13,,6,6,1,21,8,C03,120.673384,24.181458,2
2023,1,23,15,59,臺中市,東區,0,0,0,8,,,50,,,,,,,,,,,,,,,23,,,,,B03,,,1,8,2,,,23,23,1,5,,B03,120.696473,24.136879,3
2023,1,23,15,59,臺中市,大甲區,0,1,0,8,1,5,50,4,1,1,5,4,5,7,4,4,10,5,5,2,17,6,2,7,1,1,C03,7,9,1,10,2,12,,6,6,1,21,8,C03,120.62092,24.346266,2
2023,1,23,16,5,臺中市,豐原區,0,0,0,8,,,50,,,,,,,,,,,,,,,42,,,,,B03,,,1,,2,,,42,,1,22,,B03,120.72901,24.256935,3
2023,1,23,16,7,臺中市,烏日區,0,2,0,8,1,5,50,4,1,1,5,4,5,7,1,1,1,4,1,1,16,25,2,9,1,1,C03,7,9,1,10,2,14,,25,25,1,22,8,C03,120.62036,24.102093,2
2023,1,23,16,14,臺中市,豐原區,0,1,0,8,1,7,50,14,9,1,5,4,5,7,4,4,5,5,5,1,1,23,3,10,3,4,B03,7,9,1,8,11,5,,23,23,2,21,8,B03,120.720438,24.266726,2
2023,1,23,16,19,臺中市,大雅區,0,1,0,8,1,5,50,4,1,1,5,4,5,7,1,1,3,4,5,1,16,25,3,10,1,1,B03,7,5,1,8,2,2,,25,25,1,22,8,B03,120.66878,24.236887,2
2023,1,23,16,20,臺中市,沙鹿區,0,0,0,8,,,40,,,,,,,,,,,,,,,19,,,,,B03,,,1,,2,,,19,,1,22,,B03,120.571118,24.242038,3
2023,1,23,16,21,臺中市,后里區,0,1,0,8,1,5,50,5,2,1,5,4,5,7,1,1,1,5,4,1,12,23,3,10,1,1,B03,7,9,1,8,2,2,,23,23,1,21,8,B03,120.709603,24.304118,2
2023,1,23,16,28,臺中市,梧棲區,0,2,0,8,1,5,50,3,1,1,5,4,5,7,3,1,10,4,4,2,17,26,3,10,1,1,B03,7,6,1,8,2,15,,26,26,1,9,8,B03,120.526695,24.222981,2
2023,1,23,16,39,臺中市,南屯區,0,2,0,8,1,5,50,14,9,1,5,4,5,7,4,4,5,5,5,2,2,17,3,10,1,1,B12,7,9,3,18,2,2,,17,17,1,5,8,B12,120.639482,24.138879,2
2023,1,23,16,42,臺中市,北屯區,0,0,0,8,,,50,,,,,,,,,,,,,,,23,,,,,B03,,,1,,2,,,23,,1,5,,B03,120.686731,24.187511,3
2023,1,23,16,49,臺中市,西屯區,0,0,0,,,,50,,,,,,,,,,,,,,,23,,,,,B03,,,1,,1,,,23,,1,22,,B03,120.627649,24.180885,3
2023,1,23,16,50,臺中市,東區,0,0,0,8,,,50,,,,,,,,,,,,,,,19,,,,,B03,,,1,,2,,,19,,1,22,,B03,120.693506,24.148763,3
2023,1,23,16,56,臺中市,豐原區,0,1,0,8,1,5,50,4,2,1,5,4,5,7,1,1,1,4,4,1,16,6,3,10,1,1,B03,7,6,1,5,2,2,,6,6,1,22,8,B03,120.747727,24.266779,2
2023,1,23,17,0,臺中市,沙鹿區,0,0,0,8,,,40,,,,,,,,,,,,,,,38,,,,,B12,,,8,,10,,,38,,1,22,,B12,120.571619,24.203268,3
2023,1,23,17,1,臺中市,大里區,0,1,0,8,1,5,30,14,9,1,5,4,5,7,4,4,10,5,5,2,17,42,2,9,3,4,C03,7,9,1,10,2,14,,42,42,1,21,5,C03,120.737106,24.085322,2
2023,1,23,17,6,臺中市,烏日區,0,1,0,8,1,5,50,14,9,1,5,4,5,7,4,4,9,5,5,2,17,26,3,10,1,1,B03,7,5,1,8,2,7,,26,10,1,22,8,B03,120.607512,24.106042,2
2023,1,23,17,10,臺中市,龍井區,0,6,0,8,1,5,60,10,9,1,5,4,1,7,4,4,1,5,5,1,13,23,2,3,3,4,B03,7,9,1,8,2,1,,23,23,1,21,6,B03,120.509215,24.195038,2
2023,1,23,17,23,臺中市,南屯區,0,0,0,8,1,5,50,14,9,1,5,4,5,7,4,4,1,4,5,2,13,23,3,10,1,1,B03,7,9,1,8,2,1,,23,23,1,22,8,B03,120.630209,24.146758,3