年,月,日,時,分,縣市,區,死,受傷,2-30,天候,光線,道路類別,速限,道路型態,事故位置,路面鋪裝,路面狀態,路面缺陷,障礙物,視距,號誌種類,號誌動作,分向設施,快車道或一般車道間,快慢車道間,路面邊線,事故類型及型態,主要肇因,受傷程度,主要傷處,保護裝備,行動電話,當事者區分,車輛用途,當事者行動狀態,駕駛資格情形,駕駛執照種類,飲酒情形,車輛撞擊部位最初,車輛撞擊部位其他,肇事因素個別,肇事因素主要,肇事逃逸,職業,旅次目的,車種,GPS緯度,GPS經度,事故類別
2023,1,23,17,23,臺中市,西屯區,0,2,0,8,2,5,50,14,7,1,5,4,5,7,4,4,5,4,4,2,16,19,2,9,3,4,C03,7,1,1,10,1,14,,19,19,1,22,8,C03,120.639196,24.158791,2
2023,1,23,17,33,臺中市,大雅區,0,0,0,8,,,50,,,,,,,,,,,,,,,23,,,,,B02,,,1,,2,,,23,,1,22,,B02,120.646645,24.224999,3
2023,1,23,17,35,臺中市,梧棲區,0,1,0,8,1,5,60,3,2,1,5,4,5,7,4,4,1,4,5,1,16,9,3,10,1,1,B03,7,6,1,8,2,6,,9,9,1,9,8,B03,120.525236,24.224882,2
2023,1,23,17,37,臺中市,北屯區,0,0,0,8,,,50,,,,,,,,,,,,,,,23,,,,,B03,,,1,2,1,,,23,23,1,21,,B03,120.687123,24.201301,3
2023,1,23,17,39,臺中市,西屯區,0,0,0,8,,,40,,,,,,,,,,,,,,,23,,,,,B03,,,1,,1,,,23,,1,22,,B03,120.644198,24.18244,3
2023,1,23,17,40,臺中市,南區,0,0,0,,,,50,,,,,,,,,,,,,,,23,,,,,B03,,,1,,2,,,23,,1,5,,B03,120.662422,24.117005,3
2023,1,23,17,41,臺中市,烏日區,0,1,0,8,3,5,50,3,1,1,5,4,5,7,4,4,10,5,5,2,16,9,3,10,1,1,B03,7,6,1,8,2,5,,9,9,1,5,8,B03,120.624816,24.107196,2
2023,1,23,17,42,臺中市,烏日區,0,1,0,8,3,5,50,3,13,1,5,4,5,7,4,4,1,4,5,1,13,16,2,9,1,1,C03,7,9,1,10,2,11,,16,16,1,22,8,C03,120.631758,24.1052,2
2023,1,23,17,45,臺中市,西屯區,0,0,0,8,,,40,,,,,,,,,,,,,,,12,,,,,B03,,,1,,1,,,12,,1,22,,B03,120.651387,24.162,3
2023,1,23,17,48,臺中市,大肚區,0,0,0,8,,,50,,,,,,,,,,,,,,,12,,,,,B03,,,1,,2,,,12,,1,21,,B03,120.544235,24.153473,3
2023,1,23,17,50,臺中市,大里區,0,1,0,8,1,5,60,4,9,1,5,4,5,7,1,1,9,4,4,1,16,9,3,10,1,1,B03,7,6,1,8,2,5,,9,9,1,19,8,B03,120.691873,24.074126,2
2023,1,23,17,50,臺中市,后里區,0,0,0,8,,,30,,,,,,,,,,,,,,,6,,,,,B03,,,1,,2,,,6,,1,22,,B03,120.735827,24.314444,3
2023,1,23,18,0,臺中市,東區,0,0,0,8,3,5,50,14,9,1,5,4,5,7,4,4,5,5,5,2,17,23,3,10,1,1,B03,7,9,1,8,2,1,,23,23,1,5,8,B03,120.699206,24.141917,3
2023,1,23,18,30,臺中市,太平區,0,3,0,8,3,5,50,4,1,1,5,4,5,7,4,4,10,5,5,2,16,1,2,8,1,1,F03,7,4,8,20,2,16,,1,1,1,9,8,F03,120.726009,24.13639,2
2023,1,23,18,30,臺中市,清水區,0,0,0,8,,,50,,,,,,,,,,,,,,,12,,,,,B03,,,1,,2,,,12,12,1,21,,B03,120.574327,24.266356,3
2023,1,23,18,37,臺中市,南區,0,2,0,8,1,5,50,14,7,1,5,4,5,7,4,4,5,5,4,2,17,23,3,10,3,4,C03,7,15,1,10,2,13,,23,23,1,5,8,C03,120.695026,24.148421,2
2023,1,23,18,51,臺中市,北區,0,0,0,,,,50,,,,,,,,,,,,,,,9,,,,,B03,,,1,,2,,,44,9,1,22,,B03,120.675858,24.159215,3
2023,1,23,18,54,臺中市,豐原區,0,0,0,8,,,60,,,,,,,,,,,,,,,23,,,,,B01,,,1,,2,,,23,,1,22,,B01,120.703293,24.243518,3
2023,1,23,18,57,臺中市,南區,0,0,0,8,,,50,,,,,,,,,,,,,,,17,,,,,B03,,,1,,2,,,17,,1,22,,B03,120.648907,24.119279,3
2023,1,23,19,4,臺中市,西屯區,0,1,0,8,3,5,50,14,9,1,5,4,5,7,4,4,10,5,5,2,26,4,3,10,1,1,B03,7,9,1,8,2,5,7,4,4,1,22,8,B03,120.637602,24.168464,2
2023,1,23,19,19,臺中市,豐原區,0,0,0,8,,,40,,,,,,,,,,,,,,,19,,,,,B03,,,1,,2,,,19,,1,22,,B03,120.721871,24.249054,3
2023,1,23,19,20,臺中市,豐原區,0,0,0,8,,,40,,,,,,,,,,,,,,,12,,,,,B03,,,1,,2,,,12,12,1,22,,B03,120.718118,24.266155,3
2023,1,23,19,22,臺中市,北屯區,0,0,0,8,,,50,,,,,,,,,,,,,,,23,,,,,B03,,,1,,2,,,23,,1,5,,B03,120.669863,24.17444,3
2023,1,23,19,25,臺中市,西屯區,0,0,0,8,,,50,,,,,,,,,,,,,,,23,,,,,B03,,,1,,1,,,23,23,1,4,,B03,120.650155,24.163134,3
2023,1,23,19,30,臺中市,霧峰區,0,0,0,8,,,50,,,,,,,,,,,,,,,23,,,,,B12,,,1,,2,,,23,,1,21,,B12,120.684122,24.050952,3
2023,1,23,19,30,臺中市,烏日區,0,1,0,7,3,5,50,14,7,1,5,4,5,7,4,4,5,5,4,2,27,23,2,9,1,1,C03,7,9,1,10,2,11,12,23,23,1,21,8,C03,120.607657,24.119772,2
2023,1,23,19,37,臺中市,霧峰區,0,0,0,8,,,80,,,,,,,,,,,,,,,16,,,,,B03,,,1,,1,,,16,16,1,5,,B03,120.690155,24.064796,3
2023,1,23,19,38,臺中市,北屯區,0,1,0,8,3,5,50,5,1,1,5,4,5,7,2,1,10,5,5,2,17,6,3,10,3,4,B03,7,6,1,8,2,2,,6,6,1,21,8,B03,120.686238,24.188551,2
2023,1,23,19,40,臺中市,西屯區,0,1,0,8,3,5,30,4,1,1,5,4,5,7,4,4,10,5,5,2,3,23,3,10,3,4,C04,7,6,1,10,2,11,,23,23,1,22,8,C04,120.645083,24.17888,2
2023,1,23,19,42,臺中市,清水區,0,1,0,8,3,5,50,4,1,1,5,4,5,7,3,1,5,4,4,2,15,6,3,10,3,4,B03,7,9,7,19,9,1,,6,6,1,22,9,B03,120.541208,24.28821,2
2023,1,23,19,51,臺中市,東區,0,0,0,8,,,50,,,,,,,,,,,,,,,40,,,,,B03,,,1,,2,,,40,,1,22,,B03,120.686712,24.136634,3
2023,1,23,19,54,臺中市,中區,0,0,0,8,,,50,,,,,,,,,,,,,,,27,,,,,B03,,,1,,1,,,27,,1,19,,B03,120.682489,24.136801,3
2023,1,23,20,15,臺中市,大里區,0,2,0,8,3,5,30,14,9,1,5,4,5,7,4,4,10,5,5,2,17,23,2,9,1,1,C03,7,9,6,10,2,11,,23,23,1,20,8,C03,120.704548,24.106474,2
2023,1,23,20,27,臺中市,南屯區,0,0,0,8,3,5,50,14,7,1,5,4,5,7,1,1,5,5,4,2,13,23,,,,,B03,,,1,,1,,,23,,1,5,,B03,120.613725,24.142655,3
2023,1,23,20,33,臺中市,豐原區,0,0,0,8,,,50,,,,,,,,,,,,,,,10,,,,,,,,,,,,,10,,1,,,,120.724305,24.228346,3
2023,1,23,20,35,臺中市,南屯區,0,0,0,8,3,5,50,14,9,1,5,4,5,7,4,4,9,5,5,2,14,12,3,10,1,1,B03,7,2,1,8,2,6,,12,12,1,22,8,B03,120.644427,24.15005,3
2023,1,23,20,40,臺中市,北區,0,1,0,8,3,5,50,3,2,1,5,4,5,7,4,4,8,3,5,2,12,6,3,10,1,1,C03,7,9,1,10,2,14,,6,6,1,16,8,C03,120.689188,24.158926,2
2023,1,23,20,45,臺中市,南屯區,0,1,0,8,3,5,50,4,1,1,5,4,5,7,1,1,10,5,5,2,18,23,2,9,1,1,C03,7,15,1,10,8,12,,23,23,1,4,8,C03,120.633406,24.149745,2
2023,1,23,20,45,臺中市,西屯區,0,1,0,8,3,5,50,4,1,1,5,4,5,7,1,1,10,5,5,2,15,25,2,9,1,1,C03,7,9,1,10,1,12,,25,25,1,21,8,C03,120.617655,24.175708,2
2023,1,23,20,56,臺中市,外埔區,0,0,0,8,3,5,50,14,8,1,5,4,5,7,4,4,4,4,5,1,16,23,,,,,C03,,,1,,2,,,23,,1,4,,C03,120.632983,24.340478,3
2023,1,23,21,8,臺中市,西區,0,0,0,8,,,50,,,,,,,,,,,,,,,23,,,,,B03,,,1,,1,,,23,,1,4,,B03,120.655131,24.151588,3
2023,1,23,21,10,臺中市,梧棲區,0,1,0,8,3,5,50,14,9,1,5,4,5,7,1,1,5,5,5,2,13,23,2,8,1,1,C03,7,9,6,10,8,11,,23,23,1,20,8,C03,120.541069,24.256391,2
2023,1,23,21,13,臺中市,大里區,0,0,0,8,,,50,,,,,,,,,,,,,,,23,,,,,C03,,,1,,2,,,23,,1,22,,C03,120.679541,24.099744,3
2023,1,23,21,14,臺中市,北屯區,0,1,0,8,3,5,50,4,18,1,5,4,5,7,2,1,10,5,5,2,1,15,3,10,1,1,B03,7,5,1,8,2,1,,15,15,1,5,8,B03,120.689501,24.18046,2
2023,1,23,21,22,臺中市,西屯區,0,2,0,8,1,5,50,3,1,1,5,4,5,7,1,1,8,4,5,1,16,6,2,9,1,4,C03,7,5,1,10,2,12,,6,6,1,4,8,C03,120.619004,24.179075,2
2023,1,23,21,31,臺中市,太平區,0,1,0,8,3,5,30,4,1,1,5,4,5,7,4,4,10,5,5,2,15,6,3,10,1,1,B03,7,9,6,4,2,5,,6,6,1,22,5,B03,120.71829,24.148128,2
2023,1,23,21,36,臺中市,北屯區,0,0,0,8,,,50,,,,,,,,,,,,,,,23,,,,,B03,,,1,,1,,,23,,1,5,,B03,120.686525,24.201225,3
2023,1,23,21,37,臺中市,東區,0,1,0,8,3,5,40,4,1,1,5,4,5,7,2,1,10,5,5,2,15,25,3,10,1,1,C03,7,9,6,18,2,11,,25,25,1,21,8,C03,120.692481,24.147967,2
2023,1,23,21,37,臺中市,沙鹿區,0,0,0,,,,30,,,,,,,,,,,,,,,6,,,,,B03,,,1,,2,,,6,,1,22,,B03,120.568297,24.250163,3
2023,1,23,21,48,臺中市,中區,0,0,0,8,,,50,,,,,,,,,,,,,,,12,,,,,B03,,,1,,1,,,12,,1,10,,B03,120.675717,24.145154,3
2023,1,23,22,6,臺中市,東區,0,1,0,8,3,5,50,14,9,1,5,4,5,7,4,4,9,5,5,2,11,10,2,9,1,1,C03,7,11,1,10,2,12,,10,10,1,5,5,C03,120.702079,24.134406,2
2023,1,23,22,10,臺中市,西屯區,0,0,0,8,,,30,,,,,,,,,,,,,,,23,,,,,B03,,,1,,2,,,23,,1,22,,B03,120.645533,24.181785,3
2023,1,23,22,11,臺中市,沙鹿區,0,0,0,8,,,60,,,,,,,,,,,,,,,23,,,,,B03,,,1,,2,,,23,,1,22,,B03,120.560387,24.240957,3
2023,1,23,22,19,臺中市,南屯區,0,0,0,8,,,60,,,,,,,,,,,,,,,7,,,,,B03,,,1,,2,,,7,,1,22,,B03,120.585299,24.166683,3
2023,1,23,22,28,臺中市,烏日區,0,0,0,8,1,5,30,14,9,1,5,4,5,7,4,4,9,5,5,2,16,43,,,,,,,,,,,,,43,,1,,,,120.630346,24.104183,3
2023,1,23,23,2,臺中市,大里區,0,1,0,8,3,5,50,4,1,1,5,4,5,7,1,1,10,5,5,2,3,15,3,10,1,1,B12,7,5,1,8,2,8,,15,15,1,22,5,B12,120.688483,24.106421,2
2023,1,23,23,7,臺中市,西屯區,0,0,0,8,,,80,,,,,,,,,,,,,,,7,,,,,B03,,,1,,2,,,7,,1,22,,B03,120.624192,24.153311,3
2023,1,23,23,9,臺中市,西屯區,0,0,0,8,,,50,,,,,,,,,,,,,,,7,,,,,B03,,,1,,1,,,7,,1,22,,B03,120.64738,24.174398,3
2023,1,23,23,20,臺中市,霧峰區,0,1,0,8,4,5,40,14,9,1,5,4,5,7,4,4,9,5,5,2,16,23,2,9,1,1,C03,7,9,3,18,5,11,,23,23,1,3,8,C03,120.686225,24.049907,2
2023,1,23,23,36,臺中市,梧棲區,0,0,0,8,,,90,,,,,,,,,,,,,,,17,,,,,B03,,,1,,9,,,17,,1,22,,B03,120.524268,24.221682,3
2023,1,23,23,41,臺中市,西屯區,0,0,0,8,,,30,,,,,,,,,,,,,,,6,,,,,B03,,,1,,1,,,6,6,1,22,,B03,120.65508,24.190213,3
2023,1,23,23,45,臺中市,烏日區,0,1,0,7,3,5,60,14,9,1,5,4,5,7,4,4,1,4,5,1,18,23,2,9,1,1,C03,7,12,1,10,2,12,,23,23,1,21,8,C03,120.624086,24.104254,2
2023,1,24,0,12,臺中市,北屯區,0,1,0,8,3,5,50,4,1,1,5,4,5,7,2,1,10,5,5,2,18,23,2,9,1,1,C03,7,9,3,18,2,12,,23,23,1,5,8,C03,120.690354,24.175458,2
2023,1,24,0,30,臺中市,西區,0,0,0,8,,,60,,,,,,,,,,,,,,,42,,,,,B03,,,1,,9,,,42,,1,2,,B03,120.669801,24.150724,3
2023,1,24,0,32,臺中市,梧棲區,0,1,0,8,1,5,70,14,7,1,5,4,5,7,4,4,1,5,5,1,23,23,2,9,3,4,B03,7,9,1,8,8,5,,23,23,1,22,8,B03,120.540414,24.248335,2
2023,1,24,0,42,臺中市,北屯區,0,0,0,8,3,5,50,4,2,1,5,4,5,7,2,1,1,2,5,2,13,26,3,10,1,2,B03,7,9,3,18,8,8,,26,26,1,21,8,B03,120.690879,24.171453,3
2023,1,24,1,0,臺中市,太平區,0,1,0,8,1,5,50,4,1,1,5,4,5,7,2,1,10,5,5,2,16,25,3,10,1,1,B03,7,5,1,8,2,5,,25,25,1,22,8,B03,120.700317,24.147958,2
2023,1,24,1,30,臺中市,南屯區,0,0,0,8,,,30,,,,,,,,,,,,,,,42,,,,,B12,,,1,,9,,,42,,1,22,,B12,120.625259,24.114089,3
2023,1,24,1,35,臺中市,大里區,0,1,0,8,3,5,30,14,9,1,5,4,5,7,4,4,10,5,5,1,11,23,3,10,1,1,B03,7,9,6,8,9,4,,23,23,2,22,5,B03,120.688935,24.111766,2
2023,1,24,1,44,臺中市,東區,0,0,0,8,3,5,50,4,1,1,5,4,5,7,3,1,5,4,5,2,15,6,3,10,1,1,B03,7,9,1,8,2,5,,6,6,1,21,8,B03,120.68874,24.1324,3
2023,1,24,1,48,臺中市,北屯區,0,1,0,8,3,5,50,14,9,1,5,4,5,7,4,4,5,5,5,1,18,43,2,9,1,1,C03,7,9,4,8,6,11,,43,43,1,4,8,C03,120.674801,24.202765,2
2023,1,24,2,0,臺中市,神岡區,0,0,0,8,,,50,,,,,,,,,,,,,,,7,,,,,B01,,,1,,2,,,7,,1,10,,B01,120.696831,24.251403,3
2023,1,24,3,11,臺中市,北屯區,0,1,0,8,3,5,40,4,2,1,5,4,5,7,1,1,1,2,4,2,13,23,3,10,1,1,B03,7,9,3,18,2,1,,23,23,1,21,8,B03,120.668672,24.178276,2
2023,1,24,4,20,臺中市,中區,0,0,0,8,,,50,,,,,,,,,,,,,,,18,,,,,B03,,,1,,2,,,18,,1,4,,B03,120.682948,24.140692,3
2023,1,24,4,47,臺中市,北區,0,1,0,8,3,5,50,14,9,1,5,4,5,7,4,4,9,5,5,2,17,23,2,8,1,1,C03,7,9,1,10,2,11,,23,23,1,22,9,C03,120.68551,24.152326,2
2023,1,24,7,15,臺中市,豐原區,0,1,0,8,1,5,50,14,8,1,5,4,5,7,4,4,5,5,4,2,16,43,2,9,3,4,B12,7,9,1,8,2,8,,43,43,1,21,8,B12,120.72707,24.255926,2
2023,1,24,8,39,臺中市,中區,0,1,0,8,1,5,50,4,1,1,5,4,5,7,1,1,10,5,5,2,15,25,2,9,3,4,C03,7,9,1,10,2,11,,25,25,1,21,8,C03,120.679157,24.145556,2
2023,1,24,8,39,臺中市,西屯區,0,2,0,8,1,5,40,4,1,1,5,4,5,7,4,4,10,5,5,2,17,4,2,9,3,4,C03,7,9,6,18,2,11,,4,4,1,22,8,C03,120.65656,24.169131,2
2023,1,24,8,56,臺中市,北區,0,0,0,8,,,50,,,,,,,,,,,,,,,19,,,,,B03,,,1,,11,,,19,,1,22,,B03,120.675506,24.145899,3
2023,1,24,9,20,臺中市,北屯區,0,0,0,8,,,50,,,,,,,,,,,,,,,12,,,,,B12,,,1,,1,,,12,,1,21,,B12,120.66065,24.191436,3
2023,1,24,9,20,臺中市,西屯區,0,1,0,8,1,5,50,4,1,1,5,4,5,7,1,1,10,5,5,2,13,16,3,10,3,4,B03,7,9,1,8,2,8,,16,16,1,22,8,B03,120.644251,24.194815,2
2023,1,24,9,22,臺中市,西屯區,0,1,0,8,1,5,50,4,1,1,5,4,5,7,2,1,10,5,5,2,13,16,3,10,1,1,B03,7,9,1,8,2,1,,16,16,1,22,8,B03,120.646692,24.155593,2
2023,1,24,9,45,臺中市,沙鹿區,0,1,0,8,1,5,50,4,9,1,5,4,5,7,1,1,1,3,4,1,12,9,3,10,1,1,B03,7,6,1,8,2,2,,9,9,1,22,8,B03,120.56802,24.254092,2
2023,1,24,9,56,臺中市,西屯區,0,1,0,8,1,5,50,4,1,1,5,4,5,7,4,4,10,5,5,2,17,6,2,9,3,4,C03,7,9,1,10,2,11,,6,6,1,22,9,C03,120.6559,24.167819,2
2023,1,24,9,57,臺中市,大安區,0,0,0,8,,,60,,,,,,,,,,,,,,,44,,,,,B03,,,1,,2,,,44,,1,4,,B03,120.59848,24.373872,3
2023,1,24,10,0,臺中市,大肚區,0,0,0,,,,,,,,,,,,,,,,,,,67,,,,,,,,,,,,,67,,1,,,,120.568291,24.124563,3
2023,1,24,10,2,臺中市,豐原區,0,0,0,8,,,30,,,,,,,,,,,,,,,18,,,,,B03,,,1,,2,,,18,,1,22,,B03,120.7013,24.231858,3
2023,1,24,10,7,臺中市,北屯區,0,0,0,8,,,50,,,,,,,,,,,,,,,16,,,,,B03,,,1,,1,,,16,,1,21,,B03,120.722583,24.181511,3
2023,1,24,10,11,臺中市,大里區,0,1,0,8,1,5,30,4,1,1,5,4,5,7,4,4,10,5,5,2,15,6,2,9,1,1,C03,7,9,1,10,2,11,,6,6,1,23,4,C03,120.664484,24.095841,2
2023,1,24,10,17,臺中市,西屯區,0,1,0,8,1,5,50,14,9,1,5,4,5,7,4,4,1,4,5,2,16,7,3,10,3,4,B03,7,8,1,8,2,5,,7,7,1,22,8,B03,120.661498,24.171945,2
2023,1,24,10,20,臺中市,西屯區,0,0,0,8,,,30,,,,,,,,,,,,,,,43,,,,,B03,,,1,,2,,,43,,1,22,,B03,120.615236,24.183763,3
2023,1,24,10,20,臺中市,大里區,0,0,0,8,,,50,,,,,,,,,,,,,,,23,,,,,B03,,,1,,2,,,23,,1,22,,B03,120.696001,24.0842,3
2023,1,24,10,20,臺中市,豐原區,0,1,0,8,1,5,40,3,1,1,5,4,5,7,4,4,10,5,5,1,17,42,2,9,1,1,C03,7,9,1,10,2,11,,42,42,1,22,8,C03,120.726192,24.270473,2
2023,1,24,10,22,臺中市,豐原區,0,0,0,8,,,50,,,,,,,,,,,,,,,23,,,,,B03,,,1,,2,,,23,,1,21,,B03,120.700278,24.249546,3
2023,1,24,10,26,臺中市,東區,0,1,0,8,1,5,40,14,8,1,5,4,5,7,4,4,5,5,4,2,29,23,2,9,1,1,C03,7,9,1,10,2,14,,23,23,1,5,8,C03,120.707907,24.148969,2
2023,1,24,10,31,臺中市,南區,0,0,0,8,,,50,,,,,,,,,,,,,,,7,,,,,B03,,,1,7,2,,,7,7,1,5,,B03,120.681073,24.129453,3
2023,1,24,10,32,臺中市,潭子區,0,0,0,8,,,50,,,,,,,,,,,,,,,26,,,,,B03,,,1,,2,,,26,,1,22,,B03,120.709422,24.200329,3
2023,1,24,10,37,臺中市,潭子區,0,0,0,8,,,50,,,,,,,,,,,,,,,23,,,,,C03,,,1,,2,,,23,,1,22,,C03,120.707006,24.215438,3
2023,1,24,10,39,臺中市,南屯區,0,0,0,8,,,50,,,,,,,,,,,,,,,23,,,,,C03,,,3,,2,,,23,,1,22,,C03,120.64985,24.142313,3
2023,1,24,10,47,臺中市,烏日區,0,0,0,8,,,30,,,,,,,,,,,,,,,19,,,,,B12,,,1,,2,,,19,,1,19,,B12,120.616321,24.111945,3
2023,1,24,10,50,臺中市,大雅區,0,1,0,8,1,5,50,14,9,1,5,4,5,7,4,4,9,5,5,1,26,23,2,9,1,1,C03,7,9,1,10,2,15,,23,23,1,22,8,C03,120.67184,24.228554,2
2023,1,24,10,51,臺中市,北屯區,0,0,0,6,,,50,,,,,,,,,,,,,,,16,,,,,B03,,9,1,8,2,1,,16,16,1,21,8,B03,120.675839,24.201693,3
2023,1,24,10,54,臺中市,西屯區,0,1,0,8,1,5,50,3,2,1,5,4,5,7,3,1,5,4,4,2,16,26,3,10,3,4,B03,7,11,1,8,2,1,,26,26,1,22,8,B03,120.65644,24.169053,2
2023,1,24,11,0,臺中市,大雅區,0,1,0,8,1,5,50,3,1,1,5,4,5,7,1,1,5,5,5,2,12,6,3,10,1,1,B03,7,6,1,8,2,15,,6,6,1,22,9,B03,120.647856,24.215946,2
2023,1,24,11,0,臺中市,大里區,0,0,0,8,,,60,,,,,,,,,,,,,,,16,,,,,B03,,,1,,2,,,16,,1,5,,B03,120.679753,24.087833,3
2023,1,24,11,0,臺中市,沙鹿區,0,1,0,8,1,5,40,14,20,1,5,4,5,7,4,4,1,4,1,1,17,2,3,10,1,1,B12,7,1,1,8,2,8,,2,2,1,20,5,B12,120.571664,24.232947,2
2023,1,24,11,4,臺中市,梧棲區,0,0,0,,,,90,,,,,,,,,,,,,,,16,,,,,B02,,,1,,1,,,16,,1,4,,B02,120.52494,24.223772,3
2023,1,24,11,5,臺中市,東勢區,0,1,0,8,1,5,50,14,9,1,5,4,5,7,4,4,5,4,5,2,2,23,3,10,1,1,B03,7,9,1,8,2,5,,23,23,1,22,9,B03,120.82873,24.255789,2
2023,1,24,11,6,臺中市,大甲區,0,1,0,8,1,5,50,4,1,1,5,4,5,7,1,1,10,5,5,2,16,19,2,9,1,1,C04,7,1,1,10,2,14,,19,19,1,4,1,C04,120.625086,24.347746,2
2023,1,24,11,15,臺中市,霧峰區,0,0,0,8,1,5,50,14,2,1,5,4,5,7,1,1,1,4,4,1,16,19,,,,,B03,,,1,,2,,,19,,1,5,,B03,120.691839,24.042827,3
2023,1,24,11,18,臺中市,大里區,0,0,0,8,,,50,,,,,,,,,,,,,,,6,,,,,C03,,,1,,2,,,6,,1,22,,C03,120.694347,24.090865,3
2023,1,24,11,18,臺中市,大里區,0,0,0,8,,,50,,,,,,,,,,,,,,,16,,,,,B03,,,1,,2,,,16,,1,22,,B03,120.670089,24.097114,3
2023,1,24,11,24,臺中市,烏日區,0,0,0,8,,,70,,,,,,,,,,,,,,,23,,,,,B03,,,1,,2,,,23,23,1,22,,B03,120.615202,24.10655,3
2023,1,24,11,24,臺中市,神岡區,0,0,0,8,,,50,,,,,,,,,,,,,,,16,,,,,B03,,,1,,2,,,16,,1,22,,B03,120.694618,24.232781,3
2023,1,24,11,28,臺中市,西區,0,1,0,8,1,5,50,4,1,1,5,4,5,7,4,4,10,5,5,2,15,6,3,10,1,1,B01,7,9,1,3,1,6,,6,6,1,22,9,B01,120.668192,24.149007,2
2023,1,24,11,30,臺中市,梧棲區,0,1,0,8,1,5,60,3,2,1,5,4,5,7,4,4,1,4,4,1,16,9,3,10,1,1,B03,7,6,1,8,2,2,,9,9,1,4,8,B03,120.525706,24.22488,2
2023,1,24,11,38,臺中市,和平區,0,0,0,,,,30,,,,,,,,,,,,,,,23,,,,,B02,,,1,,1,,,23,,1,21,,B02,121.264977,24.286446,3
2023,1,24,11,42,臺中市,西屯區,0,0,0,8,,,50,,,,,,,,,,,,,,,26,,,,,B03,,,1,,1,,,26,26,1,22,,B03,120.648843,24.174845,3
2023,1,24,11,47,臺中市,北區,0,1,0,8,1,5,50,4,2,1,5,4,5,7,1,1,1,4,5,2,16,19,2,6,1,1,C03,7,1,1,10,2,13,,19,19,1,21,8,C03,120.682368,24.153181,2
2023,1,24,11,48,臺中市,豐原區,0,1,0,8,1,5,50,4,1,1,5,4,5,3,3,1,5,5,5,2,15,6,2,9,1,1,C04,7,9,1,10,2,12,,6,6,1,22,8,C04,120.702047,24.245422,2
2023,1,24,11,52,臺中市,烏日區,0,1,0,8,1,5,50,4,1,1,5,4,5,7,1,1,1,4,1,1,16,8,2,9,1,1,C03,7,5,1,10,2,14,,8,25,1,22,8,C03,120.584206,24.112868,2
2023,1,24,12,0,臺中市,北區,0,2,0,8,1,5,50,4,1,1,5,4,5,7,4,4,10,5,5,2,16,6,2,9,1,1,F03,7,9,8,20,2,16,,44,6,1,22,9,F03,120.680949,24.15816,2
2023,1,24,12,0,臺中市,大里區,0,0,0,8,,,50,,,,,,,,,,,,,,,23,,,,,B03,,,1,,2,,,23,,1,5,,B03,120.68964,24.09628,3
2023,1,24,12,0,臺中市,豐原區,0,0,0,8,,,50,,,,,,,,,,,,,,,6,,,,,B03,,,1,,2,,,6,,1,22,,B03,120.748212,24.266048,3
2023,1,24,12,3,臺中市,梧棲區,0,0,0,,,,90,,,,,,,,,,,,,,,40,,,,,B03,,,1,,2,,,40,,1,4,,B03,120.524921,24.223762,3
2023,1,24,12,14,臺中市,西屯區,0,0,0,8,,,50,,,,,,,,,,,,,,,43,,,,,B03,,,1,,1,,,43,,1,22,,B03,120.655099,24.176111,3
2023,1,24,12,20,臺中市,南區,0,2,0,8,1,5,50,4,1,1,5,4,5,7,1,1,10,5,5,2,18,23,2,9,1,1,C03,7,6,1,10,2,12,,23,23,1,5,8,C03,120.683194,24.128839,2
2023,1,24,12,23,臺中市,太平區,0,0,0,8,,,50,,,,,,,,,,,,,,,23,,,,,C03,,,1,,2,,,23,23,1,21,,C03,120.719234,24.159384,3
2023,1,24,12,30,臺中市,北區,0,2,0,8,1,5,50,14,9,1,5,4,5,7,4,4,3,4,5,2,13,23,2,9,1,1,C03,7,12,1,10,2,11,,23,23,1,21,8,C03,120.668708,24.155886,2
2023,1,24,12,30,臺中市,東區,0,0,0,8,1,5,50,14,7,1,5,4,5,7,1,1,1,2,4,2,17,23,3,10,1,1,B03,7,9,1,8,2,1,,23,23,1,5,8,B03,120.694456,24.149744,3
2023,1,24,12,30,臺中市,北屯區,0,2,0,8,1,5,50,3,1,1,5,4,5,7,1,1,10,5,5,2,17,17,3,10,1,1,B03,7,9,1,8,2,2,,17,17,1,21,8,B03,120.696811,24.169133,2
2023,1,24,12,33,臺中市,霧峰區,0,0,0,8,1,5,50,4,2,1,5,4,5,7,1,1,5,5,4,1,13,23,,,,,B03,,,1,,2,,,23,,1,4,,B03,120.698686,24.064478,3
2023,1,24,12,34,臺中市,后里區,0,0,0,8,1,5,60,3,7,1,5,4,5,7,1,1,1,4,4,1,13,23,3,10,1,1,B12,7,9,1,8,2,1,,23,23,1,21,8,B12,120.723816,24.29747,3
2023,1,24,12,36,臺中市,西屯區,0,0,0,8,,,50,,,,,,,,,,,,,,,23,,,,,B03,,,1,,1,,,23,,1,22,,B03,120.624123,24.177991,3
2023,1,24,12,39,臺中市,西屯區,0,0,0,8,,,30,,,,,,,,,,,,,,,18,,,,,B03,,,1,,2,,,18,,1,22,,B03,120.66089,24.197775,3