年,月,日,時,分,縣市,區,死,受傷,2-30,天候,光線,道路類別,速限,道路型態,事故位置,路面鋪裝,路面狀態,路面缺陷,障礙物,視距,號誌種類,號誌動作,分向設施,快車道或一般車道間,快慢車道間,路面邊線,事故類型及型態,主要肇因,受傷程度,主要傷處,保護裝備,行動電話,當事者區分,車輛用途,當事者行動狀態,駕駛資格情形,駕駛執照種類,飲酒情形,車輛撞擊部位最初,車輛撞擊部位其他,肇事因素個別,肇事因素主要,肇事逃逸,職業,旅次目的,車種,GPS緯度,GPS經度,事故類別
2023,1,25,21,15,臺中市,西屯區,0,3,0,8,3,5,50,3,1,1,5,4,5,7,3,1,10,5,5,2,16,6,2,9,3,4,C03,7,5,1,10,2,14,,6,6,1,22,8,C03,120.652996,24.168748,2
2023,1,25,21,48,臺中市,太平區,0,0,0,8,,,50,,,,,,,,,,,,,,,26,,,,,B03,,,6,,2,,,26,,1,22,,B03,120.723464,24.149443,3
2023,1,25,21,50,臺中市,龍井區,0,0,0,8,,,30,,,,,,,,,,,,,,,43,,,,,B03,,,1,,11,,,38,43,1,22,,B03,120.578869,24.181287,3
2023,1,25,21,52,臺中市,北區,0,4,0,8,3,5,50,3,1,1,5,4,5,7,2,1,10,5,5,2,12,6,2,9,1,1,C03,7,5,1,10,2,14,,6,6,1,21,8,C03,120.686222,24.151727,2
2023,1,25,22,10,臺中市,大雅區,0,0,0,8,,,30,,,,,,,,,,,,,,,12,,,,,B03,,,1,,2,,,12,,1,22,,B03,120.644939,24.22975,3
2023,1,25,22,17,臺中市,烏日區,0,1,0,7,3,5,50,14,9,1,5,4,5,7,4,4,5,5,5,1,27,23,2,9,1,1,C03,7,9,1,10,2,11,14,23,23,1,21,8,C03,120.631693,24.045164,2
2023,1,25,22,20,臺中市,沙鹿區,0,0,0,8,,,50,,,,,,,,,,,,,,,44,,,,,C03,,,1,,10,,,44,,1,4,,C03,120.561283,24.240211,3
2023,1,25,22,22,臺中市,豐原區,0,2,0,8,1,5,50,4,1,1,5,4,5,7,3,1,10,5,5,2,17,8,2,9,1,1,C04,7,5,1,10,2,14,,8,8,1,22,8,C04,120.711902,24.259893,2
2023,1,25,22,28,臺中市,中區,0,0,0,,,,50,,,,,,,,,,,,,,,19,,,,,B12,,,1,,1,,,19,,1,5,,B12,120.674848,24.143517,3
2023,1,25,22,30,臺中市,西屯區,0,1,0,8,3,5,50,4,1,1,5,4,5,7,3,1,10,5,5,2,15,6,2,9,3,4,C03,7,9,1,10,2,14,,6,6,1,21,8,C03,120.647971,24.172328,2
2023,1,25,22,33,臺中市,東區,0,2,0,8,3,5,50,4,1,1,5,4,5,7,1,1,5,2,5,2,13,23,3,10,1,1,B03,7,9,1,8,2,1,,23,23,1,22,8,B03,120.711711,24.144358,2
2023,1,25,22,33,臺中市,西屯區,0,1,0,8,1,5,50,4,1,1,5,4,5,7,1,1,8,4,5,1,16,23,2,9,1,4,C03,7,9,1,10,1,11,,23,23,1,4,8,C03,120.647051,24.169118,2
2023,1,25,22,40,臺中市,大肚區,0,0,0,8,,,30,,,,,,,,,,,,,,,12,,,,,B03,,,1,,2,,,12,,1,4,,B03,120.557156,24.132687,3
2023,1,25,22,41,臺中市,大里區,0,1,0,8,3,5,40,14,9,1,5,4,5,7,4,4,1,5,5,1,16,6,3,10,1,1,B03,7,6,1,8,2,8,,6,6,1,22,8,B03,120.686311,24.106885,2
2023,1,25,22,45,臺中市,北區,0,1,0,8,3,5,50,5,2,1,5,4,5,7,2,1,3,3,3,2,16,23,2,9,3,4,C03,7,9,1,10,2,12,,23,23,1,22,9,C03,120.674033,24.164836,2
2023,1,25,22,45,臺中市,北屯區,0,0,0,8,,,50,,,,,,,,,,,,,,,18,,,,,B03,,,1,,1,,,18,,1,22,,B03,120.747185,24.193516,3
2023,1,25,22,51,臺中市,北區,0,1,0,8,3,5,50,4,9,1,5,4,5,7,1,1,5,4,5,2,12,7,2,9,1,1,C03,7,7,1,10,2,14,,7,7,1,5,5,C03,120.698285,24.155232,2
2023,1,25,22,53,臺中市,北屯區,0,2,0,8,3,5,50,3,1,1,5,4,5,7,4,4,3,4,5,2,18,23,2,9,1,1,C03,7,9,1,10,2,14,,23,23,1,22,8,C03,120.685063,24.167465,2
2023,1,25,23,4,臺中市,龍井區,0,0,0,8,,,50,,,,,,,,,,,,,,,6,,,,,B03,,,1,,2,,,6,,1,2,,B03,120.596601,24.188745,3
2023,1,25,23,12,臺中市,沙鹿區,0,0,0,8,,,50,,,,,,,,,,,,,,,6,,,,,C03,,,1,,2,,,6,,1,22,,C03,120.57343,24.223252,3
2023,1,25,23,18,臺中市,北區,0,1,0,8,3,5,50,4,2,1,5,4,5,7,2,1,3,2,3,1,13,23,2,9,3,4,C03,7,9,1,10,2,11,,23,23,1,22,9,C03,120.670529,24.162837,2
2023,1,25,23,28,臺中市,南屯區,0,1,0,8,1,5,50,4,1,1,5,4,5,7,1,1,3,2,4,2,18,43,2,9,3,4,C03,7,9,1,10,2,14,,43,43,1,22,8,C03,120.626349,24.140611,2
2023,1,25,23,29,臺中市,北區,0,1,0,8,3,5,50,3,2,1,5,4,5,7,1,1,1,4,4,2,26,23,2,9,1,1,B03,7,9,1,8,2,1,,23,23,1,5,5,B03,120.694284,24.159911,2
2023,1,25,23,41,臺中市,北屯區,0,0,0,8,,,50,,,,,,,,,,,,,,,12,,,,,B03,,,1,,2,,,12,,1,22,,B03,120.722384,24.17277,4
2023,1,25,23,46,臺中市,東區,0,0,0,8,,,50,,,,,,,,,,,,,,,23,,,,,B03,,,1,8,2,,,23,23,1,21,,B03,120.683056,24.134482,3
2023,1,25,23,48,臺中市,烏日區,0,0,0,8,,,60,,,,,,,,,,,,,,,12,,,,,B03,,,3,,2,,,12,,1,21,,B03,120.624544,24.104139,3
2023,1,25,23,50,臺中市,中區,0,1,0,8,3,5,50,4,1,1,5,4,5,7,2,1,10,5,5,2,11,23,3,10,1,1,B02,7,9,1,8,2,4,,23,23,1,5,5,B02,120.682212,24.135899,2
2023,1,25,23,50,臺中市,烏日區,0,1,0,7,3,5,50,4,1,1,5,4,5,7,1,1,1,2,3,1,16,25,3,10,1,1,B03,7,9,3,18,2,1,,25,25,1,21,8,B03,120.612661,24.102873,2
2023,1,25,23,51,臺中市,南屯區,0,0,0,,,,50,,,,,,,,,,,,,,,18,,,,,C03,,,1,,11,,,18,,1,22,,C03,120.645059,24.152403,3
2023,1,25,23,54,臺中市,西屯區,0,0,0,8,,,50,,,,,,,,,,,,,,,6,,,,,C03,,,1,,1,,,6,,1,22,,C03,120.64448,24.174631,3
2023,1,25,23,54,臺中市,西屯區,0,1,0,8,3,5,50,4,1,1,5,4,5,7,4,4,10,5,5,2,12,19,3,10,1,1,B03,7,1,1,8,2,7,,19,19,1,22,8,B03,120.650357,24.166707,2
2023,1,26,0,2,臺中市,西區,0,1,0,8,3,5,50,4,1,1,5,4,5,7,1,1,10,5,5,2,18,43,2,9,1,1,C03,7,9,1,10,2,15,,43,43,1,22,9,C03,120.663775,24.154648,2
2023,1,26,0,11,臺中市,南屯區,0,0,0,8,,,1,,,,,,,,,,,,,,,12,,,,,B03,,,1,,2,,,12,,1,22,,B03,120.646902,24.148869,3
2023,1,26,1,2,臺中市,豐原區,0,3,0,8,3,5,50,4,1,1,5,4,5,7,3,1,10,5,5,2,17,6,2,9,1,1,B03,7,9,1,8,2,4,,6,6,1,22,8,B03,120.714235,24.259393,2
2023,1,26,1,42,臺中市,南屯區,0,1,0,8,1,5,50,14,9,1,5,4,5,7,4,4,9,5,5,2,12,10,3,10,3,4,B03,7,11,1,8,2,4,,10,10,1,22,8,B03,120.626791,24.141133,2
2023,1,26,1,46,臺中市,西屯區,0,1,0,8,1,5,30,3,1,1,5,4,5,7,4,4,10,5,5,2,17,6,3,10,1,1,B03,7,5,1,8,2,1,,6,6,1,22,8,B03,120.65723,24.168308,2
2023,1,26,2,50,臺中市,南屯區,0,1,0,8,3,5,50,4,1,1,5,4,5,7,1,1,10,5,5,2,18,23,2,9,1,1,C03,7,6,1,10,2,12,,23,23,1,4,8,C03,120.628409,24.145055,2
2023,1,26,3,59,臺中市,太平區,0,2,0,8,3,5,50,3,1,1,5,4,5,7,4,4,10,5,5,2,16,6,3,10,3,4,C03,7,11,2,18,2,14,,6,6,1,16,8,C03,120.727154,24.154428,2
2023,1,26,4,33,臺中市,北屯區,0,0,0,8,1,5,50,14,8,1,5,4,5,7,4,4,5,4,4,2,13,23,3,10,1,1,B03,7,9,1,8,11,5,,23,23,2,22,8,B03,120.689595,24.165079,3
2023,1,26,5,51,臺中市,梧棲區,0,0,0,8,,,50,,,,,,,,,,,,,,,23,,,,,B03,,,1,,2,,,23,23,1,3,,B03,120.529166,24.254478,3
2023,1,26,6,41,臺中市,大安區,0,0,0,8,,,50,,,,,,,,,,,,,,,23,,,,,B03,,,1,,2,,,23,,1,22,,B03,120.603314,24.379524,3
2023,1,26,7,2,臺中市,西區,0,1,0,8,1,5,50,4,1,1,5,4,5,7,1,1,10,5,5,2,16,25,3,10,1,1,B03,7,5,1,8,2,2,,25,25,1,4,7,B03,120.659687,24.157317,2
2023,1,26,7,2,臺中市,太平區,0,2,0,8,1,5,50,4,1,1,5,4,5,7,2,1,10,5,5,2,15,25,2,9,1,1,C03,7,9,1,10,2,11,,25,25,1,5,8,C03,120.714847,24.140286,2
2023,1,26,7,10,臺中市,大雅區,0,1,0,8,1,5,50,4,1,1,5,4,5,7,1,1,10,4,5,1,16,19,3,10,1,1,B03,7,1,1,8,2,4,,19,19,1,22,9,B03,120.628056,24.241677,2
2023,1,26,7,17,臺中市,南屯區,0,0,0,8,1,5,50,4,2,1,5,4,5,7,1,1,5,4,5,2,16,23,3,10,1,1,B03,7,6,1,8,2,8,,23,23,1,22,8,B03,120.633946,24.146191,3
2023,1,26,7,30,臺中市,沙鹿區,0,0,0,8,,,40,,,,,,,,,,,,,,,18,,,,,B03,,,1,,2,,,18,,1,4,,B03,120.558573,24.234697,3
2023,1,26,8,9,臺中市,東區,0,2,0,8,1,5,50,4,1,1,5,4,5,7,1,1,10,5,5,2,16,25,2,1,1,1,C03,7,6,1,10,2,14,,25,25,1,5,8,C03,120.704754,24.130663,2
2023,1,26,8,9,臺中市,沙鹿區,1,0,0,8,1,5,30,14,9,1,5,4,5,7,4,4,10,5,5,2,19,43,1,1,1,1,C03,7,9,6,10,2,11,,43,43,1,21,8,C03,120.570539,24.251312,1
2023,1,26,8,10,臺中市,南區,0,1,0,8,1,5,25,4,1,1,5,4,5,7,2,1,10,5,5,2,15,43,2,8,1,1,F03,7,9,8,20,2,16,,43,43,1,21,8,F03,120.679438,24.124016,2
2023,1,26,8,15,臺中市,北屯區,0,2,0,8,1,5,30,4,1,1,5,4,5,7,4,4,10,5,5,2,15,6,2,9,1,1,C03,7,9,1,10,2,12,,6,6,1,21,8,C03,120.66387,24.187561,2
2023,1,26,8,22,臺中市,北屯區,0,0,0,8,,,50,,,,,,,,,,,,,,,19,,,,,B03,,,1,,2,,,19,,1,21,,B03,120.702246,24.18483,3
2023,1,26,8,27,臺中市,南屯區,0,2,0,8,1,5,50,4,1,1,5,4,5,7,1,1,5,2,5,2,15,23,3,10,3,4,B03,7,9,1,8,2,8,,23,23,1,4,9,B03,120.631514,24.122126,2
2023,1,26,8,37,臺中市,太平區,0,2,0,8,1,5,50,3,1,1,5,4,5,7,4,4,10,5,5,1,12,19,2,8,1,1,C03,7,1,1,10,2,13,,19,19,1,19,8,C03,120.726802,24.14992,2
2023,1,26,8,40,臺中市,豐原區,0,0,0,8,,,50,,,,,,,,,,,,,,,23,,,,,C03,,,1,,2,,,23,,1,22,,C03,120.718082,24.243947,3
2023,1,26,8,46,臺中市,北屯區,0,0,0,8,,,50,,,,,,,,,,,,,,,6,,,,,B01,,,1,,1,,,6,,1,22,,B01,120.695482,24.165253,3
2023,1,26,9,20,臺中市,西區,0,0,0,,,,,,,,,,,,,,,,,,,43,,,,,B03,,,8,,10,,,44,43,1,20,,B03,120.660852,24.14554,3
2023,1,26,9,24,臺中市,太平區,0,1,0,8,1,5,50,4,1,1,5,4,5,7,4,4,10,5,5,2,15,6,3,10,1,1,C03,7,9,1,10,2,12,,6,6,1,4,8,C03,120.712817,24.14119,2
2023,1,26,9,26,臺中市,東區,0,1,0,8,1,5,50,5,1,1,5,4,5,7,1,1,10,5,5,2,12,25,3,10,1,1,B03,7,9,1,8,2,5,,25,25,1,5,8,B03,120.692484,24.147902,2
2023,1,26,9,30,臺中市,神岡區,0,0,0,8,,,50,,,,,,,,,,,,,,,16,,,,,B03,,,1,,1,,,16,,1,22,,B03,120.660636,24.268738,3
2023,1,26,9,40,臺中市,北區,0,1,0,8,1,5,50,14,7,1,5,4,5,7,4,4,5,4,5,2,12,7,2,9,1,1,C03,7,7,1,10,2,14,,7,7,1,22,8,C03,120.681125,24.158767,2
2023,1,26,9,40,臺中市,神岡區,0,1,0,8,1,5,50,3,18,1,5,4,5,7,1,1,5,5,4,2,3,23,3,10,1,1,B03,7,6,1,8,2,1,,23,23,1,21,8,B03,120.703501,24.262186,2
2023,1,26,9,52,臺中市,烏日區,0,1,0,8,1,5,50,4,1,1,5,4,5,7,4,4,10,5,5,2,16,6,2,9,1,1,C03,7,9,1,10,2,11,,6,6,1,22,8,C03,120.634865,24.110685,2
2023,1,26,9,55,臺中市,大雅區,0,0,0,8,,,30,,,,,,,,,,,,,,,12,,,,,A12,,,1,,2,,,12,,1,22,,A12,120.649907,24.233477,4
2023,1,26,10,16,臺中市,西屯區,0,0,0,8,,,1,,,,,,,,,,,,,,,12,,,,,C03,,,1,,1,,,12,,1,22,,C03,120.643535,24.17262,3
2023,1,26,10,16,臺中市,龍井區,0,1,0,8,1,5,50,4,2,1,5,4,5,7,1,1,10,5,5,2,23,23,2,8,1,1,C03,7,6,1,10,2,11,,23,23,1,4,6,C03,120.585748,24.18628,2
2023,1,26,10,16,臺中市,外埔區,0,0,0,8,,,30,,,,,,,,,,,,,,,6,,,,,B12,,,1,,1,,,6,,1,18,,B12,120.653867,24.318792,3
2023,1,26,10,19,臺中市,西屯區,0,0,0,8,,,50,,,,,,,,,,,,,,,16,,,,,B03,,,1,,1,,,16,,1,22,,B03,120.65777,24.15806,3
2023,1,26,10,20,臺中市,烏日區,0,1,0,8,1,5,50,14,7,1,5,4,5,7,4,4,9,4,4,2,17,40,3,10,1,1,B12,7,13,1,8,2,4,,40,40,1,4,8,B12,120.641856,24.107943,2
2023,1,26,10,21,臺中市,北屯區,0,0,0,8,,,50,,,,,,,,,,,,,,,19,,,,,B03,,,1,,2,,,19,,1,21,,B03,120.691153,24.175289,3
2023,1,26,10,23,臺中市,北屯區,0,2,0,8,1,5,50,4,1,1,5,4,5,7,4,4,10,5,5,2,17,43,2,7,3,4,C03,7,5,1,10,2,11,,43,43,1,21,8,C03,120.665522,24.184152,2
2023,1,26,10,24,臺中市,東區,0,3,0,8,1,5,50,4,1,1,5,4,5,7,4,4,10,5,5,2,17,43,2,9,3,4,C03,7,9,1,10,2,11,,43,43,1,5,8,C03,120.697178,24.140828,2
2023,1,26,10,26,臺中市,烏日區,0,0,0,8,,,40,,,,,,,,,,,,,,,23,,,,,B03,,,1,,2,,,23,,1,22,,B03,120.618033,24.117613,3
2023,1,26,10,27,臺中市,南屯區,0,3,0,8,1,5,50,4,2,1,5,4,5,7,4,4,5,5,5,2,16,6,2,9,1,1,C03,7,9,1,10,2,11,,6,6,1,22,8,C03,120.638908,24.139463,2
2023,1,26,10,34,臺中市,西區,0,1,0,8,1,5,30,4,1,1,5,4,5,7,4,4,10,5,5,2,15,6,2,9,3,4,C03,7,9,1,10,2,14,,6,6,1,21,8,C03,120.659458,24.14554,2
2023,1,26,10,40,臺中市,北屯區,0,1,0,8,1,5,50,14,9,1,5,4,5,7,4,4,10,5,5,2,29,23,2,1,1,1,B03,7,9,1,8,2,8,,23,23,1,21,8,B03,120.693063,24.177193,2
2023,1,26,10,40,臺中市,大里區,0,1,0,8,1,5,50,3,2,1,5,4,5,7,4,4,5,4,4,2,12,23,3,10,1,1,B03,7,9,1,8,2,2,,23,23,1,5,8,B03,120.682221,24.096624,2
2023,1,26,10,45,臺中市,大里區,0,1,0,8,1,5,50,4,2,1,5,4,5,7,1,1,5,4,5,1,17,25,2,9,1,1,C03,7,1,1,10,2,14,,25,25,1,22,8,C03,120.690129,24.109981,2
2023,1,26,10,56,臺中市,大甲區,0,1,0,8,1,5,50,4,1,1,5,4,5,7,4,4,10,5,5,2,15,6,3,10,1,1,B03,7,9,1,8,2,2,,6,6,1,4,1,B03,120.627474,24.417813,2
2023,1,26,11,2,臺中市,大雅區,0,2,0,8,1,5,50,14,7,1,5,4,5,7,4,4,5,5,4,1,3,23,2,8,1,1,C03,7,9,1,10,2,11,,23,23,1,22,9,C03,120.648131,24.220348,2
2023,1,26,11,2,臺中市,南屯區,0,2,0,8,1,5,40,4,1,1,5,4,5,7,1,1,10,5,5,2,16,6,3,10,1,1,B03,7,6,1,8,2,2,,6,6,1,22,8,B03,120.650642,24.150953,2
2023,1,26,11,6,臺中市,西屯區,0,1,0,8,1,5,50,4,1,1,5,4,5,7,1,1,10,5,5,2,15,25,3,10,1,1,B03,7,9,1,8,2,2,,25,25,1,22,8,B03,120.661943,24.176306,2
2023,1,26,11,7,臺中市,潭子區,0,0,0,8,,,80,,,,,,,,,,,,,,,16,,,,,B03,,,1,,2,,,16,,1,22,,B03,120.696555,24.201,3
2023,1,26,11,13,臺中市,北屯區,0,0,0,8,,,50,,,,,,,,,,,,,,,16,,,,,B03,,,1,,1,,,16,,1,21,,B03,120.747911,24.196236,3
2023,1,26,11,15,臺中市,南區,0,0,0,8,,,50,,,,,,,,,,,,,,,23,,,,,B03,,,1,,2,,,23,,1,22,,B03,120.652731,24.110536,3
2023,1,26,11,16,臺中市,西屯區,0,1,0,8,1,5,50,14,7,1,5,4,5,7,4,4,1,4,4,2,17,23,3,10,3,4,B03,7,9,1,10,1,1,,23,23,1,22,9,B03,120.654361,24.201365,2
2023,1,26,11,17,臺中市,西屯區,0,0,0,8,,,1,,,,,,,,,,,,,,,19,,,,,B03,,,1,,1,,,19,,1,22,,B03,120.607406,24.187364,3
2023,1,26,11,19,臺中市,西屯區,0,0,0,8,,,60,,,,,,,,,,,,,,,23,,,,,B03,,,1,,1,,,23,,1,22,,B03,120.641441,24.167213,3
2023,1,26,11,20,臺中市,大里區,0,2,0,8,1,5,40,14,13,1,5,4,5,7,4,4,10,4,4,1,17,23,2,9,1,1,C03,7,9,1,10,2,11,,23,23,1,21,1,C03,120.664812,24.092101,2
2023,1,26,11,22,臺中市,太平區,0,1,0,8,1,5,30,4,1,1,5,4,5,7,4,4,10,5,5,2,16,6,3,10,1,1,B03,7,9,1,8,2,2,,6,6,1,22,8,B03,120.732094,24.150222,2
2023,1,26,11,28,臺中市,烏日區,0,1,0,8,1,5,50,3,1,1,5,4,5,7,1,1,10,5,5,2,17,27,2,5,1,1,C03,7,5,1,10,2,14,,27,8,1,19,8,C03,120.638881,24.104926,2
2023,1,26,11,29,臺中市,豐原區,0,0,0,,,,50,,,,,,,,,,,,,,,23,,,,,B11,,,1,,2,,,23,,1,22,,B11,120.721835,24.257468,3
2023,1,26,11,30,臺中市,神岡區,0,0,0,8,,,50,,,,,,,,,,,,,,,42,,,,,B03,,,1,,1,,,42,42,1,22,,B03,120.676822,24.287982,3
2023,1,26,11,35,臺中市,西屯區,0,0,0,8,,,40,,,,,,,,,,,,,,,42,,,,,B03,,,1,,1,,,42,,1,22,,B03,120.649486,24.192056,3
2023,1,26,11,39,臺中市,北屯區,0,0,0,8,,,50,,,,,,,,,,,,,,,12,,,,,B03,,,1,,2,,,12,,1,21,,B03,120.7063,24.175962,3
2023,1,26,11,40,臺中市,西區,0,2,0,8,1,5,50,4,1,1,5,4,5,7,4,4,10,5,5,2,15,6,2,9,1,1,C03,7,9,1,10,2,11,,6,6,1,5,7,C03,120.657926,24.14555,2
2023,1,26,11,40,臺中市,東區,0,0,0,,,,50,,,,,,,,,,,,,,,6,,,,,B02,,,1,,2,,,6,,1,5,,B02,120.70607,24.141133,3
2023,1,26,11,45,臺中市,北屯區,0,1,0,8,1,5,50,5,1,1,5,4,5,7,1,1,10,5,5,2,17,26,3,10,3,4,B03,7,6,1,8,2,2,,26,26,1,21,8,B03,120.686201,24.188836,2
2023,1,26,11,46,臺中市,大甲區,0,0,0,,,,40,,,,,,,,,,,,,,,17,,,,,B03,,,1,,2,,,17,17,1,22,,B03,120.617281,24.346886,3
2023,1,26,11,47,臺中市,烏日區,0,0,0,8,1,5,30,14,9,1,5,4,5,7,4,4,10,5,5,2,17,42,,,,,B12,,,1,,2,,,42,,1,22,,B12,120.633604,24.105273,3
2023,1,26,11,49,臺中市,東區,0,0,0,8,1,5,50,5,1,1,5,4,5,7,1,1,10,5,5,2,16,26,3,10,1,1,C03,7,5,1,10,2,14,,26,26,1,5,8,C03,120.696196,24.140548,3
2023,1,26,11,49,臺中市,大肚區,0,1,0,8,1,5,30,13,9,1,5,4,5,7,4,4,10,5,5,2,16,8,3,10,1,1,B03,7,5,1,8,2,8,,8,8,1,21,8,B03,120.582307,24.121302,2
2023,1,26,11,50,臺中市,西屯區,0,0,0,8,,,50,,,,,,,,,,,,,,,6,,,,,B03,,,1,,1,,,6,,1,22,,B03,120.667256,24.173701,3
2023,1,26,11,55,臺中市,龍井區,0,0,0,8,,,30,,,,,,,,,,,,,,,23,,,,,B03,,,1,,2,,,23,,1,12,,B03,120.547285,24.194629,3
2023,1,26,11,59,臺中市,西屯區,0,0,0,8,,,40,,,,,,,,,,,,,,,23,,,,,B03,,,1,,1,,,23,,1,22,,B03,120.642608,24.166394,3
2023,1,26,12,5,臺中市,西屯區,0,3,0,8,1,5,50,4,3,1,5,4,5,7,1,1,10,5,5,2,17,16,2,9,3,4,C03,7,9,1,10,2,11,,16,16,1,22,9,C03,120.646454,24.164454,2
2023,1,26,12,25,臺中市,沙鹿區,0,2,0,8,1,5,50,3,1,1,5,4,5,7,2,1,10,5,5,2,13,23,2,7,1,1,A04,7,5,1,1,2,1,,23,23,1,10,4,A04,120.599681,24.255124,2
2023,1,26,12,25,臺中市,東勢區,0,0,0,8,,,60,,,,,,,,,,,,,,,23,,,,,B03,,,1,,2,,,23,,1,21,,B03,120.823445,24.268896,3
2023,1,26,12,27,臺中市,神岡區,0,2,0,8,1,5,50,3,1,1,5,4,5,7,4,4,5,5,5,1,27,67,,,,,,,,,,,,,67,67,1,,,,120.697578,24.235863,2
2023,1,26,12,36,臺中市,西屯區,0,3,0,8,1,5,50,4,1,1,5,4,5,7,1,1,10,5,5,2,16,8,2,7,3,4,C03,7,5,1,10,2,13,,8,8,1,22,8,C03,120.655135,24.164398,2
2023,1,26,12,43,臺中市,大甲區,0,0,0,8,,,50,,,,,,,,,,,,,,,23,,,,,B03,,,1,,1,,,23,,1,4,,B03,120.627374,24.417958,3
2023,1,26,12,45,臺中市,西屯區,0,1,0,8,1,5,50,4,1,1,5,4,5,7,1,1,10,5,5,2,16,26,2,8,3,4,C03,7,6,1,10,2,11,,26,26,1,22,8,C03,120.649796,24.162755,2
2023,1,26,12,46,臺中市,霧峰區,0,0,0,8,,,50,,,,,,,,,,,,,,,23,,,,,B03,,,1,,2,,,23,,1,22,,B03,120.6963,24.054327,3
2023,1,26,12,47,臺中市,北屯區,0,0,0,8,,,50,,,,,,,,,,,,,,,25,,,,,B03,,,1,,1,,,25,,1,21,,B03,120.686628,24.20151,3
2023,1,26,12,48,臺中市,南屯區,0,2,0,8,1,5,50,4,2,1,5,4,5,7,2,1,3,4,5,2,16,42,3,10,3,4,C03,7,1,1,10,2,11,,42,42,1,4,9,C03,120.649958,24.150951,2
2023,1,26,12,49,臺中市,西區,0,0,0,8,1,5,40,4,1,1,5,4,5,7,1,1,10,5,5,2,17,9,,,,,B03,,,1,,2,,,9,,1,4,,B03,120.659687,24.157317,3
2023,1,26,12,55,臺中市,北屯區,0,1,0,8,1,5,50,14,9,1,5,4,5,7,4,4,1,4,5,2,16,7,3,10,1,1,B03,7,8,1,7,2,6,,7,7,1,20,8,B03,120.686018,24.184004,2
2023,1,26,12,55,臺中市,西屯區,0,0,0,8,,,30,,,,,,,,,,,,,,,17,,,,,B03,,,1,,2,,,17,,1,22,,B03,120.596341,24.194311,3
2023,1,26,12,56,臺中市,東區,0,1,0,8,1,5,50,3,1,1,5,4,5,7,4,4,10,5,5,2,16,6,3,10,3,4,C03,7,5,1,10,2,12,,6,6,1,5,8,C03,120.697385,24.140898,2
2023,1,26,12,58,臺中市,大里區,0,2,0,8,1,5,50,4,1,1,5,4,5,7,2,2,1,3,4,1,17,22,3,10,1,1,B03,7,9,1,8,2,5,,22,22,1,5,8,B03,120.68398,24.104083,2
2023,1,26,12,58,臺中市,后里區,0,1,0,8,1,5,50,14,9,1,5,4,5,7,4,4,9,5,5,1,16,6,3,10,1,1,B03,7,6,1,8,2,2,,6,6,1,21,1,B03,120.69639,24.312963,2
2023,1,26,13,0,臺中市,清水區,0,0,0,8,,,50,,,,,,,,,,,,,,,17,,,,,B03,,,1,,2,,,17,,1,21,,B03,120.575318,24.272129,3
2023,1,26,13,6,臺中市,南屯區,0,2,0,8,1,5,50,4,1,1,5,4,5,7,2,1,5,4,5,2,16,6,2,1,1,4,B03,7,5,1,8,2,5,,6,6,1,22,8,B03,120.643921,24.13821,2
2023,1,26,13,10,臺中市,西區,0,1,0,8,1,5,50,14,9,1,5,4,5,7,4,4,10,5,5,2,6,44,3,10,1,1,C03,7,9,1,10,2,15,,44,44,1,20,8,C03,120.666971,24.130527,2
2023,1,26,13,10,臺中市,烏日區,0,1,0,8,1,5,30,4,1,1,5,4,5,7,4,4,10,5,5,2,15,6,2,8,1,1,C03,7,9,1,10,2,11,,6,6,1,4,8,C03,120.63492,24.110595,2
2023,1,26,13,10,臺中市,清水區,0,0,0,,,,50,,,,,,,,,,,,,,,12,,,,,B03,,,1,,2,,,12,,1,5,,B03,120.578943,24.27087,3
2023,1,26,13,15,臺中市,大雅區,0,1,0,8,1,5,50,3,1,1,5,4,5,7,3,1,9,4,5,1,17,23,2,9,1,1,C03,7,9,1,10,2,12,,23,23,1,22,9,C03,120.648815,24.218744,2
2023,1,26,13,24,臺中市,神岡區,0,2,0,8,1,5,50,3,1,1,5,4,5,7,1,1,1,4,4,2,16,25,2,9,1,1,C03,7,9,1,10,2,11,,25,25,1,22,8,C03,120.698628,24.248922,2
2023,1,26,13,25,臺中市,龍井區,0,2,0,8,1,5,30,3,1,1,5,4,5,7,4,4,10,5,5,1,17,6,3,10,3,4,B03,7,5,1,7,2,8,,6,6,1,10,7,B03,120.539346,24.193795,2
2023,1,26,13,30,臺中市,東區,0,0,0,,,,50,,,,,,,,,,,,,,,26,,,,,B03,,,1,,2,,,26,,1,5,,B03,120.700062,24.140438,3
2023,1,26,13,33,臺中市,西屯區,0,0,0,8,,,50,,,,,,,,,,,,,,,16,,,,,B03,,,1,,1,,,16,,1,22,,B03,120.640258,24.158048,3
2023,1,26,13,34,臺中市,沙鹿區,0,2,0,8,1,5,50,5,2,1,5,4,5,7,1,1,8,3,4,1,17,23,2,9,3,4,F03,7,9,8,20,2,16,,23,23,1,22,8,F03,120.569549,24.237061,2