年,月,日,時,分,縣市,區,死,受傷,2-30,天候,光線,道路類別,速限,道路型態,事故位置,路面鋪裝,路面狀態,路面缺陷,障礙物,視距,號誌種類,號誌動作,分向設施,快車道或一般車道間,快慢車道間,路面邊線,事故類型及型態,主要肇因,受傷程度,主要傷處,保護裝備,行動電話,當事者區分,車輛用途,當事者行動狀態,駕駛資格情形,駕駛執照種類,飲酒情形,車輛撞擊部位最初,車輛撞擊部位其他,肇事因素個別,肇事因素主要,肇事逃逸,職業,旅次目的,車種,GPS緯度,GPS經度,事故類別
2023,1,26,13,35,臺中市,西屯區,0,1,0,8,1,5,50,3,1,1,5,4,5,7,4,4,10,5,5,2,16,19,3,10,3,4,B03,7,1,1,8,2,8,,19,19,1,22,8,B03,120.627533,24.182821,2
2023,1,26,13,39,臺中市,豐原區,0,1,0,8,4,5,30,14,9,1,5,4,5,7,4,4,10,5,5,2,17,40,3,10,1,1,B11,7,13,1,4,2,8,,40,40,1,22,8,B11,120.716337,24.252305,2
2023,1,26,13,40,臺中市,大里區,0,1,0,8,1,5,50,4,1,1,5,4,5,7,1,1,5,4,5,1,17,42,2,9,1,1,C03,7,9,1,10,2,14,,42,42,1,22,7,C03,120.689562,24.116391,2
2023,1,26,13,40,臺中市,新社區,0,1,0,8,1,5,50,4,2,1,5,4,5,7,4,4,4,3,5,1,16,6,2,9,1,1,C03,7,5,1,10,2,12,,6,6,1,22,9,C03,120.795935,24.217474,2
2023,1,26,13,40,臺中市,神岡區,0,0,0,8,,,50,,,,,,,,,,,,,,,23,,,,,B03,,,1,,1,,,23,,1,21,,B03,120.658576,24.267126,3
2023,1,26,13,42,臺中市,新社區,0,0,0,8,,,50,,,,,,,,,,,,,,,23,,,,,C01,,,1,,2,,,23,,1,21,,C01,120.793868,24.205779,3
2023,1,26,13,49,臺中市,潭子區,0,0,0,8,,,60,,,,,,,,,,,,,,,19,,,,,B03,,,5,,2,,,19,,1,22,,B03,120.690061,24.224983,3
2023,1,26,13,50,臺中市,北區,0,1,0,8,1,5,30,4,1,1,5,4,5,7,4,4,5,5,5,2,3,23,3,10,1,1,B03,7,5,1,8,2,8,,23,23,1,21,8,B03,120.679622,24.151407,2
2023,1,26,13,54,臺中市,潭子區,0,1,0,8,1,5,60,14,8,1,5,4,5,7,4,4,1,4,4,1,13,16,2,8,1,1,C03,7,9,1,10,2,11,,16,16,1,22,8,C03,120.705096,24.211173,2
2023,1,26,13,55,臺中市,石岡區,0,1,0,8,1,5,30,14,9,1,5,4,5,7,4,4,10,5,5,1,17,23,2,9,3,4,C03,7,9,1,10,2,11,,23,23,1,21,8,C03,120.78764,24.262973,2
2023,1,26,14,0,臺中市,西屯區,0,0,0,8,,,60,,,,,,,,,,,,,,,23,,,,,B03,,,1,,2,,,23,,1,22,,B03,120.606797,24.1839,3
2023,1,26,14,2,臺中市,南屯區,0,0,0,,,,50,,,,,,,,,,,,,,,18,,,,,B03,,,1,,1,,,18,18,1,22,,B03,120.649632,24.144333,3
2023,1,26,14,2,臺中市,南屯區,0,0,0,8,,,50,,,,,,,,,,,,,,,17,,,,,B03,,,1,,2,,,17,,1,22,,B03,120.636882,24.151288,3
2023,1,26,14,3,臺中市,大甲區,0,3,0,8,1,5,50,4,1,1,5,4,5,7,1,1,10,5,5,2,16,6,2,9,1,1,C03,7,5,1,10,2,11,,6,6,1,4,1,C03,120.619239,24.340591,2
2023,1,26,14,10,臺中市,西屯區,0,1,0,8,1,5,50,4,1,1,5,4,5,7,1,1,10,5,5,2,16,25,2,9,3,4,H01,7,9,8,20,2,16,,25,25,1,22,8,H01,120.6429,24.177155,2
2023,1,26,14,15,臺中市,北屯區,0,1,0,8,1,5,50,4,1,1,5,4,5,7,1,1,10,5,5,2,13,13,2,9,3,4,C03,7,9,1,10,2,11,,13,16,1,21,8,C03,120.685766,24.17253,2
2023,1,26,14,20,臺中市,南屯區,0,0,0,,,,40,,,,,,,,,,,,,,,17,,,,,B03,,,1,,2,,,17,,1,22,,B03,120.646016,24.150667,3
2023,1,26,14,20,臺中市,西屯區,0,0,0,8,,,50,,,,,,,,,,,,,,,17,,,,,B03,,,1,,1,,,17,17,1,22,,B03,120.640913,24.176202,3
2023,1,26,14,21,臺中市,北區,0,0,0,8,,,50,,,,,,,,,,,,,,,23,,,,,B03,,,1,,2,,,23,,1,5,,B03,120.668072,24.159227,3
2023,1,26,14,27,臺中市,東區,0,2,0,8,1,5,30,4,1,1,5,4,5,7,4,4,10,5,5,2,15,6,2,9,1,1,C03,7,9,1,10,2,11,,6,6,1,21,8,C03,120.695606,24.14414,2
2023,1,26,14,28,臺中市,西屯區,0,0,0,8,1,5,50,4,1,1,5,4,5,7,1,1,10,5,5,2,18,42,3,10,3,4,C03,7,6,1,10,6,15,,42,42,1,22,9,C03,120.629336,24.183726,3
2023,1,26,14,29,臺中市,潭子區,0,1,0,8,1,5,50,14,13,1,5,4,5,7,4,4,5,2,5,1,13,23,2,9,1,1,B03,7,9,1,8,2,1,,23,23,1,22,8,B03,120.72054,24.195081,2
2023,1,26,14,32,臺中市,太平區,0,0,0,8,,,30,,,,,,,,,,,,,,,12,,,,,A12,,,1,,2,,,12,,1,22,,A12,120.731063,24.095638,3
2023,1,26,14,32,臺中市,和平區,0,2,0,8,1,5,30,14,9,1,5,4,5,7,4,4,10,5,5,1,12,1,2,9,1,1,C03,7,4,1,10,2,14,,1,1,1,22,9,C03,121.260435,24.254459,2
2023,1,26,14,36,臺中市,西區,0,0,0,8,1,5,50,4,1,1,5,4,5,7,4,4,10,5,5,2,17,19,,,,,B03,,,1,,1,,,19,,1,4,,B03,120.661768,24.154714,3
2023,1,26,14,41,臺中市,中區,0,0,0,,,,50,,,,,,,,,,,,,,,23,,,,,B01,,,1,,1,,,23,,1,20,,B01,120.685949,24.140137,3
2023,1,26,14,43,臺中市,豐原區,0,0,0,,,,50,,,,,,,,,,,,,,,16,,,,,B03,,,1,,2,,,16,,1,22,,B03,120.757082,24.27568,3
2023,1,26,14,47,臺中市,北屯區,0,1,0,8,1,5,50,14,9,1,5,4,5,7,4,4,10,5,5,2,16,23,2,9,1,1,C03,7,9,1,10,11,14,,23,23,1,22,9,C03,120.692415,24.183285,2
2023,1,26,14,52,臺中市,梧棲區,0,2,0,8,1,5,70,14,8,1,5,4,5,7,4,4,1,4,1,1,16,9,3,10,1,1,B03,7,6,1,8,2,5,,9,9,1,5,8,B03,120.553554,24.243823,2
2023,1,26,14,54,臺中市,南屯區,0,0,0,8,1,5,50,14,7,1,5,4,5,7,4,4,1,2,5,2,13,42,3,10,1,1,B03,7,9,1,8,1,1,,42,42,1,22,8,B03,120.652724,24.150738,3
2023,1,26,14,54,臺中市,烏日區,0,1,0,8,1,5,50,4,9,1,5,4,5,7,1,1,1,4,5,1,16,7,2,9,1,1,C03,7,9,1,10,2,11,,23,7,1,22,8,C03,120.624158,24.104055,2
2023,1,26,14,57,臺中市,神岡區,0,1,0,8,1,5,50,3,1,1,5,4,5,7,1,1,5,4,4,2,15,25,3,10,1,1,B03,7,9,1,7,2,1,,25,25,1,22,8,B03,120.658554,24.267063,2
2023,1,26,15,5,臺中市,西屯區,0,1,0,8,1,5,50,3,2,1,5,4,5,7,4,4,1,2,5,2,12,23,3,10,1,1,B03,7,9,1,8,2,4,,23,23,1,22,8,B03,120.65741,24.200554,2
2023,1,26,15,5,臺中市,新社區,0,0,0,8,,,40,,,,,,,,,,,,,,,26,,,,,C03,,,1,,2,,,26,26,1,22,,C03,120.820695,24.172888,3
2023,1,26,15,9,臺中市,西屯區,0,1,0,8,1,5,50,4,1,1,5,4,5,7,1,1,8,4,5,1,13,16,2,9,1,4,C03,7,9,6,10,2,11,,16,16,1,4,8,C03,120.654582,24.156886,2
2023,1,26,15,17,臺中市,烏日區,0,2,0,8,1,5,50,14,9,1,5,4,5,7,4,4,9,5,5,2,17,8,2,9,1,1,C03,7,9,1,10,2,11,,23,8,1,2,8,C03,120.60224,24.109121,2
2023,1,26,15,20,臺中市,北屯區,0,1,0,8,1,5,50,5,2,1,5,4,5,7,2,1,10,5,5,2,11,8,2,7,1,1,C03,7,5,1,10,1,14,,8,8,1,21,8,C03,120.712218,24.182384,2
2023,1,26,15,22,臺中市,霧峰區,0,1,0,8,1,5,60,14,9,1,5,4,5,7,4,4,1,3,1,1,13,23,3,10,1,1,C03,7,9,1,10,2,11,,23,23,1,21,8,C03,120.687629,24.08513,2
2023,1,26,15,26,臺中市,南區,0,0,0,8,,,50,,,,,,,,,,,,,,,42,,,,,B03,,,1,8,2,,,42,42,1,5,,B03,120.669971,24.114308,3
2023,1,26,15,30,臺中市,西區,0,0,0,8,,,50,,,,,,,,,,,,,,,23,,,,,B12,,,1,8,1,,,23,23,1,22,,B12,120.661633,24.159189,3
2023,1,26,15,31,臺中市,北區,0,0,0,8,,,50,,,,,,,,,,,,,,,23,,,,,C03,,,1,,1,,,23,,1,5,,C03,120.686252,24.15482,3
2023,1,26,15,35,臺中市,太平區,0,0,0,8,,,50,,,,,,,,,,,,,,,23,,,,,B03,,,1,,2,,,23,,1,22,,B03,120.714577,24.143319,3
2023,1,26,15,37,臺中市,北屯區,0,4,0,8,1,5,50,3,2,1,5,4,5,7,1,1,10,5,5,2,13,23,2,9,1,1,C03,7,9,4,8,5,14,12,23,23,1,22,8,C03,120.715018,24.174143,2
2023,1,26,15,38,臺中市,大里區,0,1,0,8,1,5,50,4,9,1,5,4,5,7,1,1,1,3,1,1,15,25,3,10,1,1,B03,7,9,1,8,2,4,,25,25,1,5,8,B03,120.687737,24.085859,2
2023,1,26,15,40,臺中市,大里區,0,1,0,8,1,5,50,4,1,1,5,4,5,7,1,1,10,5,5,2,12,6,3,10,1,1,B12,7,6,1,8,2,5,,6,6,1,9,8,B12,120.68656,24.095602,2
2023,1,26,15,46,臺中市,東區,0,2,0,8,1,5,50,4,9,1,5,4,5,7,4,4,5,5,5,2,15,6,3,10,3,4,B03,7,9,1,8,2,7,,6,6,1,22,8,B03,120.70339,24.141028,2
2023,1,26,15,48,臺中市,霧峰區,0,1,0,8,1,5,60,4,1,1,5,4,5,7,1,1,10,5,5,2,17,6,3,10,3,4,B12,7,5,1,7,2,6,,6,6,1,21,5,B12,120.693181,24.037941,2
2023,1,26,15,49,臺中市,大里區,0,1,0,8,1,5,50,14,18,1,5,4,5,7,1,1,5,5,5,1,3,15,3,10,1,1,B03,7,5,1,8,2,1,,15,15,1,22,8,B03,120.694774,24.111463,2
2023,1,26,15,50,臺中市,北區,0,1,0,8,1,5,40,14,7,1,5,4,5,7,4,4,9,5,4,2,16,10,3,10,1,1,B03,7,11,1,8,2,4,8,10,10,1,22,8,B03,120.691766,24.151913,2
2023,1,26,15,50,臺中市,西屯區,0,2,0,8,1,5,50,3,7,1,5,4,5,7,1,1,5,4,4,2,13,16,2,9,3,4,C03,7,9,3,18,2,11,,16,16,1,22,8,C03,120.61806,24.162274,2
2023,1,26,15,52,臺中市,北屯區,0,1,0,8,1,5,30,14,9,1,5,4,5,7,4,4,10,5,5,2,10,5,2,7,1,1,C03,7,9,1,10,2,11,,5,5,1,22,8,C03,120.723476,24.177279,2
2023,1,26,15,57,臺中市,大里區,0,0,0,8,,,50,,,,,,,,,,,,,,,23,,,,,B03,,,1,,2,,,23,,1,21,,B03,120.693091,24.090555,3
2023,1,26,16,0,臺中市,大雅區,0,2,0,8,1,5,50,3,1,1,5,4,5,7,1,1,9,4,4,1,17,6,3,10,1,1,B03,7,6,1,8,2,2,,6,6,1,22,9,B03,120.649867,24.212687,2
2023,1,26,16,0,臺中市,西屯區,0,0,0,8,,,50,,,,,,,,,,,,,,,42,,,,,B03,,,1,,1,,,42,,1,22,,B03,120.666298,24.169792,3
2023,1,26,16,0,臺中市,清水區,0,0,0,8,,,50,,,,,,,,,,,,,,,23,,,,,B03,,,1,,2,,,23,,1,21,,B03,120.577289,24.276228,3
2023,1,26,16,2,臺中市,南屯區,0,0,0,,,,50,,,,,,,,,,,,,,,19,,,,,B03,,,1,,1,,,19,,1,22,,B03,120.649817,24.150845,3
2023,1,26,16,10,臺中市,西屯區,0,2,0,8,1,5,50,3,1,1,5,4,5,7,4,4,10,5,5,2,17,19,2,9,1,1,C03,7,1,1,10,2,11,,19,19,1,21,8,C03,120.640921,24.182211,2
2023,1,26,16,10,臺中市,神岡區,0,0,0,8,,,50,,,,,,,,,,,,,,,43,,,,,C03,,,6,,11,,,43,43,2,22,,C03,120.658833,24.256566,3
2023,1,26,16,16,臺中市,清水區,0,1,0,8,1,5,50,14,9,1,5,4,5,7,4,4,4,4,4,2,2,23,3,10,1,4,B03,7,9,1,8,2,5,,23,23,1,22,5,B03,120.57762,24.270899,2
2023,1,26,16,18,臺中市,新社區,0,1,0,8,1,5,50,3,2,1,5,4,3,7,4,4,9,5,5,2,10,42,2,9,1,1,C03,7,10,1,10,2,11,,42,42,1,5,8,C03,120.813215,24.221781,2
2023,1,26,16,24,臺中市,大安區,0,1,0,7,1,5,30,4,1,1,5,4,5,7,1,1,10,5,5,2,17,16,3,10,1,1,B03,7,4,1,8,2,2,,16,16,1,21,8,B03,120.60342,24.360973,2
2023,1,26,16,26,臺中市,北區,0,0,0,8,,,50,,,,,,,,,,,,,,,23,,,,,B12,,,1,,2,,,23,,1,5,,B12,120.681238,24.148933,3
2023,1,26,16,32,臺中市,北屯區,0,1,0,8,1,5,50,14,7,1,5,4,5,7,4,4,9,5,4,2,17,10,3,10,1,1,C03,7,11,1,10,2,14,,10,10,1,22,8,C03,120.696595,24.176723,2
2023,1,26,16,35,臺中市,霧峰區,0,1,0,8,1,5,60,5,1,1,5,4,5,7,1,1,10,5,5,1,12,8,2,6,1,1,C03,7,5,1,10,2,12,,8,8,1,9,8,C03,120.696323,24.053968,2
2023,1,26,16,45,臺中市,西屯區,0,1,0,8,1,5,50,4,1,1,5,4,5,7,2,1,10,5,5,2,16,6,2,8,1,1,C03,7,5,1,10,2,14,,6,6,1,18,8,C03,120.656871,24.200715,2
2023,1,26,16,49,臺中市,東區,0,0,0,,,,50,,,,,,,,,,,,,,,16,,,,,B03,,,1,,1,,,16,,1,5,,B03,120.70283,24.13892,3
2023,1,26,16,50,臺中市,東區,0,1,0,8,1,5,50,4,1,1,5,4,5,7,1,1,10,5,5,2,17,23,2,8,1,1,C03,7,9,1,10,2,11,,23,23,1,21,8,C03,120.701415,24.125346,2
2023,1,26,16,50,臺中市,大里區,0,1,0,8,1,5,30,4,1,1,5,4,5,7,4,4,10,5,5,2,16,6,3,10,1,1,B03,7,9,1,8,2,5,,6,6,1,21,8,B03,120.692969,24.109476,2
2023,1,26,16,51,臺中市,西區,0,0,0,8,1,5,50,14,22,1,5,4,5,7,4,4,5,4,5,2,14,12,,,,,B03,,,1,,1,,,12,,1,5,,B03,120.674234,24.140135,3
2023,1,26,16,51,臺中市,梧棲區,0,0,0,8,,,60,,,,,,,,,,,,,,,8,,,,,B03,,,1,,1,,,8,,1,4,,B03,120.524722,24.223374,3
2023,1,26,16,52,臺中市,沙鹿區,0,1,0,8,1,5,50,4,1,1,5,4,5,7,1,1,10,5,5,2,16,9,3,10,1,1,B12,7,6,6,8,2,2,,9,9,1,22,8,B12,120.558852,24.228143,2
2023,1,26,16,54,臺中市,西區,0,2,0,8,1,5,50,3,1,1,5,4,5,7,4,4,10,5,5,2,17,6,2,9,1,1,C03,7,5,1,10,2,14,,6,6,1,20,8,C03,120.671468,24.141065,2
2023,1,26,17,0,臺中市,神岡區,0,2,0,8,1,5,30,4,1,1,5,4,5,7,4,4,5,5,4,1,15,6,3,10,3,4,B03,7,9,6,8,8,2,,6,6,1,22,9,B03,120.639216,24.288082,2
2023,1,26,17,11,臺中市,南屯區,0,0,0,,,,50,,,,,,,,,,,,,,,7,,,,,B03,,,1,,1,,,7,,1,22,,B03,120.632281,24.158427,3
2023,1,26,17,13,臺中市,豐原區,0,2,0,8,1,5,30,14,22,1,5,4,5,7,4,4,10,5,5,2,27,66,,,,,,,,,,,,,66,66,1,,,,120.746153,24.278266,2
2023,1,26,17,14,臺中市,北區,0,1,0,8,1,5,50,4,1,1,5,4,5,7,4,4,10,5,5,2,18,23,2,9,1,1,C03,7,9,1,10,2,14,,23,23,1,22,8,C03,120.67673,24.146203,2
2023,1,26,17,15,臺中市,清水區,0,0,0,,,,50,,,,,,,,,,,,,,,23,,,,,B03,,,1,,2,,,23,23,1,4,,B03,120.596946,24.306064,3
2023,1,26,17,21,臺中市,北屯區,0,0,0,,,,50,,,,,,,,,,,,,,,23,,,,,B03,,,1,,2,,,23,,1,22,,B03,120.721521,24.181778,3
2023,1,26,17,25,臺中市,大甲區,0,0,0,,,,30,,,,,,,,,,,,,,,16,,,,,C03,,,1,,1,,,16,,1,22,,C03,120.616654,24.347063,3
2023,1,26,17,29,臺中市,霧峰區,0,2,0,8,1,5,60,14,9,1,5,4,5,7,4,4,1,4,5,2,17,23,2,9,3,4,C03,7,9,1,10,2,11,,23,23,1,21,5,C03,120.692012,24.043182,2
2023,1,26,17,30,臺中市,大里區,0,0,0,8,,,50,,,,,,,,,,,,,,,12,,,,,B03,,,1,,2,,,12,,1,22,,B03,120.676198,24.103028,3
2023,1,26,17,33,臺中市,豐原區,0,1,0,8,1,5,50,4,1,1,5,4,5,7,3,1,10,5,5,2,15,6,2,9,1,1,C03,7,9,1,10,2,12,,6,6,1,22,8,C03,120.706007,24.245416,2
2023,1,26,17,40,臺中市,大里區,0,0,0,8,,,50,,,,,,,,,,,,,,,42,,,,,C03,,,1,,11,,,42,,1,21,,C03,120.703436,24.090952,3
2023,1,26,17,45,臺中市,北屯區,0,0,0,8,,,50,,,,,,,,,,,,,,,43,,,,,C03,,,1,,1,,,43,,1,22,,C03,120.693116,24.171499,3
2023,1,26,17,52,臺中市,西屯區,0,2,0,8,1,5,50,14,9,1,5,4,5,7,4,4,8,5,5,1,3,51,2,9,1,4,H01,8,16,8,20,10,16,,51,51,1,4,8,H01,120.643421,24.165236,2
2023,1,26,17,53,臺中市,沙鹿區,0,0,0,8,,,30,,,,,,,,,,,,,,,6,,,,,B03,,,1,,2,,,6,,1,22,,B03,120.561109,24.2418,3
2023,1,26,17,54,臺中市,北屯區,0,0,0,8,,,50,,,,,,,,,,,,,,,6,,,,,B03,,,1,,1,,,6,,1,22,,B03,120.709786,24.166263,3
2023,1,26,17,55,臺中市,北屯區,0,0,0,8,,,50,,,,,,,,,,,,,,,19,,,,,A12,,,1,,1,,,19,,1,21,,A12,120.736339,24.17793,3
2023,1,26,18,0,臺中市,南屯區,0,0,0,,,,50,,,,,,,,,,,,,,,23,,,,,B03,,,1,,2,,,23,,1,22,,B03,120.648124,24.123176,3
2023,1,26,18,0,臺中市,梧棲區,0,0,0,8,,,70,,,,,,,,,,,,,,,23,,,,,B03,,,1,,2,,,23,,1,22,,B03,120.518087,24.238757,3
2023,1,26,18,7,臺中市,豐原區,0,0,0,8,,,50,,,,,,,,,,,,,,,16,,,,,B03,,,1,,2,,,16,,1,22,,B03,120.74513,24.265205,3
2023,1,26,18,8,臺中市,石岡區,0,0,0,,,,,,,,,,,,,,,,,,,67,,,,,,,,,,,,,67,,1,,,,120.774568,24.276608,3
2023,1,26,18,10,臺中市,霧峰區,0,1,0,8,3,5,50,14,9,1,5,4,5,7,4,4,1,4,5,1,17,23,2,8,3,4,C03,7,9,1,10,2,11,,23,23,1,21,5,C03,120.700031,24.077363,2
2023,1,26,18,10,臺中市,烏日區,0,0,0,8,3,5,50,14,7,1,5,4,5,7,1,1,1,2,1,1,13,23,,,,,B03,,,1,,2,,,23,,1,22,,B03,120.62036,24.102093,3
2023,1,26,18,15,臺中市,北區,0,0,0,8,,,50,,,,,,,,,,,,,,,19,,,,,B03,,,1,,2,,,19,19,1,5,,B03,120.685395,24.152786,3
2023,1,26,18,26,臺中市,南屯區,0,0,0,,,,50,,,,,,,,,,,,,,,23,,,,,B03,,,1,,2,,,23,,1,22,,B03,120.613652,24.13883,3
2023,1,26,18,30,臺中市,沙鹿區,0,0,0,,,,50,,,,,,,,,,,,,,,23,,,,,B03,,,1,,2,,,23,,1,22,,B03,120.579461,24.218686,3
2023,1,26,18,31,臺中市,西屯區,0,0,0,8,,,50,,,,,,,,,,,,,,,23,,,,,B03,,,1,,1,,,23,,1,22,,B03,120.655945,24.163981,3
2023,1,26,18,32,臺中市,北區,0,1,0,8,3,5,50,4,1,1,5,4,5,7,4,4,5,5,5,2,15,6,2,4,1,1,C03,7,9,1,10,2,11,,6,6,1,5,8,C03,120.666724,24.16043,2
2023,1,26,18,33,臺中市,大里區,0,3,0,8,3,5,50,14,9,1,5,4,5,7,1,1,3,4,5,1,13,23,2,9,1,1,C03,7,9,1,10,2,12,,23,23,1,22,1,C03,120.6809,24.1059,2
2023,1,26,18,35,臺中市,大里區,0,1,0,8,3,5,40,14,12,1,5,4,5,7,4,4,1,4,4,1,12,7,3,10,1,1,B03,7,8,1,8,2,5,,7,7,1,9,8,B03,120.692866,24.100278,2
2023,1,26,18,45,臺中市,大肚區,0,1,0,8,1,5,30,4,2,1,5,4,5,7,3,1,10,5,5,2,18,42,2,9,1,1,C03,7,9,1,10,6,12,,42,42,1,20,8,C03,120.54404,24.152012,2
2023,1,26,18,59,臺中市,太平區,0,0,0,8,,,50,,,,,,,,,,,,,,,23,,,,,C03,,,1,,2,,,23,,1,22,,C03,120.713766,24.140489,3
2023,1,26,19,0,臺中市,西屯區,0,0,0,8,,,40,,,,,,,,,,,,,,,23,,,,,B03,,,1,,1,,,23,,1,21,,B03,120.651443,24.160441,3
2023,1,26,19,0,臺中市,龍井區,0,1,0,8,3,5,30,5,1,1,5,4,5,7,1,1,10,5,5,2,15,25,2,9,1,1,C03,7,9,1,10,2,11,,25,25,1,12,8,C03,120.5365,24.194438,2
2023,1,26,19,5,臺中市,大雅區,0,0,0,8,,,50,,,,,,,,,,,,,,,18,,,,,B03,,,1,,2,,,18,,1,22,,B03,120.64971,24.223215,3
2023,1,26,19,5,臺中市,西區,0,0,0,8,3,5,50,14,9,1,5,4,5,7,4,4,9,5,5,2,13,23,3,10,1,1,C03,7,9,3,18,7,11,,23,23,1,4,8,C03,120.66623,24.134989,3
2023,1,26,19,8,臺中市,西區,0,2,0,8,3,5,50,4,1,1,5,4,5,7,4,4,10,5,5,2,16,6,2,8,1,1,C03,7,5,1,10,2,11,12,6,6,1,22,9,C03,120.662012,24.154806,2
2023,1,26,19,8,臺中市,大里區,0,1,0,8,3,5,50,4,1,1,5,4,5,7,1,1,10,5,5,2,12,6,3,10,1,1,B03,7,6,1,8,2,6,,6,6,1,20,8,B03,120.685454,24.102988,2
2023,1,26,19,9,臺中市,西屯區,0,0,0,8,,,50,,,,,,,,,,,,,,,4,,,,,B03,,,1,,2,,,4,,1,22,,B03,120.62685,24.184477,3
2023,1,26,19,14,臺中市,西屯區,0,0,0,8,,,40,,,,,,,,,,,,,,,16,,,,,C03,,,1,,1,,,16,,1,4,,C03,120.667475,24.174921,3
2023,1,26,19,15,臺中市,北區,0,0,0,8,,,50,,,,,,,,,,,,,,,19,,,,,B03,,,1,,1,,,19,,1,5,,B03,120.677362,24.167203,3
2023,1,26,19,20,臺中市,大里區,0,0,0,8,,,50,,,,,,,,,,,,,,,66,,,,,,,,,,,,,66,,1,,,,120.693513,24.094016,3
2023,1,26,19,21,臺中市,大里區,0,1,0,8,3,5,50,14,9,1,5,4,5,7,4,4,9,4,5,1,27,44,2,9,1,1,C03,7,9,1,10,2,11,,44,44,1,4,8,C03,120.693577,24.094124,2
2023,1,26,19,36,臺中市,北屯區,0,1,0,8,1,5,50,4,1,1,5,4,5,7,1,1,5,5,5,2,16,6,3,10,1,1,B03,7,6,1,8,2,2,,6,6,1,22,8,B03,120.687004,24.185553,2
2023,1,26,19,40,臺中市,北屯區,0,0,0,8,,,50,,,,,,,,,,,,,,,25,,,,,B03,,,1,,1,,,25,,1,22,,B03,120.674973,24.177316,3
2023,1,26,19,40,臺中市,外埔區,0,1,0,8,3,5,50,3,1,1,5,4,5,7,3,1,10,5,5,2,16,10,3,10,1,1,B03,7,11,1,8,2,4,,10,10,1,21,1,B03,120.633889,24.340915,2
2023,1,26,19,43,臺中市,北屯區,0,0,0,8,,,50,,,,,,,,,,,,,,,16,,,,,C03,,,1,,2,,,16,,1,22,,C03,120.677621,24.186758,3
2023,1,26,19,55,臺中市,北區,0,0,0,8,,,30,,,,,,,,,,,,,,,67,,,,,,,,,,,,,67,,1,,,,120.677132,24.165832,3
2023,1,26,20,0,臺中市,西屯區,0,0,0,8,,,30,,,,,,,,,,,,,,,23,,,,,B03,,,1,,2,,,23,,1,22,,B03,120.657835,24.158775,3
2023,1,26,20,0,臺中市,大里區,0,0,0,8,,,50,,,,,,,,,,,,,,,19,,,,,B03,,,1,,9,,,19,,1,22,,B03,120.72802,24.091048,3
2023,1,26,20,0,臺中市,梧棲區,0,0,0,8,,,50,,,,,,,,,,,,,,,23,,,,,B03,,,1,,9,,,23,23,2,22,,B03,120.538794,24.257879,3
2023,1,26,20,6,臺中市,西屯區,0,2,0,8,3,5,50,14,7,1,5,4,5,7,4,4,1,4,1,2,13,23,3,10,1,1,C03,7,9,1,10,2,13,,44,23,1,22,8,C03,120.640448,24.164218,2
2023,1,26,20,8,臺中市,南屯區,0,2,0,8,3,5,50,3,9,1,5,4,5,7,4,4,9,5,5,2,17,10,2,9,1,1,C03,7,11,1,10,2,13,,10,10,1,22,9,C03,120.634663,24.15534,2
2023,1,26,20,9,臺中市,東區,0,0,0,8,3,5,30,3,2,1,5,4,5,7,4,4,5,4,5,2,17,17,3,10,1,1,B03,7,6,1,8,2,2,,17,17,1,21,8,B03,120.704156,24.130935,3
2023,1,26,20,9,臺中市,南區,0,1,0,8,3,5,50,3,1,1,5,4,5,7,4,4,1,5,5,2,16,6,2,9,1,1,C03,7,6,1,10,2,14,,6,6,1,18,5,C03,120.655776,24.114866,2
2023,1,26,20,20,臺中市,西屯區,0,0,0,8,,,1,,,,,,,,,,,,,,,12,,,,,B03,,,1,,1,,,12,,1,22,,B03,120.630923,24.185432,3
2023,1,26,20,20,臺中市,清水區,0,0,0,,,,70,,,,,,,,,,,,,,,23,,,,,B03,,,1,,2,,,23,,1,4,,B03,120.595901,24.301333,3
2023,1,26,20,24,臺中市,北屯區,0,0,0,8,,,50,,,,,,,,,,,,,,,12,,,,,B03,,,1,,1,,,12,12,1,22,,B03,120.675796,24.178093,3
2023,1,26,20,28,臺中市,西屯區,0,0,0,8,,,50,,,,,,,,,,,,,,,12,,,,,B03,,,1,,2,,,12,,1,21,,B03,120.63972,24.174988,3
2023,1,26,20,37,臺中市,龍井區,0,2,0,8,3,5,50,14,9,1,5,4,5,7,4,4,9,5,5,1,11,11,2,8,1,1,C03,7,11,1,10,2,11,,11,11,1,5,1,C03,120.584586,24.183017,2
2023,1,26,20,50,臺中市,西屯區,0,0,0,8,,,40,,,,,,,,,,,,,,,6,,,,,B02,,,1,,1,,,6,,1,22,,B02,120.650233,24.162599,3
2023,1,26,20,51,臺中市,西區,0,0,0,8,,,50,,,,,,,,,,,,,,,19,,,,,C03,,,1,,2,,,44,19,1,5,,C03,120.660837,24.132588,3
2023,1,26,20,52,臺中市,沙鹿區,0,0,0,8,,,40,,,,,,,,,,,,,,,40,,,,,B12,,,1,,2,,,40,,1,22,,B12,120.558523,24.233919,3