年,月,日,時,分,縣市,區,死,受傷,2-30,天候,光線,道路類別,速限,道路型態,事故位置,路面鋪裝,路面狀態,路面缺陷,障礙物,視距,號誌種類,號誌動作,分向設施,快車道或一般車道間,快慢車道間,路面邊線,事故類型及型態,主要肇因,受傷程度,主要傷處,保護裝備,行動電話,當事者區分,車輛用途,當事者行動狀態,駕駛資格情形,駕駛執照種類,飲酒情形,車輛撞擊部位最初,車輛撞擊部位其他,肇事因素個別,肇事因素主要,肇事逃逸,職業,旅次目的,車種,GPS緯度,GPS經度,事故類別
2023,1,27,12,20,臺中市,大里區,0,1,0,8,1,5,50,14,8,1,5,4,5,7,4,4,9,5,4,1,16,23,2,9,1,1,C03,7,9,1,10,2,14,,23,23,1,22,8,C03,120.703788,24.09247,2
2023,1,27,12,23,臺中市,神岡區,0,0,0,8,,,50,,,,,,,,,,,,,,,23,,,,,B03,,,1,,2,,,23,,1,22,,B03,120.670804,24.256297,3
2023,1,27,12,24,臺中市,豐原區,0,0,0,8,,,50,,,,,,,,,,,,,,,23,,,,,B03,,,1,,2,,,23,,1,22,,B03,120.715958,24.25185,3
2023,1,27,12,27,臺中市,北屯區,0,3,0,8,1,5,50,3,1,1,5,4,5,7,4,4,10,5,5,2,16,6,3,10,1,1,B03,7,1,1,8,2,1,,6,6,1,21,8,B03,120.687636,24.166905,2
2023,1,27,12,30,臺中市,東區,0,1,0,8,1,5,50,14,9,1,5,4,5,7,4,4,5,4,5,2,18,23,2,8,1,1,C03,7,9,1,10,2,14,,23,23,1,5,8,C03,120.692814,24.136572,2
2023,1,27,12,31,臺中市,北區,0,1,0,8,1,5,50,4,1,1,5,4,5,7,4,4,10,5,5,2,15,6,2,9,1,1,C03,7,9,1,10,2,11,,6,6,1,22,9,C03,120.684054,24.154645,2
2023,1,27,12,31,臺中市,南屯區,0,2,0,8,1,5,40,14,8,1,5,4,5,7,4,4,5,4,4,2,16,19,3,10,3,4,B03,7,1,1,8,2,8,,19,19,1,22,8,B03,120.626132,24.112544,2
2023,1,27,12,34,臺中市,北屯區,0,2,0,8,1,5,40,4,1,1,5,4,5,7,1,1,10,5,5,2,17,8,2,9,3,4,C03,7,5,1,10,2,13,,8,8,1,21,8,C03,120.676095,24.199675,2
2023,1,27,12,42,臺中市,沙鹿區,0,0,0,8,,,50,,,,,,,,,,,,,,,23,,,,,C03,,,1,,2,,,23,,1,18,,C03,120.564057,24.244638,3
2023,1,27,12,45,臺中市,西屯區,0,0,0,8,,,50,,,,,,,,,,,,,,,23,,,,,B03,,,1,,1,,,23,,1,22,,B03,120.649648,24.197561,3
2023,1,27,12,50,臺中市,清水區,0,2,0,8,1,5,50,14,7,1,5,4,5,7,4,4,1,2,5,1,14,12,3,10,1,1,B12,7,2,1,8,2,7,,12,12,1,21,8,B12,120.549591,24.266581,2
2023,1,27,12,50,臺中市,神岡區,0,0,0,8,,,50,,,,,,,,,,,,,,,23,,,,,B03,,,1,,1,,,23,,1,22,,B03,120.698595,24.248852,3
2023,1,27,12,54,臺中市,北屯區,0,0,0,8,,,50,,,,,,,,,,,,,,,6,,,,,B03,,,1,,11,,,6,,1,21,,B03,120.69108,24.182438,3
2023,1,27,12,54,臺中市,西屯區,0,1,0,8,1,5,50,14,8,1,5,4,5,7,4,4,1,4,4,2,17,9,3,10,3,4,B03,7,6,1,8,2,2,,9,9,1,22,9,B03,120.614371,24.18422,2
2023,1,27,13,0,臺中市,太平區,0,2,0,8,1,5,50,5,1,1,5,4,5,7,1,1,10,5,5,2,15,25,2,7,1,1,C03,7,9,1,10,1,12,,25,25,1,5,8,C03,120.711168,24.126753,2
2023,1,27,13,3,臺中市,梧棲區,0,1,0,8,1,5,50,14,8,1,5,4,5,7,4,4,4,4,4,2,16,21,2,9,1,1,F03,7,1,8,20,7,16,,21,21,1,9,8,F03,120.530475,24.254966,2
2023,1,27,13,4,臺中市,西區,0,1,0,8,1,5,50,5,20,1,5,4,5,3,4,4,10,5,5,2,17,19,3,10,1,1,C03,7,1,1,10,1,11,,19,19,1,5,8,C03,120.67208,24.140748,2
2023,1,27,13,5,臺中市,西屯區,0,0,0,8,,,30,,,,,,,,,,,,,,,18,,,,,C03,,,1,,1,,,18,,1,22,,C03,120.646688,24.181898,3
2023,1,27,13,10,臺中市,北屯區,0,0,0,8,,,40,,,,,,,,,,,,,,,16,,,,,B03,,,1,,1,,,16,,1,5,,B03,120.718222,24.160116,3
2023,1,27,13,12,臺中市,神岡區,0,0,0,8,,,50,,,,,,,,,,,,,,,23,,,,,B03,,,1,,2,,,23,,1,22,,B03,120.694341,24.248317,3
2023,1,27,13,23,臺中市,太平區,0,0,0,8,,,50,,,,,,,,,,,,,,,25,,,,,C03,,,1,,1,,,25,,1,21,,C03,120.703152,24.14814,3
2023,1,27,13,25,臺中市,東區,0,1,0,8,1,5,50,4,1,1,5,4,5,7,1,1,10,5,5,2,17,23,2,9,1,1,C03,7,9,1,10,2,14,,23,23,1,22,8,C03,120.689654,24.133141,2
2023,1,27,13,26,臺中市,北屯區,0,2,0,8,1,5,40,10,16,1,5,4,5,7,4,4,10,5,5,1,13,16,3,10,1,1,B03,7,9,1,8,2,1,,16,16,1,21,8,B03,120.720908,24.182276,2
2023,1,27,13,26,臺中市,西屯區,0,0,0,8,,,40,,,,,,,,,,,,,,,43,,,,,B03,,,1,,10,,,43,,1,22,,B03,120.652008,24.167981,3
2023,1,27,13,27,臺中市,太平區,0,0,0,8,,,50,,,,,,,,,,,,,,,26,,,,,B03,,,1,,2,,,26,,1,22,,B03,120.700547,24.147973,3
2023,1,27,13,30,臺中市,大里區,0,2,0,8,1,5,40,4,1,1,5,4,5,7,1,1,10,5,5,2,13,23,3,10,1,1,B03,7,5,1,8,2,5,,23,23,1,5,5,B03,120.688278,24.095031,2
2023,1,27,13,30,臺中市,清水區,0,0,0,8,,,50,,,,,,,,,,,,,,,12,,,,,B03,,,1,,2,,,12,,1,22,,B03,120.573022,24.271937,3
2023,1,27,13,33,臺中市,太平區,0,1,0,8,1,5,30,3,1,1,5,4,5,7,4,4,5,5,4,2,16,6,3,10,1,1,B02,7,5,1,8,2,5,,6,6,1,5,8,B02,120.719734,24.129928,2
2023,1,27,13,40,臺中市,南屯區,0,1,0,8,1,5,50,4,1,1,5,4,5,7,2,1,10,5,5,2,16,42,2,8,1,1,C03,7,6,1,10,2,12,,42,42,1,22,8,C03,120.63423,24.144422,2
2023,1,27,13,40,臺中市,南屯區,0,0,0,8,,,40,,,,,,,,,,,,,,,23,,,,,B03,,,1,,1,,,23,,1,22,,B03,120.637738,24.139483,3
2023,1,27,13,41,臺中市,南屯區,0,0,0,8,,,50,,,,,,,,,,,,,,,42,,,,,F01,,,8,,1,,,42,,1,22,,F01,120.643791,24.127935,3
2023,1,27,13,41,臺中市,神岡區,0,0,0,8,,,50,,,,,,,,,,,,,,,23,,,,,B03,,,1,,1,,,23,,1,22,,B03,120.665224,24.274003,3
2023,1,27,13,51,臺中市,北屯區,0,2,0,8,1,5,50,14,9,1,5,4,5,7,4,4,1,4,5,2,8,23,2,9,3,4,C03,7,9,1,10,2,11,,23,23,1,21,8,C03,120.692731,24.17156,2
2023,1,27,13,55,臺中市,北屯區,0,0,0,8,,,40,,,,,,,,,,,,,,,38,,,,,B03,,,1,,10,,,38,,1,21,,B03,120.720366,24.174226,3
2023,1,27,13,56,臺中市,大里區,0,2,0,8,1,5,50,4,1,1,5,4,5,7,1,1,10,4,5,1,15,19,2,9,1,1,C03,7,1,1,10,2,14,,19,19,1,4,8,C03,120.691223,24.091811,2
2023,1,27,13,57,臺中市,東區,0,1,0,8,1,5,50,3,2,1,5,4,5,7,1,1,5,4,5,2,18,23,2,9,1,1,C03,7,5,1,9,2,14,,23,23,1,5,8,C03,120.687876,24.13995,2
2023,1,27,13,59,臺中市,龍井區,0,1,0,8,1,5,30,14,9,1,5,4,5,7,4,4,10,5,5,2,17,6,2,9,1,1,C03,7,11,1,10,2,12,,6,6,1,21,8,C03,120.548578,24.199171,2
2023,1,27,13,59,臺中市,清水區,0,1,0,8,1,5,50,5,1,1,5,4,5,7,1,1,8,3,4,1,16,23,2,9,1,1,C03,7,9,1,10,2,14,,23,23,1,21,8,C03,120.567664,24.270502,2
2023,1,27,14,0,臺中市,西區,0,1,0,8,1,5,50,4,1,1,5,4,5,7,1,1,10,5,5,2,16,6,3,10,1,1,B03,7,6,1,8,2,2,,6,6,1,4,5,B03,120.67317,24.140915,2
2023,1,27,14,1,臺中市,大里區,0,1,0,8,1,5,50,14,8,1,5,4,5,7,4,4,3,4,4,1,13,23,3,10,1,1,B03,7,9,1,8,2,3,,44,23,1,22,8,B03,120.691888,24.091469,2
2023,1,27,14,4,臺中市,北區,0,1,0,8,1,5,40,14,8,1,5,4,5,7,4,4,1,4,4,2,12,23,3,10,1,1,C03,7,9,1,10,2,12,,23,23,1,21,8,C03,120.672168,24.171285,2
2023,1,27,14,5,臺中市,大里區,0,0,0,8,,,50,,,,,,,,,,,,,,,12,,,,,B03,,,1,,2,,,12,,1,22,,B03,120.675545,24.112085,3
2023,1,27,14,10,臺中市,大雅區,0,0,0,8,,,30,,,,,,,,,,,,,,,23,,,,,B03,,,1,,1,,,23,23,1,21,,B03,120.655394,24.246991,3
2023,1,27,14,11,臺中市,潭子區,0,0,0,8,,,80,,,,,,,,,,,,,,,23,,,,,B03,,,1,,2,,,23,,1,22,,B03,120.696555,24.201,3
2023,1,27,14,14,臺中市,沙鹿區,0,0,0,8,,,60,,,,,,,,,,,,,,,7,,,,,B03,,,1,,2,,,7,7,1,22,,B03,120.564691,24.23969,3
2023,1,27,14,15,臺中市,烏日區,0,0,0,8,1,5,30,14,9,1,5,4,5,7,4,4,10,5,5,2,16,23,,,,,B03,,,1,,2,,,23,,1,20,,B03,120.641247,24.076129,3
2023,1,27,14,18,臺中市,大肚區,0,0,0,8,,,40,,,,,,,,,,,,,,,42,,,,,C03,,,1,,9,,,42,,1,21,,C03,120.545894,24.150119,3
2023,1,27,14,20,臺中市,大里區,0,0,0,8,,,50,,,,,,,,,,,,,,,23,,,,,B03,,,1,,2,,,23,,1,5,,B03,120.67943,24.115301,3
2023,1,27,14,25,臺中市,和平區,0,0,0,,,,20,,,,,,,,,,,,,,,23,,,,,B03,,,1,,2,,,23,23,1,18,,B03,121.009561,24.204719,3
2023,1,27,14,28,臺中市,西屯區,0,0,0,8,,,40,,,,,,,,,,,,,,,23,,,,,B12,,,1,,1,,,23,,1,22,,B12,120.641076,24.167898,3
2023,1,27,14,32,臺中市,北屯區,0,2,0,8,1,5,50,3,1,1,5,4,5,7,4,4,10,5,5,2,16,10,2,9,1,1,C03,7,11,1,10,2,14,,10,10,1,5,8,C03,120.690065,24.17644,2
2023,1,27,14,32,臺中市,西屯區,0,0,0,8,,,50,,,,,,,,,,,,,,,42,,,,,,,,,,,,,42,,1,,,,120.656513,24.156585,3
2023,1,27,14,36,臺中市,南屯區,0,1,0,8,1,5,40,14,7,1,5,4,5,7,4,4,5,4,4,2,17,10,2,9,1,1,C04,7,11,1,10,2,13,,10,10,1,22,8,C04,120.63741,24.143388,2
2023,1,27,14,38,臺中市,西屯區,0,0,0,8,,,50,,,,,,,,,,,,,,,40,,,,,B11,,,1,,1,,,40,,1,22,,B11,120.619899,24.187498,3
2023,1,27,14,40,臺中市,北區,0,0,0,8,,,50,,,,,,,,,,,,,,,42,,,,,B03,,,1,,1,,,42,,1,22,,B03,120.685538,24.152847,3
2023,1,27,14,44,臺中市,西區,0,0,0,,,,50,,,,,,,,,,,,,,,16,,,,,C03,,,1,,1,,,16,,1,21,,C03,120.660176,24.150848,3
2023,1,27,14,48,臺中市,西區,0,1,0,8,1,5,50,4,1,1,5,4,5,7,1,1,10,5,5,2,16,23,2,9,1,1,C03,7,9,1,10,2,14,,23,23,1,4,5,C03,120.660171,24.150834,2
2023,1,27,14,49,臺中市,西屯區,0,1,0,8,1,5,40,4,2,1,5,4,5,7,1,1,1,4,1,2,12,38,3,10,3,4,B03,7,14,1,8,2,6,,38,38,1,22,8,B03,120.643643,24.165818,2
2023,1,27,14,49,臺中市,太平區,0,2,0,8,1,5,30,4,1,1,5,4,5,7,3,1,5,5,5,2,15,6,2,9,1,1,C03,7,9,1,10,2,11,,6,6,1,21,8,C03,120.723159,24.142083,2
2023,1,27,14,50,臺中市,南區,0,1,0,8,1,5,50,3,1,1,5,4,5,7,4,4,10,5,5,2,12,17,2,9,1,1,C03,7,9,1,10,2,14,,17,17,1,22,8,C03,120.667552,24.128008,2
2023,1,27,14,53,臺中市,北屯區,0,1,0,8,1,5,50,4,1,1,5,4,5,7,4,4,10,5,5,2,15,6,3,10,1,4,B03,7,9,1,8,2,2,,6,6,1,21,8,B03,120.720995,24.18215,2
2023,1,27,14,56,臺中市,中區,0,0,0,,,,50,,,,,,,,,,,,,,,12,,,,,B03,,,1,,1,,,12,,1,21,,B03,120.685168,24.140321,3
2023,1,27,14,56,臺中市,豐原區,0,1,0,8,1,5,50,3,9,1,5,4,5,7,3,1,10,5,5,2,16,6,2,9,1,1,C03,7,5,3,18,2,12,,6,6,1,22,8,C03,120.71596,24.239203,2
2023,1,27,14,57,臺中市,北區,0,0,0,8,,,50,,,,,,,,,,,,,,,25,,,,,B03,,,1,,1,,,25,,1,22,,B03,120.682335,24.153988,3
2023,1,27,14,59,臺中市,烏日區,0,0,0,8,,,50,,,,,,,,,,,,,,,12,,,,,B03,,,1,,2,,,12,12,1,22,,B03,120.635297,24.108181,3
2023,1,27,15,12,臺中市,大肚區,0,0,0,8,,,30,,,,,,,,,,,,,,,19,,,,,C03,,,1,,2,,,19,,1,21,,C03,120.545361,24.150989,3
2023,1,27,15,16,臺中市,太平區,0,1,0,8,1,5,50,4,1,1,5,4,5,7,1,1,10,5,5,2,16,9,3,10,1,1,B03,7,6,1,8,2,2,,9,9,1,22,8,B03,120.733183,24.150526,2
2023,1,27,15,20,臺中市,北屯區,0,0,0,8,,,30,,,,,,,,,,,,,,,8,,,,,C03,,,1,,1,,,8,8,1,22,,C03,120.696743,24.178469,3
2023,1,27,15,21,臺中市,后里區,0,0,0,8,1,5,50,14,9,1,5,4,5,7,4,4,5,5,4,1,12,7,,,,,C03,,,1,,2,,,7,,1,4,,C03,120.719392,24.309508,3
2023,1,27,15,25,臺中市,東區,0,0,0,8,1,5,50,14,9,1,5,4,5,7,4,4,9,5,5,2,13,23,3,10,1,1,B03,7,9,1,8,2,5,,23,23,1,21,8,B03,120.696227,24.144517,3
2023,1,27,15,27,臺中市,太平區,0,0,0,8,1,5,40,3,2,1,5,4,5,7,4,4,5,5,4,1,17,23,3,10,1,1,B03,7,9,5,8,5,5,,23,23,1,5,8,B03,120.734942,24.125297,3
2023,1,27,15,30,臺中市,東區,0,0,0,8,,,40,,,,,,,,,,,,,,,23,,,,,B03,,,1,,2,,,23,,1,22,,B03,120.68755,24.134723,3
2023,1,27,15,33,臺中市,南區,0,0,0,8,,,50,,,,,,,,,,,,,,,23,,,,,B03,,,1,,2,,,23,,1,4,,B03,120.679286,24.119037,3
2023,1,27,15,34,臺中市,西屯區,0,0,0,8,,,40,,,,,,,,,,,,,,,16,,,,,C03,,,1,,1,,,16,,1,5,,C03,120.645831,24.164718,3
2023,1,27,15,35,臺中市,南屯區,0,0,0,,,,50,,,,,,,,,,,,,,,23,,,,,B03,,,1,,2,,,23,,1,22,,B03,120.614854,24.145286,3
2023,1,27,15,35,臺中市,烏日區,0,0,0,8,1,5,50,14,4,1,5,4,5,7,1,1,9,4,5,1,13,23,,,,,B03,,,1,,2,,,23,,1,22,,B03,120.635787,24.097275,3
2023,1,27,15,37,臺中市,太平區,0,1,0,8,1,5,30,4,1,1,5,4,5,7,4,4,5,5,5,2,15,6,3,10,1,1,B03,7,9,1,8,2,1,,6,6,1,21,8,B03,120.711566,24.157506,2
2023,1,27,15,40,臺中市,西區,0,0,0,8,,,60,,,,,,,,,,,,,,,43,,,,,,,,,,,,,43,,1,,,,120.659687,24.157317,3
2023,1,27,15,41,臺中市,北屯區,0,2,0,8,1,5,50,13,9,1,5,4,5,7,4,4,5,5,5,2,11,43,2,8,1,1,C03,7,14,1,10,2,14,,43,43,1,20,8,C03,120.717681,24.175195,2
2023,1,27,15,42,臺中市,梧棲區,0,0,0,8,,,40,,,,,,,,,,,,,,,23,,,,,B03,,,1,,1,,,23,,1,9,,B03,120.551418,24.245363,4
2023,1,27,15,44,臺中市,太平區,0,0,0,8,,,50,,,,,,,,,,,,,,,23,,,,,B03,,,1,,2,,,23,,1,22,,B03,120.713526,24.14438,3
2023,1,27,15,49,臺中市,龍井區,0,1,0,8,1,5,50,4,1,1,5,4,5,7,3,1,10,5,5,2,16,10,3,10,1,1,B03,7,11,1,8,2,8,,10,10,1,21,8,B03,120.547118,24.199816,2
2023,1,27,15,52,臺中市,太平區,0,2,0,8,2,5,50,4,1,1,5,4,5,7,1,1,5,5,4,2,16,8,4,11,1,1,C03,7,5,6,18,2,13,,8,8,1,21,8,C03,120.713507,24.160716,2
2023,1,27,15,56,臺中市,西屯區,0,0,0,8,,,50,,,,,,,,,,,,,,,23,,,,,B03,,,1,,2,,,23,,1,22,,B03,120.653226,24.167522,3
2023,1,27,16,5,臺中市,西屯區,0,0,0,8,,,50,,,,,,,,,,,,,,,26,,,,,C03,,,1,,2,,,26,26,1,22,,C03,120.657127,24.200899,3
2023,1,27,16,10,臺中市,西屯區,0,1,0,8,1,5,50,14,7,1,5,4,5,7,1,1,5,4,4,2,18,42,2,9,1,1,C01,7,9,1,9,1,12,,42,42,1,21,8,C01,120.643673,24.187253,2
2023,1,27,16,11,臺中市,北區,0,1,0,8,1,5,50,5,2,1,5,4,5,7,2,1,5,4,4,1,16,23,3,10,3,4,B03,7,9,1,8,3,5,,23,23,1,22,9,B03,120.678438,24.171164,2
2023,1,27,16,11,臺中市,西屯區,0,2,0,8,1,5,50,4,1,1,5,4,5,7,1,1,10,5,5,2,17,6,3,10,1,1,B03,7,5,1,8,2,6,,6,6,1,21,8,B03,120.669345,24.177483,2
2023,1,27,16,12,臺中市,北屯區,0,0,0,8,,,40,,,,,,,,,,,,,,,23,,,,,B03,,,1,,1,,,23,,1,21,,B03,120.68847,24.201012,3
2023,1,27,16,13,臺中市,烏日區,0,0,0,8,1,5,30,11,9,1,5,4,5,7,4,4,10,5,5,2,12,17,3,10,3,4,B03,7,9,1,8,2,6,,17,17,1,21,9,B03,120.64828,24.05663,3
2023,1,27,16,15,臺中市,西屯區,0,0,0,8,,,30,,,,,,,,,,,,,,,12,,,,,B03,,,1,,1,,,12,,1,22,,B03,120.621156,24.186758,3
2023,1,27,16,18,臺中市,烏日區,0,0,0,8,,,50,,,,,,,,,,,,,,,6,,,,,B03,,,1,,2,,,6,,1,21,,B03,120.623187,24.102915,3
2023,1,27,16,19,臺中市,沙鹿區,0,0,0,8,,,70,,,,,,,,,,,,,,,6,,,,,B01,,,1,,1,,,6,,1,10,,B01,120.613824,24.244328,3
2023,1,27,16,21,臺中市,中區,0,1,0,8,1,5,50,4,1,1,5,4,5,7,1,1,10,5,5,2,13,23,2,8,1,1,C03,7,9,1,10,2,11,,23,16,1,18,8,C03,120.680732,24.138669,2
2023,1,27,16,21,臺中市,北屯區,0,1,0,8,1,5,30,11,9,1,5,4,5,7,4,4,10,5,5,2,10,23,2,9,1,1,C03,7,9,3,18,2,11,,23,23,1,22,8,C03,120.694698,24.165458,2
2023,1,27,16,24,臺中市,南屯區,0,0,0,8,,,50,,,,,,,,,,,,,,,23,,,,,B03,,,1,,1,,,23,,1,22,,B03,120.649367,24.155541,3
2023,1,27,16,26,臺中市,豐原區,0,2,0,8,1,5,50,3,2,1,5,4,5,7,1,1,5,5,4,2,17,42,2,9,1,1,C03,7,6,1,10,2,12,,42,42,1,22,8,C03,120.713736,24.249452,2
2023,1,27,16,30,臺中市,大甲區,0,0,0,8,,,50,,,,,,,,,,,,,,,6,,,,,B12,,,1,,1,,,6,,1,21,,B12,120.62643,24.37485,3
2023,1,27,16,33,臺中市,太平區,0,2,0,8,1,5,50,4,1,1,5,4,5,7,3,1,10,5,5,2,15,6,2,9,1,1,C03,7,9,1,10,2,12,,6,6,1,22,8,C03,120.705816,24.161213,2
2023,1,27,16,35,臺中市,西區,0,2,0,8,1,5,50,4,1,1,5,4,5,7,1,1,10,5,5,2,13,16,2,9,1,1,C03,7,9,1,10,8,11,,16,16,1,21,8,C03,120.657375,24.146713,2
2023,1,27,16,38,臺中市,清水區,0,0,0,8,,,70,,,,,,,,,,,,,,,23,,,,,B03,,,1,,2,,,23,23,1,21,,B03,120.575281,24.278373,3
2023,1,27,16,44,臺中市,北屯區,0,0,0,8,,,50,,,,,,,,,,,,,,,26,,,,,B03,,,1,,2,,,26,,1,22,,B03,120.712394,24.182122,3
2023,1,27,16,47,臺中市,南區,0,2,0,8,1,5,40,3,1,1,5,4,5,7,4,4,5,5,4,2,16,10,2,8,1,1,C03,7,11,1,10,2,14,,10,10,1,21,8,C03,120.658288,24.125699,2
2023,1,27,16,50,臺中市,大里區,0,1,0,8,1,5,50,4,1,1,5,4,5,7,4,4,9,4,5,1,15,6,2,7,1,1,C03,7,9,1,10,2,11,,6,6,1,18,8,C03,120.710867,24.086187,2
2023,1,27,16,52,臺中市,北屯區,0,0,0,8,,,50,,,,,,,,,,,,,,,15,,,,,B03,,,1,,9,,,15,,1,22,,B03,120.687222,24.169309,3
2023,1,27,16,54,臺中市,北屯區,0,2,0,8,1,5,50,3,9,1,5,4,5,7,4,4,5,5,5,2,16,26,2,9,1,1,C03,7,5,1,10,2,12,,26,26,1,21,8,C03,120.688145,24.174487,2
2023,1,27,16,55,臺中市,北屯區,0,1,0,8,2,5,50,14,9,1,5,4,3,7,4,4,5,4,5,2,17,23,2,9,1,1,C03,7,9,1,10,2,11,,23,23,1,22,8,C03,120.710843,24.172063,2
2023,1,27,16,55,臺中市,豐原區,0,0,0,8,,,40,,,,,,,,,,,,,,,16,,,,,B03,,,1,,2,,,16,,1,21,,B03,120.720348,24.236467,3
2023,1,27,17,11,臺中市,南屯區,0,0,0,8,1,5,50,4,1,1,5,4,5,7,4,4,10,5,5,2,15,6,3,10,1,1,B03,7,5,1,8,2,1,,6,6,1,22,9,B03,120.653847,24.138919,3
2023,1,27,17,11,臺中市,北屯區,0,1,0,8,1,5,50,4,1,1,5,4,5,7,1,1,10,5,5,2,16,17,2,9,1,1,C03,7,15,1,10,2,12,,17,17,1,22,8,C03,120.686582,24.201323,2
2023,1,27,17,14,臺中市,大里區,0,2,0,8,1,5,40,3,1,1,5,4,5,7,4,4,10,5,5,2,17,23,2,7,3,4,C03,7,9,1,10,2,11,,23,23,1,21,5,C03,120.694924,24.089396,2
2023,1,27,17,24,臺中市,西屯區,0,0,0,8,,,40,,,,,,,,,,,,,,,23,,,,,B03,,,1,,1,,,23,,1,22,,B03,120.632545,24.170095,3
2023,1,27,17,26,臺中市,豐原區,0,0,0,8,,,50,,,,,,,,,,,,,,,23,,,,,B03,,,1,,2,,,23,,1,22,,B03,120.730405,24.25527,3
2023,1,27,17,27,臺中市,西區,0,1,0,8,2,5,50,3,1,1,5,4,5,7,2,1,10,5,5,2,16,6,3,10,1,1,B12,7,5,1,8,2,5,,6,6,1,22,8,B12,120.658641,24.155361,2
2023,1,27,17,29,臺中市,神岡區,0,0,0,8,,,50,,,,,,,,,,,,,,,16,,,,,C02,,,1,,2,,,16,,1,22,,C02,120.693184,24.248444,3
2023,1,27,17,30,臺中市,東區,0,0,0,8,,,50,,,,,,,,,,,,,,,12,,,,,B03,,,1,,2,,,12,,1,22,,B03,120.695755,24.136697,3
2023,1,27,17,40,臺中市,東區,0,1,0,8,2,5,50,4,1,1,5,4,5,7,1,1,10,5,5,2,16,6,2,9,1,1,C03,7,9,1,10,2,11,,23,6,1,22,3,C03,120.702255,24.142811,2
2023,1,27,17,40,臺中市,南區,0,0,0,8,,,40,,,,,,,,,,,,,,,23,,,,,C03,,,1,,1,,,23,,1,22,,C03,120.657025,24.113644,3
2023,1,27,17,40,臺中市,沙鹿區,0,0,0,8,1,5,60,3,7,1,5,4,5,7,1,1,1,3,1,1,13,16,,,,,B03,,,1,,2,,,16,,1,22,,B03,120.575738,24.227118,3
2023,1,27,17,51,臺中市,梧棲區,0,1,0,8,3,5,60,3,1,1,5,4,5,7,4,4,10,5,5,2,16,9,3,10,1,1,B03,7,6,1,8,9,6,,9,9,1,21,8,B03,120.52542,24.22497,2
2023,1,27,17,53,臺中市,西屯區,0,1,0,8,3,5,50,4,1,1,5,4,5,7,1,1,10,5,5,2,17,6,3,10,1,1,B03,7,6,1,8,2,2,,6,6,1,21,8,B03,120.629453,24.183773,2
2023,1,27,17,57,臺中市,西區,0,1,0,8,1,5,50,4,1,1,5,4,5,7,1,1,10,5,5,2,16,6,3,10,1,1,B03,7,5,1,8,2,2,,6,6,1,21,8,B03,120.651292,24.146749,2
2023,1,27,18,11,臺中市,西屯區,0,0,0,8,,,30,,,,,,,,,,,,,,,23,,,,,B03,,,1,,1,,,23,,1,22,,B03,120.648211,24.182971,3
2023,1,27,18,12,臺中市,龍井區,0,0,0,,,,60,,,,,,,,,,,,,,,7,,,,,B03,,,1,,1,,,7,,1,2,,B03,120.575229,24.184918,3
2023,1,27,18,15,臺中市,北區,0,1,0,7,3,5,50,4,1,1,5,4,5,7,1,1,10,5,5,2,16,7,2,7,1,1,C03,7,8,1,10,2,12,,7,7,1,5,8,C03,120.676764,24.163126,2
2023,1,27,18,19,臺中市,大里區,0,0,0,8,3,5,50,3,1,1,5,4,5,7,4,4,5,5,4,2,13,23,,,,,C03,,,1,,2,,,23,,1,22,,C03,120.69719,24.100884,3
2023,1,27,18,28,臺中市,豐原區,0,3,0,8,3,5,30,4,1,1,5,4,5,7,4,4,10,5,5,2,15,4,2,9,1,1,C03,7,9,1,10,2,11,,4,4,1,22,8,C03,120.71605,24.250805,2
2023,1,27,18,29,臺中市,北區,0,0,0,,,,50,,,,,,,,,,,,,,,19,,,,,B03,,,1,,1,,,19,,1,5,,B03,120.686737,24.148505,3
2023,1,27,18,30,臺中市,西屯區,0,0,0,8,,,30,,,,,,,,,,,,,,,23,,,,,B03,,,1,,1,,,23,,1,22,,B03,120.658173,24.169318,3
2023,1,27,18,32,臺中市,北區,0,1,0,8,3,5,50,3,1,1,5,4,5,7,4,4,10,5,5,2,16,6,3,10,3,4,B03,7,5,1,8,2,6,,6,6,1,5,8,B03,120.667038,24.159221,2
2023,1,27,18,33,臺中市,西區,0,1,0,8,3,5,50,14,9,1,5,4,5,7,4,4,5,4,5,2,12,42,3,10,1,1,B03,7,15,1,8,2,15,,42,42,1,5,8,B03,120.67608,24.139011,2
2023,1,27,18,34,臺中市,東區,0,2,0,8,3,5,50,4,2,1,5,4,5,7,2,1,5,5,4,2,16,9,3,10,1,1,B03,7,6,1,8,2,5,,9,9,1,21,8,B03,120.699443,24.135157,2
2023,1,27,18,39,臺中市,太平區,0,1,0,8,3,5,50,3,1,1,5,4,5,7,4,4,10,5,5,2,29,23,2,9,1,1,C03,7,9,1,9,2,14,,23,23,1,9,8,C03,120.732082,24.150407,2
2023,1,27,18,44,臺中市,北屯區,0,1,0,8,3,5,50,4,1,1,5,4,5,7,1,1,10,5,5,2,13,23,3,10,1,1,B03,7,6,1,8,2,3,,44,16,1,4,8,B03,120.687678,24.171873,2