年,月,日,時,分,縣市,區,死,受傷,2-30,天候,光線,道路類別,速限,道路型態,事故位置,路面鋪裝,路面狀態,路面缺陷,障礙物,視距,號誌種類,號誌動作,分向設施,快車道或一般車道間,快慢車道間,路面邊線,事故類型及型態,主要肇因,受傷程度,主要傷處,保護裝備,行動電話,當事者區分,車輛用途,當事者行動狀態,駕駛資格情形,駕駛執照種類,飲酒情形,車輛撞擊部位最初,車輛撞擊部位其他,肇事因素個別,肇事因素主要,肇事逃逸,職業,旅次目的,車種,GPS緯度,GPS經度,事故類別
2023,1,27,18,50,臺中市,西區,0,1,0,8,3,5,50,4,1,1,5,4,5,7,4,4,10,5,5,2,3,15,3,10,1,1,C03,7,9,1,10,2,11,,15,15,1,21,8,C03,120.660874,24.146701,2
2023,1,27,18,50,臺中市,西屯區,0,0,0,8,,,30,,,,,,,,,,,,,,,12,,,,,B01,,,1,,2,,,12,,2,10,,B01,120.641797,24.173902,3
2023,1,27,18,50,臺中市,大甲區,0,0,0,8,,,50,,,,,,,,,,,,,,,6,,,,,B03,,,1,,2,,,6,6,1,9,,B03,120.62023,24.35385,3
2023,1,27,18,53,臺中市,西屯區,0,0,0,8,,,50,,,,,,,,,,,,,,,23,,,,,B02,,,1,,2,,,23,,1,22,,B02,120.646095,24.184893,3
2023,1,27,19,0,臺中市,豐原區,0,0,0,8,,,60,,,,,,,,,,,,,,,12,,,,,B03,,,1,,2,,,12,,1,22,,B03,120.719636,24.263111,3
2023,1,27,19,5,臺中市,西區,0,0,0,8,,,50,,,,,,,,,,,,,,,18,,,,,B03,,,1,,1,,,18,,1,22,,B03,120.66295,24.149931,3
2023,1,27,19,6,臺中市,太平區,0,0,0,8,,,30,,,,,,,,,,,,,,,19,,,,,B03,,,1,,1,,,19,,1,21,,B03,120.71903,24.130735,3
2023,1,27,19,9,臺中市,西屯區,0,1,0,8,3,5,40,3,8,1,5,4,5,7,1,1,1,5,1,2,13,23,2,9,1,1,C03,7,9,1,10,2,11,,23,23,1,21,8,C03,120.615749,24.182725,2
2023,1,27,19,13,臺中市,豐原區,0,0,0,8,,,40,,,,,,,,,,,,,,,23,,,,,B03,,,1,,2,,,23,,1,22,,B03,120.733807,24.236193,3
2023,1,27,19,15,臺中市,沙鹿區,0,0,0,8,,,30,,,,,,,,,,,,,,,23,,,,,B03,,,1,,1,,,23,,1,22,,B03,120.606747,24.245562,3
2023,1,27,19,15,臺中市,豐原區,0,2,0,8,3,5,50,14,7,1,5,4,5,7,4,4,5,5,4,2,10,4,2,9,1,1,C03,7,9,1,10,2,11,,4,4,1,22,8,C03,120.722716,24.240033,2
2023,1,27,19,17,臺中市,南屯區,0,2,0,8,3,5,50,4,1,1,5,4,5,7,1,1,3,4,4,2,17,10,3,10,1,1,B12,7,11,1,8,2,2,,10,10,1,22,8,B12,120.643927,24.148769,2
2023,1,27,19,19,臺中市,大里區,0,0,0,8,,,50,,,,,,,,,,,,,,,12,,,,,B03,,,1,,2,,,12,,1,22,,B03,120.681926,24.100541,3
2023,1,27,19,19,臺中市,大甲區,0,1,0,8,3,5,50,4,1,1,5,4,5,7,1,1,10,5,5,2,16,6,3,10,1,1,B03,7,5,1,8,2,8,,6,6,1,21,8,B03,120.62027,24.34967,2
2023,1,27,19,20,臺中市,北屯區,0,0,0,8,,,50,,,,,,,,,,,,,,,23,,,,,B01,,,1,,9,,,23,,1,10,,B01,120.686325,24.1922,3
2023,1,27,19,27,臺中市,西屯區,0,1,0,8,1,5,40,14,8,1,5,4,5,7,4,4,8,4,4,1,16,6,2,8,1,4,C03,7,6,1,10,1,13,,6,6,1,4,8,C03,120.643773,24.170471,2
2023,1,27,19,29,臺中市,西區,0,0,0,8,,,50,,,,,,,,,,,,,,,26,,,,,B03,,,1,,1,,,26,,1,21,,B03,120.665242,24.149487,3
2023,1,27,19,32,臺中市,西屯區,0,0,0,8,,,60,,,,,,,,,,,,,,,23,,,,,B03,,,1,,1,,,23,,1,22,,B03,120.634595,24.176292,3
2023,1,27,19,35,臺中市,北屯區,0,0,0,,,,,,,,,,,,,,,,,,,43,,,,,,,,,,,,,43,,1,,,,120.665378,24.183804,3
2023,1,27,19,43,臺中市,豐原區,0,2,0,8,3,5,50,3,7,1,5,4,5,7,4,4,8,3,4,1,16,19,2,9,1,1,C03,7,1,1,10,2,14,,19,19,1,22,5,C03,120.732045,24.255415,2
2023,1,27,19,53,臺中市,北屯區,0,0,0,8,,,50,,,,,,,,,,,,,,,23,,,,,B03,,,1,,2,,,23,,1,22,,B03,120.685498,24.172177,3
2023,1,27,20,5,臺中市,北區,0,0,0,8,,,50,,,,,,,,,,,,,,,23,,,,,B03,,,1,,1,,,23,,1,5,,B03,120.699045,24.154436,3
2023,1,27,20,11,臺中市,北屯區,0,0,0,8,,,50,,,,,,,,,,,,,,,19,,,,,B03,,,6,,1,,,19,,1,22,,B03,120.68344,24.171653,3
2023,1,27,20,16,臺中市,大雅區,0,0,0,8,,,50,,,,,,,,,,,,,,,23,,,,,B03,,,1,,2,,,23,,1,22,,B03,120.65179,24.228009,3
2023,1,27,20,16,臺中市,大雅區,0,0,0,8,,,30,,,,,,,,,,,,,,,12,,,,,B03,,,1,,2,,,12,,1,22,,B03,120.624389,24.231546,3
2023,1,27,20,17,臺中市,太平區,0,0,0,8,,,30,,,,,,,,,,,,,,,17,,,,,B03,,,1,,2,,,17,,1,21,,B03,120.711043,24.126117,3
2023,1,27,20,18,臺中市,中區,0,0,0,8,,,50,,,,,,,,,,,,,,,43,,,,,,,,,,,,,43,,1,,,,120.682924,24.141973,3
2023,1,27,20,19,臺中市,潭子區,0,0,0,8,,,50,,,,,,,,,,,,,,,9,,,,,B03,,,1,,2,,,9,,1,22,,B03,120.710234,24.209314,3
2023,1,27,20,28,臺中市,霧峰區,0,0,0,8,,,70,,,,,,,,,,,,,,,7,,,,,B03,,,1,,2,,,7,,1,4,,B03,120.695399,24.0526,3
2023,1,27,20,36,臺中市,西屯區,0,0,0,8,,,1,,,,,,,,,,,,,,,12,,,,,B03,,,1,,1,,,12,,1,22,,B03,120.6362,24.168631,3
2023,1,27,20,40,臺中市,中區,0,3,0,8,3,5,50,4,1,1,5,4,5,7,1,1,10,5,5,2,16,6,3,10,1,1,B03,7,6,1,8,2,5,,6,6,1,21,8,B03,120.681796,24.144577,2
2023,1,27,20,43,臺中市,太平區,0,0,0,8,,,50,,,,,,,,,,,,,,,17,,,,,C03,,,1,,1,,,17,,1,22,,C03,120.714418,24.126425,3
2023,1,27,20,50,臺中市,大肚區,0,1,0,8,3,5,50,14,9,1,5,4,5,7,4,4,5,5,4,2,20,23,2,1,1,1,C03,7,9,1,10,4,14,,23,23,1,19,8,C03,120.539356,24.153728,2
2023,1,27,20,52,臺中市,烏日區,0,0,0,8,,,30,,,,,,,,,,,,,,,12,,,,,B03,,,1,,11,,,12,,1,21,,B03,120.643705,24.111734,3
2023,1,27,20,55,臺中市,北區,0,2,0,8,1,5,50,4,2,1,5,4,5,7,1,1,5,4,4,1,16,6,2,9,3,4,C03,7,5,4,10,2,11,,6,6,1,22,9,C03,120.66923,24.159216,2
2023,1,27,21,13,臺中市,太平區,0,0,0,8,,,50,,,,,,,,,,,,,,,42,,,,,B03,,,1,,1,,,42,,1,21,,B03,120.715533,24.142104,3
2023,1,27,21,14,臺中市,北區,0,0,0,,,,50,,,,,,,,,,,,,,,23,,,,,B03,,,1,,2,,,23,,1,5,,B03,120.679109,24.15344,3
2023,1,27,21,27,臺中市,豐原區,0,0,0,8,,,50,,,,,,,,,,,,,,,18,,,,,C02,,,1,,2,,,18,,1,22,,C02,120.71523,24.249781,3
2023,1,27,21,29,臺中市,南區,0,0,0,8,3,5,50,3,2,1,5,4,5,7,2,1,3,5,2,2,25,21,3,10,1,1,B03,7,9,1,6,8,8,,21,21,1,4,5,B03,120.659907,24.12476,3
2023,1,27,21,29,臺中市,東區,0,2,0,8,1,5,50,4,1,1,5,4,5,7,4,4,5,4,5,2,17,43,2,9,1,1,C03,7,9,1,10,2,12,,43,43,1,21,8,C03,120.691233,24.143002,2
2023,1,27,21,29,臺中市,東區,0,0,0,,,,50,,,,,,,,,,,,,,,1,,,,,C03,,,1,,2,,,1,,1,22,,C03,120.706375,24.129619,3
2023,1,27,21,40,臺中市,西屯區,0,0,0,8,,,50,,,,,,,,,,,,,,,16,,,,,B03,,,1,,1,,,16,,1,22,,B03,120.635238,24.172573,3
2023,1,27,21,45,臺中市,豐原區,0,0,0,8,,,50,,,,,,,,,,,,,,,18,,,,,C03,,,1,,9,,,18,,1,22,,C03,120.719627,24.250583,4
2023,1,27,21,46,臺中市,北區,0,0,0,8,,,40,,,,,,,,,,,,,,,12,,,,,B03,,,1,,1,,,12,,1,5,,B03,120.684906,24.153996,3
2023,1,27,22,0,臺中市,南屯區,0,1,0,8,3,5,50,14,7,1,5,4,5,7,4,4,1,4,5,2,23,42,2,1,1,1,B03,7,7,1,8,2,8,,42,42,1,22,9,B03,120.65281,24.140215,2
2023,1,27,22,5,臺中市,東區,0,1,0,8,3,5,50,5,1,1,5,4,5,7,1,1,10,5,5,2,16,9,3,10,1,1,B03,7,6,1,8,2,5,,9,9,1,22,8,B03,120.693367,24.133112,2
2023,1,27,22,5,臺中市,西屯區,0,2,0,8,3,5,50,4,1,1,5,4,5,7,2,1,10,5,5,2,16,44,2,9,1,1,C03,7,5,1,10,2,12,14,44,44,1,5,4,C03,120.645165,24.178836,2
2023,1,27,22,15,臺中市,南屯區,0,2,0,8,3,5,50,4,1,1,5,4,5,7,1,1,4,3,5,2,12,4,2,9,1,1,C03,7,1,1,10,2,13,14,4,4,1,22,8,C03,120.653095,24.136611,2
2023,1,27,22,20,臺中市,霧峰區,0,1,0,8,1,5,30,14,9,1,5,4,5,7,4,4,10,5,5,1,17,23,2,9,1,1,C03,7,9,1,10,2,12,,23,23,1,21,5,C03,120.665224,24.066778,2
2023,1,27,22,31,臺中市,北屯區,0,1,0,8,3,5,50,14,7,1,5,4,5,7,4,4,9,5,4,1,16,10,3,10,1,2,B03,7,11,1,8,2,5,,10,10,1,21,8,B03,120.721851,24.160621,2
2023,1,27,22,40,臺中市,東區,0,1,0,8,3,5,50,4,1,1,5,4,5,7,1,1,10,5,5,2,16,6,3,10,1,1,B03,7,5,1,8,9,5,,6,6,1,5,8,B03,120.689634,24.13283,2
2023,1,27,22,49,臺中市,北區,0,1,0,8,3,5,50,14,9,1,5,4,5,7,4,4,3,4,5,2,17,19,3,10,1,1,B03,7,1,1,8,2,8,,19,19,1,22,9,B03,120.67655,24.150247,2
2023,1,27,22,50,臺中市,南屯區,0,1,0,8,3,5,30,4,1,1,5,4,5,7,4,4,10,5,5,2,16,6,3,10,1,1,B03,7,5,1,8,2,5,,6,6,1,22,9,B03,120.637267,24.13908,2
2023,1,27,22,50,臺中市,北屯區,0,2,0,8,3,5,50,4,1,1,5,4,5,7,1,1,10,5,5,2,15,25,2,3,1,1,B12,7,9,1,8,2,4,,44,25,1,10,8,B12,120.722543,24.176029,2
2023,1,27,22,53,臺中市,豐原區,0,0,0,8,,,30,,,,,,,,,,,,,,,5,,,,,B03,,,1,,2,,,5,,1,22,,B03,120.739035,24.248226,3
2023,1,27,23,2,臺中市,西區,0,1,0,8,3,5,40,3,1,1,5,4,5,7,1,1,10,5,5,2,16,10,3,10,1,1,B12,7,11,1,8,1,5,,10,10,1,22,9,B12,120.673905,24.143152,2
2023,1,27,23,4,臺中市,大里區,0,1,0,8,3,5,50,4,2,1,5,4,5,7,2,1,3,4,4,1,3,15,3,10,3,4,B03,7,5,1,8,2,8,,15,15,1,22,9,B03,120.68767,24.102465,2
2023,1,27,23,24,臺中市,西屯區,0,0,0,8,,,50,,,,,,,,,,,,,,,23,,,,,B03,,,1,,2,,,23,,1,22,,B03,120.650674,24.175871,3
2023,1,27,23,27,臺中市,西屯區,0,1,0,8,3,5,50,3,8,1,5,4,5,7,1,1,1,4,5,2,18,42,2,9,1,1,C03,7,9,1,10,2,14,,42,42,1,22,8,C03,120.628163,24.163536,2
2023,1,27,23,30,臺中市,大里區,0,0,0,8,,,30,,,,,,,,,,,,,,,17,,,,,B03,,,3,,9,,,17,,1,22,,B03,120.681191,24.076235,3
2023,1,27,23,31,臺中市,西區,0,0,0,8,,,50,,,,,,,,,,,,,,,42,,,,,B03,,,1,,1,,,42,42,1,22,,B03,120.659057,24.138144,3
2023,1,27,23,36,臺中市,太平區,0,0,0,8,,,50,,,,,,,,,,,,,,,23,,,,,B03,,,1,,2,,,23,,1,4,,B03,120.710697,24.150164,3
2023,1,27,23,48,臺中市,北區,0,0,0,,,,40,,,,,,,,,,,,,,,7,,,,,C03,,,1,,1,,,7,7,1,5,,C03,120.68758,24.157669,3
2023,1,27,23,49,臺中市,大里區,0,2,0,8,3,5,50,4,1,1,5,4,5,7,3,1,10,5,5,2,15,6,3,10,1,1,B03,7,9,1,8,2,8,,6,6,1,3,8,B03,120.699967,24.092142,2
2023,1,28,0,30,臺中市,北屯區,0,0,0,8,,,50,,,,,,,,,,,,,,,23,,,,,B12,,,1,,2,,,23,,1,6,,B12,120.673344,24.200797,3
2023,1,28,1,0,臺中市,北屯區,0,1,0,8,3,5,50,4,2,1,5,4,5,7,3,1,5,4,4,2,18,23,2,9,1,1,C03,7,9,1,9,2,14,,23,23,1,22,8,C03,120.687034,24.168162,2
2023,1,28,1,1,臺中市,潭子區,0,1,0,8,3,5,40,3,7,1,5,4,5,7,4,4,1,4,4,1,17,14,3,10,1,1,B01,7,6,1,4,2,15,,6,14,1,22,8,B01,120.70533,24.210748,2
2023,1,28,1,6,臺中市,西區,0,0,0,8,,,50,,,,,,,,,,,,,,,12,,,,,B03,,,1,,11,,,12,,1,22,,B03,120.661797,24.150279,3
2023,1,28,1,7,臺中市,南區,0,0,0,8,,,30,,,,,,,,,,,,,,,23,,,,,B03,,,1,,2,,,23,,1,4,,B03,120.65635,24.12788,3
2023,1,28,1,7,臺中市,南屯區,0,1,0,8,3,5,50,4,1,1,5,4,5,7,4,4,4,3,5,2,16,6,3,10,1,1,B03,7,9,4,10,2,2,6,6,6,1,22,8,B03,120.624,24.115421,2
2023,1,28,1,30,臺中市,南屯區,0,1,0,8,3,5,50,4,18,1,5,4,5,7,2,1,10,5,5,2,3,15,3,10,1,1,B03,7,5,1,8,2,4,,15,15,1,22,9,B03,120.646752,24.153456,2
2023,1,28,1,34,臺中市,西區,0,1,0,8,3,5,50,14,7,1,5,4,5,7,4,4,5,4,4,2,27,42,2,9,3,4,C03,7,9,1,10,2,11,,42,42,1,22,5,C03,120.668575,24.139446,2
2023,1,28,2,18,臺中市,豐原區,0,0,0,8,,,60,,,,,,,,,,,,,,,23,,,,,B03,,,1,,2,,,23,,1,22,,B03,120.703488,24.238166,3
2023,1,28,2,40,臺中市,南區,0,4,0,7,3,5,50,4,1,1,5,4,5,7,1,1,10,5,5,2,13,23,2,9,1,1,B03,7,9,1,8,7,1,,23,23,1,22,8,B03,120.659907,24.12476,2
2023,1,28,3,26,臺中市,大甲區,0,0,0,8,,,50,,,,,,,,,,,,,,,23,,,,,B03,,,1,,1,,,23,,1,22,,B03,120.629511,24.345139,3
2023,1,28,3,29,臺中市,西屯區,0,0,0,8,,,50,,,,,,,,,,,,,,,23,,,,,B03,,,1,,1,,,23,,1,22,,B03,120.660999,24.171532,3
2023,1,28,4,26,臺中市,南屯區,0,1,0,8,3,5,50,3,1,1,5,4,5,7,4,4,4,3,5,2,13,23,2,9,1,1,C03,7,9,1,10,2,11,14,23,23,1,22,8,C03,120.647918,24.140841,2
2023,1,28,4,30,臺中市,東區,0,1,0,8,3,5,50,3,1,1,5,4,5,7,4,4,10,5,5,2,16,6,2,8,1,1,C03,7,5,4,8,2,11,,6,6,1,6,8,C03,120.69413,24.136972,2
2023,1,28,5,5,臺中市,太平區,0,0,0,8,,,50,,,,,,,,,,,,,,,42,,,,,B03,,,1,,1,,,42,,1,21,,B03,120.720039,24.157244,3
2023,1,28,5,7,臺中市,大里區,0,0,0,8,,,50,,,,,,,,,,,,,,,23,,,,,C03,,,1,,2,,,23,,1,22,,C03,120.69919,24.092053,3
2023,1,28,5,35,臺中市,大甲區,0,0,0,8,,,50,,,,,,,,,,,,,,,42,,,,,B03,,,1,,2,,,42,,1,21,,B03,120.61921,24.34049,3
2023,1,28,6,24,臺中市,西屯區,0,1,0,8,3,5,50,4,1,1,5,4,5,7,1,1,10,5,5,2,17,23,3,10,1,1,B03,7,5,1,8,2,8,,23,23,1,22,8,B03,120.622501,24.186018,2
2023,1,28,6,52,臺中市,梧棲區,0,2,0,8,1,5,40,3,9,1,5,4,5,7,4,4,10,5,5,1,15,6,2,9,1,1,C03,7,9,1,10,2,11,,6,6,1,4,8,C03,120.557881,24.241825,2
2023,1,28,7,3,臺中市,南區,0,0,0,8,,,50,,,,,,,,,,,,,,,23,,,,,B12,,,1,,1,,,23,,1,22,,B12,120.679148,24.127546,3
2023,1,28,7,3,臺中市,西屯區,0,1,0,8,1,5,50,14,9,1,5,4,5,7,4,4,5,5,5,1,18,42,2,9,3,4,C03,7,9,1,10,2,14,,42,42,1,22,8,C03,120.667203,24.177932,2
2023,1,28,7,19,臺中市,梧棲區,0,1,0,8,1,5,60,4,9,1,5,4,5,7,1,1,1,4,4,1,16,42,2,5,2,1,F01,7,5,8,20,2,16,,42,42,1,20,8,F01,120.540915,24.261205,2
2023,1,28,7,23,臺中市,太平區,0,1,0,8,1,5,50,4,2,1,5,4,5,7,4,4,5,5,4,2,16,26,3,10,1,1,C03,7,5,1,10,2,14,,26,26,1,22,8,C03,120.720816,24.13055,2
2023,1,28,7,24,臺中市,大里區,0,1,0,8,1,5,50,14,9,1,5,4,5,7,1,1,5,5,5,1,17,23,2,9,1,1,C03,7,9,3,18,2,11,,23,23,1,22,8,C03,120.688223,24.093958,2
2023,1,28,7,30,臺中市,西區,0,0,0,8,,,50,,,,,,,,,,,,,,,23,,,,,B03,,,1,,1,,,23,,1,5,,B03,120.659254,24.156032,3
2023,1,28,7,59,臺中市,西區,0,1,0,8,1,5,50,4,1,1,5,4,5,7,4,4,10,5,5,2,15,6,3,10,1,1,B03,7,9,6,8,1,1,,6,6,1,5,5,B03,120.660188,24.141246,2
2023,1,28,8,30,臺中市,北區,0,0,0,,,,50,,,,,,,,,,,,,,,12,,,,,B12,,,1,,2,,,12,,1,21,,B12,120.675864,24.151124,3
2023,1,28,8,30,臺中市,大甲區,0,1,0,8,1,5,50,4,1,1,5,4,5,7,4,4,10,5,5,2,15,6,2,9,1,1,C03,7,9,1,10,2,11,,6,6,1,20,8,C03,120.632053,24.342094,2
2023,1,28,8,34,臺中市,北區,0,1,0,8,1,5,40,3,2,1,5,4,5,7,1,1,5,4,4,2,16,7,3,10,1,1,C03,7,7,1,10,2,13,,7,7,1,22,8,C03,120.681991,24.151966,2
2023,1,28,8,42,臺中市,太平區,0,0,0,8,,,50,,,,,,,,,,,,,,,19,,,,,C02,,,4,,2,,,19,,1,18,,C02,120.722438,24.149329,3
2023,1,28,8,43,臺中市,沙鹿區,0,2,0,8,1,5,30,4,1,1,5,4,5,7,4,4,10,5,5,2,15,6,2,9,1,1,C03,7,9,1,10,2,11,,6,6,1,2,1,C03,120.550446,24.21787,2
2023,1,28,9,8,臺中市,豐原區,0,0,0,8,,,50,,,,,,,,,,,,,,,23,,,,,B03,,,1,,9,,,23,,1,22,,B03,120.802916,24.256438,3
2023,1,28,9,17,臺中市,大里區,0,1,0,8,1,5,50,4,2,1,5,4,5,7,1,1,1,4,4,2,16,25,3,10,1,1,B12,7,9,1,7,2,4,,25,25,1,22,8,B12,120.691783,24.074106,2
2023,1,28,9,23,臺中市,沙鹿區,0,0,0,8,,,60,,,,,,,,,,,,,,,42,,,,,B03,,,1,,1,,,42,,1,5,,B03,120.597591,24.249998,3
2023,1,28,9,37,臺中市,北區,0,2,0,8,3,5,50,3,1,1,5,4,5,7,4,4,1,4,5,2,16,6,3,10,1,1,B12,7,7,1,8,2,4,,6,7,1,22,8,B12,120.691377,24.158921,2
2023,1,28,9,41,臺中市,西區,0,0,0,8,1,5,50,14,9,1,5,4,5,7,4,4,5,5,5,1,14,12,3,10,1,1,B03,7,2,1,8,2,6,,12,12,1,21,8,B03,120.653322,24.147671,3
2023,1,28,9,41,臺中市,北區,0,0,0,,,,50,,,,,,,,,,,,,,,16,,,,,A04,,,1,,2,,,16,16,1,10,,A04,120.68616,24.146227,3
2023,1,28,9,43,臺中市,北屯區,0,1,0,8,1,5,50,14,7,1,5,4,5,7,4,4,9,4,4,2,16,19,2,9,1,1,C03,7,1,1,10,2,11,,19,19,1,22,8,C03,120.683883,24.1797,2
2023,1,28,9,43,臺中市,沙鹿區,0,1,0,8,1,5,50,3,8,1,5,4,5,7,3,1,5,5,4,2,12,7,3,10,1,1,A11,7,8,1,3,2,2,,7,7,1,10,4,A11,120.568069,24.236807,2
2023,1,28,9,45,臺中市,西屯區,0,0,0,8,,,30,,,,,,,,,,,,,,,43,,,,,C03,,,1,,1,,,44,43,1,22,,C03,120.652275,24.162307,3
2023,1,28,9,58,臺中市,北屯區,0,2,0,8,1,5,50,14,9,1,5,4,5,7,4,4,5,5,5,2,16,26,2,9,1,1,C03,7,1,1,10,2,11,,26,26,1,21,8,C03,120.692968,24.177431,2
2023,1,28,9,58,臺中市,大甲區,0,0,0,8,,,50,,,,,,,,,,,,,,,16,,,,,B03,,,1,,2,,,16,,1,4,,B03,120.627806,24.346613,3
2023,1,28,10,0,臺中市,神岡區,0,0,0,8,,,50,,,,,,,,,,,,,,,12,,,,,B03,,,1,,2,,,12,,1,12,,B03,120.686315,24.24666,3
2023,1,28,10,5,臺中市,南區,0,1,0,8,1,5,50,4,2,1,5,4,5,7,1,1,10,5,5,2,13,16,2,8,1,1,C03,7,6,1,10,2,11,,16,16,1,22,8,C03,120.679383,24.118922,2
2023,1,28,10,5,臺中市,南屯區,0,2,0,8,1,5,40,14,8,1,5,4,5,7,4,4,1,4,4,2,16,19,2,9,1,1,C03,7,1,1,10,2,14,,19,19,1,5,8,C03,120.636233,24.156453,2
2023,1,28,10,10,臺中市,大雅區,0,0,0,8,,,70,,,,,,,,,,,,,,,23,,,,,A02,,,1,,2,,,23,,1,10,,A02,120.6361,24.235055,3
2023,1,28,10,14,臺中市,北屯區,0,1,0,7,1,5,40,14,7,1,5,4,5,7,4,4,5,4,4,2,17,19,3,10,1,1,C03,7,1,1,10,2,13,,19,19,1,21,8,C03,120.710948,24.175863,2
2023,1,28,10,20,臺中市,沙鹿區,0,0,0,8,,,60,,,,,,,,,,,,,,,7,,,,,A31,,,1,,1,,,7,,1,10,,A31,120.597591,24.249998,3
2023,1,28,10,23,臺中市,潭子區,0,1,0,8,1,5,30,14,9,1,5,4,5,7,4,4,10,5,5,2,18,23,2,9,1,1,C03,7,9,1,10,2,12,,23,23,1,22,8,C03,120.7114,24.189966,2
2023,1,28,10,29,臺中市,西屯區,0,0,0,8,,,40,,,,,,,,,,,,,,,23,,,,,B12,,,1,,1,,,23,,1,22,,B12,120.633948,24.177314,3
2023,1,28,10,30,臺中市,南區,0,1,0,8,1,5,50,4,1,1,5,4,5,7,3,1,10,5,5,2,13,23,2,9,1,1,C03,7,9,1,10,2,11,,23,23,1,22,8,C03,120.665575,24.121619,2
2023,1,28,10,30,臺中市,西屯區,0,0,0,8,,,30,,,,,,,,,,,,,,,23,,,,,A12,,,1,,1,,,23,,1,22,,A12,120.648535,24.201431,3
2023,1,28,10,30,臺中市,烏日區,0,0,0,8,,,50,,,,,,,,,,,,,,,26,,,,,B03,,,1,,2,,,26,,1,21,,B03,120.638309,24.107132,3
2023,1,28,10,36,臺中市,西屯區,0,0,0,8,,,50,,,,,,,,,,,,,,,7,,,,,B03,,,1,,1,,,7,7,1,22,,B03,120.66627,24.169756,3
2023,1,28,10,40,臺中市,中區,0,1,0,8,1,5,50,4,1,1,5,4,5,7,1,1,10,5,5,2,16,9,3,10,1,1,B03,7,6,1,8,2,6,,9,9,1,21,8,B03,120.682212,24.135899,2
2023,1,28,10,40,臺中市,西屯區,0,3,0,8,1,5,50,14,9,1,5,4,5,7,4,4,5,5,5,2,13,10,2,9,3,4,C03,7,11,1,10,2,13,,10,10,1,22,8,C03,120.619576,24.180446,2
2023,1,28,10,54,臺中市,沙鹿區,0,0,0,8,,,50,,,,,,,,,,,,,,,23,,,,,B03,,,1,,2,,,23,,1,10,,B03,120.576782,24.225662,3
2023,1,28,10,55,臺中市,清水區,0,0,0,8,,,50,,,,,,,,,,,,,,,6,,,,,B03,,,1,,1,,,6,,1,22,,B03,120.54198,24.267936,3
2023,1,28,10,57,臺中市,北屯區,0,1,0,8,1,5,50,4,1,1,5,4,5,7,1,1,10,5,5,2,12,43,3,10,3,4,B12,7,9,1,8,2,2,,43,43,1,21,8,B12,120.668514,24.178265,2
2023,1,28,10,59,臺中市,霧峰區,0,0,0,8,,,50,,,,,,,,,,,,,,,8,,,,,C03,,,1,,2,,,8,,1,22,,C03,120.678028,24.073679,3
2023,1,28,11,2,臺中市,北區,0,0,0,8,,,40,,,,,,,,,,,,,,,42,,,,,B12,,,1,,2,,,42,,1,22,,B12,120.673888,24.171663,3
2023,1,28,11,3,臺中市,太平區,0,0,0,8,,,50,,,,,,,,,,,,,,,23,,,,,B03,,,1,,2,,,23,,1,21,,B03,120.71671,24.15404,3
2023,1,28,11,3,臺中市,外埔區,0,1,0,8,1,5,50,3,1,1,5,4,5,7,4,4,10,5,5,2,18,43,2,9,1,1,C03,7,9,1,10,2,12,,43,43,1,22,8,C03,120.625949,24.33622,2
2023,1,28,11,8,臺中市,南屯區,0,1,0,8,1,5,50,14,9,1,5,4,5,7,1,1,5,4,5,2,12,6,3,10,1,1,C03,7,5,1,10,2,14,,6,6,1,5,8,C03,120.635213,24.151303,2
2023,1,28,11,20,臺中市,霧峰區,0,2,0,8,1,5,50,3,1,1,5,4,3,5,4,4,9,5,5,2,16,8,2,9,1,1,F01,7,5,8,20,2,16,,8,8,1,22,8,F01,120.696286,24.058411,2
2023,1,28,11,21,臺中市,北區,0,2,0,8,1,5,50,4,1,1,5,4,5,7,1,1,10,5,5,2,15,25,2,9,1,1,C03,7,9,1,10,2,12,,25,25,1,22,8,C03,120.678453,24.161676,2
2023,1,28,11,23,臺中市,北屯區,0,0,0,8,,,50,,,,,,,,,,,,,,,16,,,,,B03,,,1,,1,,,16,,1,22,,B03,120.698136,24.172695,3
2023,1,28,11,25,臺中市,清水區,0,0,0,8,,,70,,,,,,,,,,,,,,,6,,,,,B03,,,1,,2,,,6,6,1,22,,B03,120.597772,24.307877,3
2023,1,28,11,25,臺中市,新社區,0,0,0,8,,,40,,,,,,,,,,,,,,,23,,,,,B03,,,1,,2,,,23,,1,21,,B03,120.821815,24.176917,3
2023,1,28,11,26,臺中市,南屯區,0,0,0,8,1,5,50,14,9,1,5,4,5,7,4,4,9,5,5,2,11,23,3,10,1,1,A11,7,9,1,3,2,4,,23,23,1,22,8,A11,120.634421,24.141534,3
2023,1,28,11,26,臺中市,北屯區,0,1,0,8,1,5,50,5,1,1,5,4,5,7,2,1,10,5,5,2,16,26,3,10,1,1,B03,7,6,1,8,2,5,,26,26,1,21,8,B03,120.730896,24.177326,2
2023,1,28,11,30,臺中市,東區,0,2,0,8,1,5,50,14,9,1,5,4,5,7,4,4,5,4,5,2,2,23,2,8,1,1,C03,7,9,4,8,2,11,,23,23,1,5,8,C03,120.690491,24.143008,2