年,月,日,時,分,縣市,區,死,受傷,2-30,天候,光線,道路類別,速限,道路型態,事故位置,路面鋪裝,路面狀態,路面缺陷,障礙物,視距,號誌種類,號誌動作,分向設施,快車道或一般車道間,快慢車道間,路面邊線,事故類型及型態,主要肇因,受傷程度,主要傷處,保護裝備,行動電話,當事者區分,車輛用途,當事者行動狀態,駕駛資格情形,駕駛執照種類,飲酒情形,車輛撞擊部位最初,車輛撞擊部位其他,肇事因素個別,肇事因素主要,肇事逃逸,職業,旅次目的,車種,GPS緯度,GPS經度,事故類別
2023,1,29,10,54,臺中市,大里區,0,1,0,8,1,5,30,3,1,1,5,4,5,7,4,4,10,5,5,2,11,23,3,10,1,1,B03,7,6,1,8,2,5,,23,23,1,5,8,B03,120.658441,24.099891,2
2023,1,29,11,0,臺中市,西屯區,0,1,0,8,1,5,60,4,7,1,5,4,5,7,2,1,1,4,1,2,14,42,3,10,3,4,B03,7,2,1,8,2,3,,42,42,1,22,8,B03,120.635348,24.160266,2
2023,1,29,11,2,臺中市,豐原區,0,1,0,8,1,5,50,5,1,1,5,4,5,7,1,1,5,5,4,2,16,25,3,10,1,1,B03,7,9,1,8,2,1,,25,25,1,22,8,B03,120.713463,24.24918,2
2023,1,29,11,3,臺中市,豐原區,0,1,0,8,1,5,40,14,8,1,5,4,5,7,4,4,4,4,4,2,12,1,3,10,1,1,B03,7,4,1,8,2,2,,1,1,1,22,8,B03,120.718528,24.251729,2
2023,1,29,11,5,臺中市,南屯區,0,0,0,8,,,50,,,,,,,,,,,,,,,18,,,,,B03,,,1,,2,,,18,18,1,5,,B03,120.65273,24.152235,3
2023,1,29,11,6,臺中市,神岡區,0,0,0,8,,,50,,,,,,,,,,,,,,,16,,,,,B02,,,1,,1,,,16,,1,22,,B02,120.664977,24.273798,3
2023,1,29,11,9,臺中市,后里區,0,2,0,8,1,5,50,4,1,1,5,4,5,7,1,1,5,2,5,1,18,25,2,9,1,1,C03,7,9,1,10,2,14,,25,25,1,21,8,C03,120.716605,24.296466,2
2023,1,29,11,10,臺中市,太平區,0,0,0,8,1,5,50,14,9,1,5,4,5,7,4,4,5,5,5,2,13,30,3,10,1,1,B12,7,9,1,8,2,1,,30,30,1,21,8,B12,120.714505,24.149845,3
2023,1,29,11,16,臺中市,大雅區,0,1,0,8,1,5,50,3,9,1,5,4,5,7,4,4,5,5,5,1,17,43,2,9,1,1,C03,7,9,1,10,2,12,,23,43,1,22,8,C03,120.654951,24.234818,2
2023,1,29,11,20,臺中市,大雅區,0,0,0,8,,,30,,,,,,,,,,,,,,,6,,,,,B03,,,1,,2,,,6,,1,22,,B03,120.649887,24.217415,3
2023,1,29,11,23,臺中市,南區,0,0,0,,,,50,,,,,,,,,,,,,,,17,,,,,B03,,,1,,2,,,17,,1,22,,B03,120.699431,24.135338,3
2023,1,29,11,28,臺中市,南區,0,2,0,8,1,5,50,4,1,1,5,4,5,7,1,1,1,4,5,2,15,25,3,10,1,1,B03,7,9,1,8,2,5,,25,25,1,22,8,B03,120.670796,24.129533,2
2023,1,29,11,30,臺中市,東區,0,1,0,8,1,5,50,4,1,1,5,4,5,7,1,1,10,5,5,2,18,23,2,9,1,1,C03,7,5,1,10,2,14,,23,23,1,22,8,C03,120.70115,24.125344,2
2023,1,29,11,30,臺中市,烏日區,0,0,0,8,,,30,,,,,,,,,,,,,,,17,,,,,B03,,,1,,2,,,17,17,1,21,,B03,120.649423,24.05054,3
2023,1,29,11,31,臺中市,龍井區,0,3,0,8,1,5,50,3,1,1,5,4,5,7,2,1,10,5,5,2,12,16,2,9,1,1,C03,7,9,1,10,2,11,,16,16,1,4,8,C03,120.546318,24.194026,2
2023,1,29,11,35,臺中市,龍井區,0,1,0,8,1,5,50,14,9,1,5,4,5,7,4,4,5,5,5,1,13,16,2,8,1,1,C03,7,9,6,10,2,11,,16,16,1,22,8,C03,120.582254,24.177103,2
2023,1,29,11,38,臺中市,龍井區,0,0,0,8,,,50,,,,,,,,,,,,,,,16,,,,,C03,,,1,,2,,,16,,1,21,,C03,120.530423,24.176915,3
2023,1,29,11,40,臺中市,豐原區,0,1,0,8,1,5,50,3,1,1,5,4,5,7,2,1,10,5,5,2,16,26,3,10,3,4,B03,7,6,1,8,2,2,,26,26,1,22,8,B03,120.699858,24.249047,2
2023,1,29,11,47,臺中市,豐原區,0,1,0,8,1,5,40,14,7,1,5,4,5,7,4,4,5,5,4,2,12,10,3,10,1,1,B03,7,11,1,8,2,8,,10,10,1,22,8,B03,120.731998,24.255171,2
2023,1,29,11,48,臺中市,西區,0,0,0,8,,,50,,,,,,,,,,,,,,,16,,,,,B03,,,1,,2,,,16,,1,4,,B03,120.674663,24.148893,3
2023,1,29,11,50,臺中市,南區,0,1,0,8,1,5,50,14,9,1,5,4,5,7,4,4,5,4,5,2,12,23,3,10,1,1,B03,7,9,1,8,2,2,,23,23,1,22,8,B03,120.677919,24.129395,2
2023,1,29,11,50,臺中市,新社區,0,1,0,8,1,5,50,3,1,1,5,4,5,7,4,4,10,5,5,2,12,1,2,9,1,1,C03,7,5,1,10,4,12,,1,1,1,21,8,C03,120.821075,24.208409,2
2023,1,29,11,51,臺中市,大肚區,0,0,0,,,,30,,,,,,,,,,,,,,,6,,,,,B03,,,1,,2,,,6,,1,7,,B03,120.556786,24.129349,3
2023,1,29,11,52,臺中市,后里區,0,1,0,8,1,5,30,11,9,1,5,4,5,7,4,4,10,5,5,2,29,23,2,9,1,1,C03,7,9,1,10,5,11,,23,23,1,22,8,C03,120.72052,24.322866,2
2023,1,29,11,55,臺中市,西區,0,1,0,8,1,5,50,4,1,1,5,4,5,7,1,1,10,5,5,2,16,6,3,10,1,1,B03,7,5,1,8,2,2,,6,6,2,22,9,B03,120.651292,24.146749,2
2023,1,29,11,55,臺中市,大里區,0,0,0,8,,,50,,,,,,,,,,,,,,,23,,,,,B12,,,1,,2,,,23,,1,5,,B12,120.692622,24.111749,3
2023,1,29,11,58,臺中市,太平區,0,0,0,8,,,50,,,,,,,,,,,,,,,40,,,,,B12,,,1,,1,,,40,,1,22,,B12,120.714674,24.12283,3
2023,1,29,12,0,臺中市,南屯區,0,0,0,8,1,5,50,14,9,1,5,4,5,7,4,4,5,2,5,2,14,16,,,,,B03,,,1,,1,,,16,,1,5,,B03,120.633078,24.150256,3
2023,1,29,12,4,臺中市,北屯區,0,0,0,8,,,50,,,,,,,,,,,,,,,23,,,,,B03,,,1,,2,,,23,23,1,22,,B03,120.69357,24.189895,3
2023,1,29,12,11,臺中市,烏日區,0,0,0,8,,,50,,,,,,,,,,,,,,,12,,,,,B03,,,1,,2,,,12,,1,21,,B03,120.601833,24.107124,3
2023,1,29,12,12,臺中市,南屯區,0,0,0,8,1,5,50,3,1,1,5,4,5,7,4,4,10,5,5,2,16,6,3,10,1,1,B03,7,5,1,8,1,5,,6,6,1,22,8,B03,120.608538,24.146391,3
2023,1,29,12,12,臺中市,后里區,0,0,0,,,,50,,,,,,,,,,,,,,,18,,,,,A12,,,1,,2,,,18,,1,9,,A12,120.715216,24.30272,3
2023,1,29,12,19,臺中市,北屯區,0,0,0,8,,,50,,,,,,,,,,,,,,,25,,,,,B03,,,1,,1,,,25,,1,21,,B03,120.721811,24.181854,3
2023,1,29,12,21,臺中市,南屯區,0,1,0,8,1,5,50,14,8,1,5,4,5,7,4,4,1,4,4,2,16,7,3,10,3,4,B01,7,8,1,4,2,6,,7,7,1,22,8,B01,120.64518,24.150858,2
2023,1,29,12,21,臺中市,大里區,0,2,0,8,1,5,50,14,9,1,5,4,5,7,4,4,10,5,5,1,16,8,3,10,1,1,C03,7,5,1,10,2,13,,8,8,1,5,8,C03,120.684483,24.105271,2
2023,1,29,12,24,臺中市,北屯區,0,0,0,8,,,40,,,,,,,,,,,,,,,12,,,,,B03,,,1,,2,,,12,,1,22,,B03,120.68546,24.175928,4
2023,1,29,12,25,臺中市,西屯區,0,0,0,8,,,50,,,,,,,,,,,,,,,16,,,,,B03,,,1,,2,,,16,,1,22,,B03,120.608854,24.183908,3
2023,1,29,12,30,臺中市,東區,0,0,0,,,,50,,,,,,,,,,,,,,,6,,,,,C03,,,1,,2,,,6,,1,5,,C03,120.699333,24.147941,3
2023,1,29,12,30,臺中市,西屯區,0,0,0,8,,,30,,,,,,,,,,,,,,,67,,,,,B03,,,1,,1,,,44,67,1,22,,B03,120.61744,24.18748,3
2023,1,29,12,30,臺中市,大里區,0,0,0,8,,,30,,,,,,,,,,,,,,,23,,,,,B12,,,1,,2,,,23,,1,9,,B12,120.703958,24.106868,3
2023,1,29,12,34,臺中市,龍井區,0,0,0,8,,,30,,,,,,,,,,,,,,,6,,,,,C03,,,1,,2,,,6,,1,12,,C03,120.51439,24.196081,3
2023,1,29,12,38,臺中市,太平區,0,0,0,8,,,50,,,,,,,,,,,,,,,23,,,,,B03,,,1,,2,,,23,,1,5,,B03,120.733356,24.15508,3
2023,1,29,12,39,臺中市,太平區,0,1,0,8,1,5,50,14,9,1,5,4,5,7,4,4,5,5,5,2,16,26,3,10,1,1,B03,7,11,1,8,2,4,,26,26,1,21,8,B03,120.726024,24.137509,2
2023,1,29,12,40,臺中市,北區,0,2,0,8,1,5,50,4,1,1,5,4,5,7,2,1,10,5,5,2,11,8,2,7,1,1,C03,7,5,1,10,2,14,,8,8,1,20,8,C03,120.67864,24.16711,2
2023,1,29,12,41,臺中市,西屯區,0,0,0,8,,,30,,,,,,,,,,,,,,,12,,,,,B03,,,1,,1,,,12,,1,22,,B03,120.638491,24.173351,3
2023,1,29,12,42,臺中市,豐原區,0,0,0,8,,,30,,,,,,,,,,,,,,,6,,,,,C03,,,1,,2,,,6,6,1,22,,C03,120.70883,24.239947,3
2023,1,29,12,43,臺中市,北區,0,1,0,8,1,5,50,4,1,1,5,4,5,7,1,1,10,5,5,2,17,26,3,10,1,1,B03,7,5,1,8,2,8,,26,26,1,22,8,B03,120.666318,24.159226,2
2023,1,29,12,44,臺中市,南區,0,1,0,8,1,5,50,14,9,1,5,4,5,7,4,4,5,4,5,2,13,23,2,9,1,1,C03,7,9,1,10,2,12,,23,23,1,22,9,C03,120.64876,24.111466,2
2023,1,29,12,44,臺中市,北屯區,0,0,0,8,,,40,,,,,,,,,,,,,,,23,,,,,B01,,,1,,1,,,23,23,1,10,,B01,120.660923,24.191936,3
2023,1,29,12,46,臺中市,西區,0,0,0,8,,,30,,,,,,,,,,,,,,,23,,,,,B03,,,1,,9,,,23,,1,5,,B03,120.662722,24.147324,3
2023,1,29,12,48,臺中市,北屯區,0,1,0,8,1,8,50,14,9,1,5,4,5,7,4,4,3,4,5,2,16,7,3,10,1,1,B03,7,7,1,8,2,3,,7,7,1,21,8,B03,120.69375,24.163986,2
2023,1,29,12,51,臺中市,北區,0,1,0,8,1,5,30,3,1,1,5,4,5,7,4,4,10,5,5,2,16,6,2,8,1,1,C03,7,6,1,10,2,14,,6,6,1,21,8,C03,120.685887,24.155351,2
2023,1,29,12,51,臺中市,南屯區,0,0,0,8,,,50,,,,,,,,,,,,,,,19,,,,,B03,,,1,,1,,,19,,1,22,,B03,120.639089,24.135082,3
2023,1,29,12,51,臺中市,西屯區,0,0,0,,,,50,,,,,,,,,,,,,,,12,,,,,B12,,,1,,2,,,12,,1,22,,B12,120.622151,24.186808,3
2023,1,29,12,55,臺中市,西屯區,0,0,0,8,,,50,,,,,,,,,,,,,,,16,,,,,B01,,,1,,1,,,16,,1,22,,B01,120.633859,24.17324,3
2023,1,29,12,57,臺中市,石岡區,0,0,0,8,,,50,,,,,,,,,,,,,,,23,,,,,B12,,,1,,2,,,23,,1,21,,B12,120.816803,24.260253,3
2023,1,29,13,0,臺中市,豐原區,0,2,0,8,1,5,30,4,1,1,5,4,5,7,4,4,10,5,5,1,15,6,2,8,1,1,C03,7,9,1,10,2,11,,6,6,1,22,8,C03,120.703933,24.242782,2
2023,1,29,13,0,臺中市,豐原區,0,0,0,8,,,50,,,,,,,,,,,,,,,12,,,,,B12,,,1,,2,,,12,,1,22,,B12,120.699858,24.249047,3
2023,1,29,13,6,臺中市,太平區,0,0,0,8,,,50,,,,,,,,,,,,,,,12,,,,,B03,,,1,,1,,,12,,1,21,,B03,120.703794,24.1602,3
2023,1,29,13,8,臺中市,西屯區,0,0,0,8,,,40,,,,,,,,,,,,,,,25,,,,,C03,,,1,,1,,,25,,1,22,,C03,120.635288,24.182074,3
2023,1,29,13,10,臺中市,沙鹿區,0,0,0,8,1,5,50,5,9,1,5,4,5,7,4,4,4,3,5,2,15,9,,,,,B03,,,1,,2,,,9,,1,22,,B03,120.570661,24.255371,3
2023,1,29,13,11,臺中市,東區,0,1,0,8,1,5,50,3,1,1,5,4,5,7,4,4,5,2,5,2,17,23,3,10,1,1,C03,7,5,1,10,2,11,,23,23,1,22,8,C03,120.696805,24.141035,2
2023,1,29,13,13,臺中市,梧棲區,0,1,0,8,1,5,50,4,1,1,5,4,5,7,4,4,10,5,5,1,15,6,2,9,3,4,C03,7,9,1,10,2,11,,14,6,1,22,8,C03,120.529256,24.255788,2
2023,1,29,13,15,臺中市,北屯區,0,0,0,8,,,50,,,,,,,,,,,,,,,19,,,,,B03,,,1,8,2,,,19,19,1,21,,B03,120.733299,24.161751,3
2023,1,29,13,15,臺中市,豐原區,0,0,0,8,,,40,,,,,,,,,,,,,,,19,,,,,C03,,,1,,2,,,19,19,1,22,,C03,120.721558,24.239509,3
2023,1,29,13,16,臺中市,大雅區,0,0,0,8,,,30,,,,,,,,,,,,,,,12,,,,,B03,,,1,,2,,,12,,1,22,,B03,120.656453,24.220674,3
2023,1,29,13,19,臺中市,大里區,0,0,0,8,,,50,,,,,,,,,,,,,,,12,,,,,C03,,,1,,2,,,12,,1,22,,C03,120.703742,24.093107,3
2023,1,29,13,21,臺中市,大安區,0,0,0,8,1,6,30,14,13,1,5,4,5,7,4,4,10,5,5,1,25,43,3,10,1,1,B02,7,14,1,8,2,2,,43,43,1,4,5,B02,120.575115,24.349908,3
2023,1,29,13,23,臺中市,龍井區,0,1,0,8,1,5,50,3,1,1,5,4,5,7,4,4,10,5,5,2,13,16,3,10,1,1,C03,7,9,3,18,2,11,,16,16,1,22,8,C03,120.58457,24.183232,2
2023,1,29,13,26,臺中市,北區,0,1,0,8,1,5,50,4,1,1,5,4,5,7,4,4,5,5,5,2,15,6,3,10,1,1,B12,7,9,1,8,2,1,,6,6,1,22,8,B12,120.677558,24.158252,2
2023,1,29,13,27,臺中市,太平區,0,3,0,8,1,5,50,5,1,1,5,4,5,7,1,1,10,5,5,2,16,1,2,9,1,1,C03,7,4,1,10,2,11,,1,1,1,22,5,C03,120.735892,24.147468,2
2023,1,29,13,29,臺中市,大肚區,0,1,0,8,1,5,50,14,22,1,5,4,5,7,4,4,10,5,5,2,19,42,2,9,1,1,F03,7,3,8,20,2,15,,42,23,1,20,8,F03,120.544939,24.153013,2
2023,1,29,13,30,臺中市,大里區,0,0,0,8,,,50,,,,,,,,,,,,,,,8,,,,,C03,,,1,,2,,,8,,1,4,,C03,120.695773,24.096526,3
2023,1,29,13,32,臺中市,東區,0,1,0,8,1,5,50,3,1,1,5,4,5,7,1,1,1,4,4,2,17,44,2,8,1,1,B01,7,6,1,4,2,5,,44,44,1,22,8,B01,120.690338,24.124802,2
2023,1,29,13,33,臺中市,太平區,0,2,0,8,1,5,50,4,1,1,5,4,5,7,1,1,10,5,5,2,16,6,3,10,1,1,B03,7,5,1,8,4,1,,6,6,1,5,9,B03,120.70314,24.153471,2
2023,1,29,13,35,臺中市,中區,0,0,0,8,,,50,,,,,,,,,,,,,,,16,,,,,B03,,,1,,1,,,16,,1,4,,B03,120.680999,24.143814,3
2023,1,29,13,35,臺中市,南屯區,0,1,0,8,1,5,50,5,1,1,5,4,5,7,1,1,10,5,5,2,16,9,3,10,1,1,B03,7,6,1,8,2,2,,9,9,1,4,8,B03,120.646641,24.142582,2
2023,1,29,13,38,臺中市,大里區,0,0,0,8,,,50,,,,,,,,,,,,,,,42,,,,,B12,,,1,,2,,,42,,1,5,,B12,120.690368,24.10107,3
2023,1,29,13,40,臺中市,豐原區,0,2,0,8,1,5,30,3,2,1,5,4,5,7,4,4,10,5,5,2,17,5,2,9,1,1,C03,7,9,1,10,2,11,,5,5,1,22,8,C03,120.72208,24.252383,2
2023,1,29,13,42,臺中市,北屯區,0,0,0,8,,,50,,,,,,,,,,,,,,,7,,,,,B03,,,1,,1,,,7,,1,22,,B03,120.666733,24.180533,3
2023,1,29,13,55,臺中市,清水區,0,1,0,8,1,5,50,4,1,1,5,4,5,7,1,1,8,3,3,1,16,26,3,10,1,1,B03,7,6,1,8,2,6,,26,26,1,21,8,B03,120.552015,24.293875,2
2023,1,29,13,59,臺中市,外埔區,0,1,0,8,1,5,30,15,9,1,5,4,5,7,4,4,10,5,5,2,17,23,2,9,1,1,C03,7,9,3,18,1,14,,23,23,1,22,8,C03,120.625181,24.335698,2
2023,1,29,14,0,臺中市,東區,0,2,0,8,1,5,50,4,1,1,5,4,5,7,1,1,10,5,5,2,16,19,2,9,1,1,C03,7,1,6,10,11,14,,19,19,1,22,8,C03,120.694449,24.14635,2
2023,1,29,14,0,臺中市,霧峰區,0,0,0,8,1,5,50,14,13,1,5,4,5,7,4,4,1,4,4,2,13,23,,,,,B03,,,1,,9,,,23,23,1,22,,B03,120.69627,24.055342,3
2023,1,29,14,0,臺中市,沙鹿區,0,1,0,8,1,5,40,4,3,1,5,4,5,7,1,1,10,5,5,2,17,23,2,8,1,1,C03,7,9,1,10,2,11,,23,23,1,9,9,C03,120.575712,24.252058,2
2023,1,29,14,9,臺中市,西屯區,0,0,0,8,,,30,,,,,,,,,,,,,,,5,,,,,B03,,,1,,2,,,5,,1,22,,B03,120.658052,24.168461,3
2023,1,29,14,12,臺中市,大雅區,0,2,0,8,1,5,50,4,1,1,5,4,5,7,1,1,5,5,5,1,17,23,2,9,1,1,C03,7,9,1,10,2,11,,23,23,1,21,8,C03,120.646704,24.226083,2
2023,1,29,14,20,臺中市,清水區,0,0,0,8,,,50,,,,,,,,,,,,,,,7,,,,,B03,,,1,,2,,,7,7,1,21,,B03,120.567672,24.270202,3
2023,1,29,14,21,臺中市,西區,0,0,0,8,,,50,,,,,,,,,,,,,,,23,,,,,B03,,,1,,2,,,23,23,1,22,,B03,120.664669,24.155308,3
2023,1,29,14,22,臺中市,北屯區,0,0,0,8,,,50,,,,,,,,,,,,,,,18,,,,,B03,,,1,,2,,,18,,1,21,,B03,120.728222,24.17303,3
2023,1,29,14,23,臺中市,烏日區,0,0,0,8,,,60,,,,,,,,,,,,,,,23,,,,,B12,,,1,,2,,,23,,1,5,,B12,120.649185,24.091786,3
2023,1,29,14,25,臺中市,北屯區,0,0,0,8,,,50,,,,,,,,,,,,,,,23,,,,,B03,,,1,8,1,,,23,23,1,21,,B03,120.695109,24.171096,3
2023,1,29,14,30,臺中市,潭子區,0,0,0,8,,,50,,,,,,,,,,,,,,,43,,,,,,,,,,,,,43,,1,,,,120.701937,24.187219,3
2023,1,29,14,32,臺中市,太平區,0,0,0,8,,,50,,,,,,,,,,,,,,,25,,,,,C03,,,1,,2,,,25,,1,22,,C03,120.733604,24.155481,3
2023,1,29,14,34,臺中市,東區,0,2,0,8,1,5,50,4,2,1,5,4,5,7,1,1,10,5,5,2,13,23,3,10,1,1,C03,7,9,1,10,2,12,,44,23,1,22,9,C03,120.662981,24.125923,2
2023,1,29,14,35,臺中市,西屯區,0,1,0,8,1,5,50,14,8,1,5,4,5,7,4,4,1,4,4,2,12,7,3,10,1,1,B03,7,8,1,8,2,5,,7,7,1,22,8,B03,120.64119,24.159798,2
2023,1,29,14,38,臺中市,北區,0,0,0,,,,50,,,,,,,,,,,,,,,6,,,,,B03,,,1,,11,,,6,,1,22,,B03,120.686653,24.153158,3
2023,1,29,14,39,臺中市,西區,0,2,0,8,1,5,50,4,4,1,5,4,5,7,1,1,1,2,4,2,13,23,2,8,1,1,C03,7,9,1,10,2,11,,23,23,1,22,9,C03,120.673517,24.147762,2
2023,1,29,14,40,臺中市,沙鹿區,0,0,0,8,,,50,,,,,,,,,,,,,,,7,,,,,C03,,,3,,11,,,7,,1,9,,C03,120.559828,24.238001,3
2023,1,29,14,45,臺中市,太平區,0,0,0,8,,,50,,,,,,,,,,,,,,,7,,,,,B03,,,1,,1,,,7,,1,21,,B03,120.710557,24.139459,3
2023,1,29,14,47,臺中市,潭子區,0,1,0,8,1,5,30,14,9,1,5,4,5,7,4,4,10,5,5,1,16,6,3,10,1,1,B03,7,5,1,8,2,5,,6,6,1,22,8,B03,120.690061,24.224983,2
2023,1,29,14,47,臺中市,龍井區,0,0,0,8,,,60,,,,,,,,,,,,,,,23,,,,,B03,,,1,,1,,,23,,1,2,,B03,120.573715,24.185436,3
2023,1,29,14,50,臺中市,南屯區,0,0,0,8,,,60,,,,,,,,,,,,,,,7,,,,,B12,,,1,,1,,,7,,1,22,,B12,120.585276,24.166687,3
2023,1,29,14,54,臺中市,龍井區,0,0,0,8,,,50,,,,,,,,,,,,,,,42,,,,,B03,,,1,,2,,,42,,1,20,,B03,120.5916,24.190087,3
2023,1,29,14,55,臺中市,南屯區,0,0,0,8,,,50,,,,,,,,,,,,,,,6,,,,,B02,,,1,,2,,,6,,1,22,,B02,120.640825,24.154083,3
2023,1,29,15,1,臺中市,西屯區,0,0,0,8,,,50,,,,,,,,,,,,,,,23,,,,,B03,,,1,,1,,,23,,1,21,,B03,120.65087,24.164641,3
2023,1,29,15,4,臺中市,西屯區,0,1,0,8,1,5,50,3,1,1,5,4,5,7,4,4,10,5,5,2,16,6,3,10,1,1,B02,7,6,1,8,2,5,,6,6,1,22,8,B02,120.641341,24.156203,2
2023,1,29,15,7,臺中市,北屯區,0,0,0,8,,,40,,,,,,,,,,,,,,,16,,,,,B12,,,1,,1,,,16,,1,21,,B12,120.721854,24.184919,3
2023,1,29,15,8,臺中市,中區,0,1,0,8,1,5,50,14,9,1,5,4,5,7,4,4,5,4,5,2,9,42,3,10,1,1,A02,7,9,1,2,2,15,,42,42,1,10,1,A02,120.68461,24.138081,2
2023,1,29,15,13,臺中市,西區,0,0,0,8,,,50,,,,,,,,,,,,,,,6,,,,,A02,,,1,,2,,,6,,1,10,,A02,120.661673,24.150865,3
2023,1,29,15,15,臺中市,南區,0,1,0,8,1,5,40,14,8,1,5,4,5,7,4,4,5,4,4,2,17,42,2,8,3,4,C03,7,15,4,8,2,11,,42,42,1,5,8,C03,120.67036,24.114635,2
2023,1,29,15,18,臺中市,龍井區,0,1,0,8,1,5,50,3,1,1,5,4,5,7,4,4,10,5,5,1,17,6,3,10,1,1,C03,7,5,1,10,2,15,,6,6,1,12,8,C03,120.523661,24.206743,2
2023,1,29,15,20,臺中市,東區,0,0,0,8,,,50,,,,,,,,,,,,,,,12,,,,,B03,,,1,,2,,,12,,1,22,,B03,120.686198,24.135836,3
2023,1,29,15,29,臺中市,北屯區,0,2,0,8,1,5,50,15,9,1,5,4,5,7,4,4,10,5,5,2,16,6,2,9,1,1,C03,7,9,1,10,2,14,,23,6,1,22,8,C03,120.690992,24.171442,2
2023,1,29,15,32,臺中市,太平區,0,0,0,8,,,50,,,,,,,,,,,,,,,6,,,,,B03,,,1,,1,,,6,,1,21,,B03,120.720382,24.119694,3
2023,1,29,15,34,臺中市,北屯區,0,1,0,8,1,5,50,14,9,1,5,4,5,7,4,4,5,5,5,2,18,23,2,9,1,1,C03,7,15,1,10,2,14,,23,23,1,21,8,C03,120.73359,24.176349,2
2023,1,29,15,36,臺中市,南屯區,0,0,0,8,,,50,,,,,,,,,,,,,,,38,,,,,B03,,,1,,1,,,38,,1,22,,B03,120.649199,24.13675,3
2023,1,29,15,40,臺中市,沙鹿區,0,0,0,8,1,5,50,14,9,1,5,4,5,7,4,4,4,3,4,1,13,23,,,,,B03,,,,,2,,,23,,1,22,,B03,120.561417,24.231834,3
2023,1,29,15,47,臺中市,豐原區,0,0,0,8,,,50,,,,,,,,,,,,,,,23,,,,,B03,,,1,,2,,,23,23,1,22,,B03,120.718452,24.24848,3
2023,1,29,15,48,臺中市,西屯區,0,2,0,8,1,5,40,14,16,1,5,4,5,7,4,4,1,4,5,1,20,23,2,9,1,1,B03,7,9,1,8,2,8,,23,23,1,22,8,B03,120.634948,24.179291,2
2023,1,29,15,50,臺中市,北區,0,0,0,8,,,50,,,,,,,,,,,,,,,16,,,,,B03,,,1,,1,,,16,,1,20,,B03,120.683508,24.148272,3
2023,1,29,15,56,臺中市,沙鹿區,0,0,0,8,,,60,,,,,,,,,,,,,,,26,,,,,B03,,,1,,2,,,26,,1,18,,B03,120.57053,24.235736,3
2023,1,29,15,58,臺中市,東區,0,0,0,8,1,5,50,4,2,1,5,4,5,7,1,1,5,5,5,2,17,44,3,10,1,1,C03,7,6,1,10,2,12,,44,44,1,21,8,C03,120.70151,24.125407,3
2023,1,29,16,6,臺中市,大雅區,0,0,0,8,,,50,,,,,,,,,,,,,,,23,,,,,B03,,,1,,2,,,23,,1,21,,B03,120.629962,24.241187,3
2023,1,29,16,10,臺中市,西區,0,0,0,8,,,50,,,,,,,,,,,,,,,23,,,,,B03,,,1,,1,,,23,,1,4,,B03,120.661644,24.149037,3
2023,1,29,16,11,臺中市,后里區,0,0,0,8,,,50,,,,,,,,,,,,,,,23,,,,,B12,,,1,,2,,,23,,1,22,,B12,120.710098,24.306444,3
2023,1,29,16,12,臺中市,潭子區,0,0,0,8,,,50,,,,,,,,,,,,,,,7,,,,,B03,,,1,,2,,,7,,1,22,,B03,120.704116,24.200756,3
2023,1,29,16,12,臺中市,清水區,0,2,0,8,1,5,50,3,1,1,5,4,5,7,4,4,5,5,5,1,15,11,2,7,1,1,C03,7,11,1,10,2,11,,11,11,1,21,8,C03,120.565946,24.268591,2
2023,1,29,16,14,臺中市,霧峰區,0,2,0,8,1,5,50,3,1,1,5,4,5,7,4,4,10,5,5,2,16,6,2,9,1,1,C03,7,5,1,10,2,11,,6,6,1,22,8,C03,120.697996,24.069098,2
2023,1,29,16,28,臺中市,西屯區,0,0,0,8,,,1,,,,,,,,,,,,,,,23,,,,,B03,,,1,,1,,,23,23,1,22,,B03,120.643024,24.163969,3
2023,1,29,16,29,臺中市,北屯區,0,2,0,8,1,5,50,4,1,1,5,4,5,7,4,4,5,5,5,2,12,17,2,9,1,1,C03,7,4,1,10,2,12,,17,17,1,21,8,C03,120.693587,24.164925,2
2023,1,29,16,30,臺中市,北區,0,1,0,8,1,5,50,14,9,1,5,4,5,7,4,4,1,4,5,2,17,40,3,10,1,1,B03,7,14,1,8,2,4,,40,40,1,21,8,B03,120.683429,24.165035,2
2023,1,29,16,30,臺中市,烏日區,0,0,0,8,,,50,,,,,,,,,,,,,,,12,,,,,B03,,,1,,2,,,12,,1,22,,B03,120.633688,24.108123,3
2023,1,29,16,31,臺中市,北區,0,2,0,8,1,5,50,14,9,1,5,4,5,7,4,4,3,4,5,2,17,40,3,10,1,1,B12,7,13,1,8,2,4,,40,40,1,22,9,B12,120.676638,24.156034,2
2023,1,29,16,40,臺中市,東區,0,1,0,8,1,5,50,4,1,1,5,4,5,7,4,4,9,5,5,2,13,16,2,9,1,1,C03,7,9,1,10,2,11,,16,16,1,22,8,C03,120.689449,24.146344,2