年,月,日,時,分,縣市,區,死,受傷,2-30,天候,光線,道路類別,速限,道路型態,事故位置,路面鋪裝,路面狀態,路面缺陷,障礙物,視距,號誌種類,號誌動作,分向設施,快車道或一般車道間,快慢車道間,路面邊線,事故類型及型態,主要肇因,受傷程度,主要傷處,保護裝備,行動電話,當事者區分,車輛用途,當事者行動狀態,駕駛資格情形,駕駛執照種類,飲酒情形,車輛撞擊部位最初,車輛撞擊部位其他,肇事因素個別,肇事因素主要,肇事逃逸,職業,旅次目的,車種,GPS緯度,GPS經度,事故類別
2023,1,29,16,50,臺中市,北屯區,0,0,0,8,1,5,50,14,9,1,5,4,5,7,4,4,1,4,5,2,13,23,4,11,3,4,C03,7,21,1,10,2,15,,23,23,1,22,8,C03,120.712518,24.182629,3
2023,1,29,16,51,臺中市,南屯區,0,0,0,8,,,50,,,,,,,,,,,,,,,38,,,,,B03,,,1,,1,,,38,,1,22,,B03,120.649984,24.140257,3
2023,1,29,16,53,臺中市,西屯區,0,0,0,8,2,5,50,14,9,1,5,4,5,7,4,4,5,4,5,2,16,26,3,10,1,1,B03,7,5,1,8,2,7,4,26,26,1,2,6,B03,120.646047,24.175635,3
2023,1,29,16,56,臺中市,西區,0,0,0,8,,,50,,,,,,,,,,,,,,,23,,,,,B03,,,1,8,2,,,23,23,1,22,,B03,120.671399,24.15166,3
2023,1,29,17,0,臺中市,東區,0,2,0,8,2,5,40,14,8,1,5,4,5,7,4,4,9,5,4,2,17,40,3,10,3,4,B03,7,15,1,8,2,4,,40,40,1,5,8,B03,120.67036,24.114635,2
2023,1,29,17,3,臺中市,清水區,0,1,0,8,1,5,30,4,1,1,5,4,5,7,4,4,8,3,4,1,15,6,3,10,1,1,B03,7,9,1,8,2,1,,6,6,1,21,8,B03,120.567236,24.264166,2
2023,1,29,17,6,臺中市,大雅區,0,3,0,8,1,5,50,5,1,1,5,4,5,7,1,1,5,5,5,2,17,25,3,10,1,1,B03,7,9,1,8,2,2,,25,25,1,21,8,B03,120.650528,24.22736,2
2023,1,29,17,7,臺中市,大雅區,0,2,0,8,1,5,50,3,1,1,5,4,5,7,4,4,9,4,5,1,17,6,3,10,1,1,B03,7,5,1,8,2,1,,6,6,1,22,9,B03,120.644876,24.221476,2
2023,1,29,17,11,臺中市,豐原區,0,0,0,8,,,50,,,,,,,,,,,,,,,12,,,,,B03,,,1,,2,,,12,,1,22,,B03,120.718123,24.244508,3
2023,1,29,17,15,臺中市,西屯區,0,0,0,8,,,50,,,,,,,,,,,,,,,43,,,,,B03,,,1,,2,,,43,,1,21,,B03,120.610971,24.187005,3
2023,1,29,17,16,臺中市,南屯區,0,0,0,8,,,50,,,,,,,,,,,,,,,16,,,,,C03,,,1,,2,,,16,,1,22,,C03,120.647175,24.148889,3
2023,1,29,17,20,臺中市,潭子區,0,1,0,8,2,5,30,4,1,1,5,4,5,7,4,4,10,5,5,2,15,6,3,10,1,1,B12,7,9,1,8,2,1,,6,6,1,22,8,B12,120.694233,24.221423,2
2023,1,29,17,25,臺中市,西屯區,0,1,0,8,1,5,50,4,1,1,5,4,5,7,1,1,10,5,5,2,16,6,3,10,3,4,B03,7,6,1,8,1,2,,6,6,1,22,8,B03,120.638528,24.159108,2
2023,1,29,17,27,臺中市,梧棲區,0,0,0,8,,,50,,,,,,,,,,,,,,,16,,,,,B03,,,1,,2,,,16,,1,11,,B03,120.55043,24.241323,3
2023,1,29,17,30,臺中市,西屯區,0,2,0,8,3,5,50,4,1,1,5,4,5,7,1,1,10,5,5,2,15,25,2,9,1,4,C03,7,9,6,18,2,11,,25,25,1,22,8,C03,120.661043,24.171538,2
2023,1,29,17,39,臺中市,太平區,0,0,0,8,,,50,,,,,,,,,,,,,,,6,,,,,B03,,,1,,1,,,6,,1,21,,B03,120.712648,24.145287,3
2023,1,29,17,46,臺中市,大甲區,0,1,0,8,3,5,50,4,1,1,5,4,5,7,4,4,10,5,5,2,13,23,3,10,1,1,B03,7,9,6,18,8,1,,23,23,1,22,9,B03,120.626585,24.34452,2
2023,1,29,17,47,臺中市,北屯區,0,2,0,8,1,5,50,4,1,1,5,4,5,7,2,1,10,5,5,2,16,25,2,9,1,1,C03,7,9,6,10,11,12,,25,25,2,21,8,C03,120.676126,24.201207,2
2023,1,29,17,47,臺中市,大里區,0,2,0,8,1,5,5,4,2,1,5,4,5,7,2,1,5,4,4,1,13,16,2,7,1,1,C03,7,9,2,18,2,11,,16,16,1,5,8,C03,120.676595,24.109335,2
2023,1,29,18,3,臺中市,烏日區,0,0,0,8,,,30,,,,,,,,,,,,,,,19,,,,,B03,,,1,,2,,,19,,1,21,,B03,120.61578,24.1118,3
2023,1,29,18,4,臺中市,豐原區,0,0,0,8,,,50,,,,,,,,,,,,,,,12,,,,,B03,,,1,,2,,,12,,1,22,,B03,120.722954,24.254248,3
2023,1,29,18,5,臺中市,北屯區,0,1,0,8,3,5,30,3,1,1,5,4,5,7,4,4,10,5,5,2,16,6,2,8,1,1,C03,7,5,1,10,2,14,,6,6,1,21,8,C03,120.694483,24.187487,2
2023,1,29,18,10,臺中市,潭子區,0,1,0,8,3,5,40,14,12,1,5,4,5,7,4,4,1,4,4,1,24,23,2,9,1,1,C03,7,9,1,10,2,11,,23,23,1,22,8,C03,120.696969,24.216428,2
2023,1,29,18,12,臺中市,西屯區,0,0,0,8,,,50,,,,,,,,,,,,,,,23,,,,,B03,,,1,,2,,,23,23,1,22,,B03,120.645978,24.168299,3
2023,1,29,18,20,臺中市,北區,0,2,0,8,1,5,50,4,1,1,5,4,5,7,4,4,10,5,5,2,16,6,2,9,1,1,C03,7,5,1,10,2,11,,6,6,1,20,8,C03,120.672627,24.171773,2
2023,1,29,18,20,臺中市,西屯區,0,1,0,8,3,5,50,4,1,1,5,4,5,7,1,1,10,5,5,2,18,42,2,9,3,4,C03,7,9,1,10,2,15,,42,42,1,22,9,C03,120.648294,24.167899,2
2023,1,29,18,25,臺中市,南屯區,0,1,0,8,3,5,50,15,22,4,5,4,5,7,4,4,10,5,5,2,9,26,3,10,1,1,F01,7,9,8,20,2,16,,26,26,1,22,8,F01,120.650883,24.153754,2
2023,1,29,18,25,臺中市,太平區,0,2,0,8,3,5,30,4,1,1,5,4,5,7,4,4,10,5,5,1,15,6,3,10,1,1,B03,7,9,1,8,2,1,,6,6,1,4,8,B03,120.709122,24.15065,2
2023,1,29,18,26,臺中市,北屯區,0,0,0,8,,,50,,,,,,,,,,,,,,,42,,,,,B03,,,1,,1,,,42,42,1,22,,B03,120.707744,24.185067,3
2023,1,29,18,26,臺中市,大肚區,0,0,0,,,,50,,,,,,,,,,,,,,,12,,,,,B03,,,1,,2,,,12,,1,5,,B03,120.56188,24.125113,3
2023,1,29,18,28,臺中市,太平區,0,0,0,8,,,50,,,,,,,,,,,,,,,16,,,,,B03,,,1,,1,,,16,,1,21,,B03,120.710557,24.139459,3
2023,1,29,18,30,臺中市,清水區,0,0,0,,,,50,,,,,,,,,,,,,,,23,,,,,B03,,,1,,1,,,23,,1,5,,B03,120.568602,24.277306,3
2023,1,29,18,30,臺中市,大甲區,0,1,0,8,3,5,50,14,9,1,5,4,5,7,1,1,4,5,5,1,13,23,3,10,1,1,B03,7,9,1,8,2,1,,23,23,1,22,9,B03,120.613604,24.34824,2
2023,1,29,18,33,臺中市,西屯區,0,1,0,8,3,5,50,3,2,1,5,4,5,7,4,4,9,4,5,2,13,23,2,8,1,1,C03,7,9,1,10,2,11,,23,16,1,22,8,C03,120.645075,24.177856,2
2023,1,29,18,37,臺中市,南區,0,0,0,,,,50,,,,,,,,,,,,,,,23,,,,,B03,,,1,,2,,,23,,1,22,,B03,120.666431,24.122035,3
2023,1,29,18,44,臺中市,南區,0,1,0,8,3,5,50,3,9,1,5,4,5,7,4,4,5,5,5,2,13,16,2,8,1,1,C03,7,9,1,10,2,11,,16,16,1,21,8,C03,120.655301,24.124002,2
2023,1,29,18,54,臺中市,西屯區,0,0,0,8,3,5,50,14,7,1,5,4,5,7,4,4,5,5,4,2,12,23,3,10,1,1,B03,7,8,1,8,1,8,,23,23,1,3,5,B03,120.661133,24.165034,3
2023,1,29,19,0,臺中市,東區,0,1,0,8,3,5,40,14,11,1,5,4,5,7,4,4,9,5,4,2,13,16,2,9,1,1,C03,7,9,1,10,2,11,,16,16,1,22,8,C03,120.706763,24.148743,2
2023,1,29,19,0,臺中市,外埔區,0,0,0,8,,,50,,,,,,,,,,,,,,,67,,,,,,,,,,,,,67,,1,,,,120.63501,24.341016,3
2023,1,29,19,1,臺中市,新社區,0,0,0,8,,,50,,,,,,,,,,,,,,,23,,,,,B12,,,1,,2,,,23,,1,5,,B12,120.794255,24.205783,3
2023,1,29,19,2,臺中市,西屯區,0,0,0,8,,,50,,,,,,,,,,,,,,,7,,,,,B03,,,1,,1,,,7,,1,21,,B03,120.635528,24.171336,3
2023,1,29,19,4,臺中市,北屯區,0,0,0,8,,,50,,,,,,,,,,,,,,,16,,,,,B03,,,1,,1,,,16,,1,22,,B03,120.733325,24.170166,3
2023,1,29,19,5,臺中市,大肚區,0,1,0,8,3,5,50,14,9,1,5,4,5,7,4,4,9,5,5,1,13,21,2,9,3,4,C03,7,9,3,18,7,11,,21,21,1,2,9,C03,120.577244,24.165296,2
2023,1,29,19,7,臺中市,東區,0,0,0,8,,,50,,,,,,,,,,,,,,,16,,,,,C03,,,1,,2,,,16,,1,5,,C03,120.687781,24.138252,3
2023,1,29,19,9,臺中市,烏日區,0,0,0,8,,,60,,,,,,,,,,,,,,,16,,,,,B03,,,1,,2,,,16,,1,21,,B03,120.610982,24.10747,3
2023,1,29,19,10,臺中市,太平區,0,2,0,8,3,5,50,4,1,1,5,4,5,7,1,1,10,5,5,1,16,6,2,9,1,1,C03,7,5,2,18,2,12,,6,6,1,22,8,C03,120.715896,24.134858,2
2023,1,29,19,17,臺中市,潭子區,0,1,0,8,3,5,50,4,2,1,5,4,5,7,1,1,3,4,4,2,16,6,3,10,1,1,B03,7,5,1,8,2,2,,6,6,1,22,8,B03,120.712813,24.217044,2
2023,1,29,19,24,臺中市,西區,0,2,0,8,3,5,50,4,1,1,5,4,5,7,4,4,10,5,5,2,15,6,2,9,1,1,C03,7,9,1,10,2,12,,6,6,1,4,5,C03,120.663123,24.145528,2
2023,1,29,19,29,臺中市,南區,0,0,0,8,,,50,,,,,,,,,,,,,,,23,,,,,B03,,,3,,2,,,23,,1,22,,B03,120.666556,24.116183,3
2023,1,29,19,30,臺中市,南區,0,1,0,8,3,5,50,14,9,1,5,4,5,7,4,4,5,5,5,2,13,23,2,9,3,4,C03,7,9,1,10,2,11,,23,23,1,5,8,C03,120.708901,24.144321,2
2023,1,29,19,31,臺中市,太平區,0,0,0,8,,,30,,,,,,,,,,,,,,,6,,,,,B02,,,1,,2,,,6,,1,21,,B02,120.701256,24.111499,3
2023,1,29,19,35,臺中市,南屯區,0,1,0,8,1,5,50,14,7,1,5,4,5,7,4,4,5,5,4,2,12,26,3,10,3,4,B03,7,11,1,8,2,7,,26,26,1,22,8,B03,120.635269,24.153819,2
2023,1,29,19,39,臺中市,北屯區,0,0,0,8,,,50,,,,,,,,,,,,,,,23,,,,,B03,,,1,,2,,,23,,1,21,,B03,120.690746,24.163,3
2023,1,29,19,42,臺中市,龍井區,0,0,0,8,,,30,,,,,,,,,,,,,,,12,,,,,B03,,,1,,2,,,12,,1,5,,B03,120.527201,24.17936,3
2023,1,29,19,46,臺中市,豐原區,0,0,0,8,,,50,,,,,,,,,,,,,,,16,,,,,B02,,,,,2,,,16,,1,4,,B02,120.706938,24.250163,3
2023,1,29,19,48,臺中市,南屯區,0,1,0,8,3,5,50,4,1,1,5,4,5,7,4,4,1,4,5,2,16,6,3,10,1,1,B03,7,6,1,8,2,5,,6,6,1,4,8,B03,120.6249,24.140773,2
2023,1,29,19,52,臺中市,南屯區,0,1,0,8,3,5,40,3,7,1,5,4,5,7,3,1,5,4,4,2,17,19,3,10,1,1,B03,7,1,1,7,2,1,,19,19,1,22,8,B03,120.616795,24.154955,2
2023,1,29,19,54,臺中市,中區,0,1,0,8,3,5,50,4,1,1,5,4,5,7,1,1,10,5,5,2,15,25,3,10,1,1,E01,7,9,1,2,2,7,,25,25,1,10,8,E01,120.681022,24.143859,2
2023,1,29,19,58,臺中市,中區,0,3,0,8,3,5,40,4,1,1,5,4,5,7,1,1,10,5,5,2,16,8,2,9,1,1,C03,7,5,1,10,2,12,,8,8,1,22,9,C03,120.675885,24.144242,2
2023,1,29,20,1,臺中市,南區,0,1,0,8,3,5,50,3,9,1,5,4,5,7,4,4,5,5,4,2,13,23,2,9,1,1,C03,7,9,1,10,2,11,,23,23,1,21,8,C03,120.651085,24.115078,2
2023,1,29,20,8,臺中市,南屯區,0,0,0,8,,,40,,,,,,,,,,,,,,,42,,,,,C03,,,1,,1,,,42,,1,22,,C03,120.612445,24.151515,3
2023,1,29,20,17,臺中市,南區,0,2,0,8,3,5,50,4,1,1,5,4,5,7,1,1,10,5,5,2,17,23,2,9,1,1,C03,7,9,1,10,2,12,,23,23,1,22,8,C03,120.676118,24.126472,2
2023,1,29,20,20,臺中市,大里區,0,0,0,8,,,30,,,,,,,,,,,,,,,23,,,,,B03,,,1,,2,,,23,,1,22,,B03,120.702335,24.10828,3
2023,1,29,20,24,臺中市,北區,0,0,0,8,3,5,50,3,1,1,5,4,5,7,4,4,1,4,5,2,16,19,3,10,1,1,B01,7,6,1,4,1,5,,19,6,1,5,5,B01,120.671429,24.162956,3
2023,1,29,20,41,臺中市,豐原區,0,0,0,,,,30,,,,,,,,,,,,,,,23,,,,,C03,,,1,,9,,,23,,1,22,,C03,120.719238,24.270563,3
2023,1,29,20,51,臺中市,北區,0,0,0,,,,50,,,,,,,,,,,,,,,23,,,,,B03,,,1,,11,,,23,,1,22,,B03,120.681125,24.162754,3
2023,1,29,20,54,臺中市,東區,0,2,0,8,3,5,50,4,1,1,5,4,5,7,2,1,5,5,5,2,16,13,2,9,1,1,C03,7,5,1,10,2,12,,13,13,1,5,5,C03,120.698071,24.135184,2
2023,1,29,20,55,臺中市,龍井區,0,1,0,8,3,5,50,3,1,1,5,4,5,7,4,4,5,5,5,2,17,42,2,9,1,1,C03,7,9,1,10,2,11,,42,42,1,2,8,C03,120.591932,24.181319,2
2023,1,29,21,0,臺中市,大雅區,0,1,0,8,3,5,30,14,8,1,5,4,5,7,4,4,10,4,5,1,17,19,3,10,1,1,B03,7,1,1,8,2,8,,19,19,1,22,9,B03,120.649016,24.226991,2
2023,1,29,21,0,臺中市,北屯區,0,0,0,8,,,50,,,,,,,,,,,,,,,7,,,,,B03,,,1,,1,,,7,7,1,21,,B03,120.711869,24.182278,3
2023,1,29,21,1,臺中市,西屯區,0,0,0,8,,,50,,,,,,,,,,,,,,,7,,,,,B03,,,1,,2,,,7,7,1,22,,B03,120.644885,24.171035,3
2023,1,29,21,5,臺中市,西屯區,0,2,0,8,3,5,50,11,9,1,5,4,5,7,4,4,1,5,5,2,17,42,2,9,1,1,C03,7,9,3,18,2,11,,42,42,1,22,8,C03,120.64726,24.158416,2
2023,1,29,21,5,臺中市,西屯區,0,0,0,8,,,50,,,,,,,,,,,,,,,23,,,,,B03,,,1,,1,,,23,,1,22,,B03,120.640803,24.16505,3
2023,1,29,21,14,臺中市,南屯區,0,1,0,8,3,5,50,4,1,1,5,4,5,7,2,1,10,5,5,2,14,12,3,10,1,1,B03,7,2,1,8,2,7,,12,12,1,22,8,B03,120.626551,24.151663,2
2023,1,29,21,19,臺中市,豐原區,0,2,0,7,3,5,50,4,2,1,5,4,5,7,1,1,4,4,5,2,16,19,2,9,1,1,C03,7,1,1,10,2,14,,19,19,1,22,9,C03,120.710812,24.248772,2
2023,1,29,21,37,臺中市,北區,0,2,0,8,3,5,50,14,9,1,5,4,5,7,1,1,5,2,5,2,13,23,2,7,1,1,C03,7,9,1,10,2,11,,23,16,1,20,8,C03,120.677944,24.167048,2
2023,1,29,21,37,臺中市,西屯區,0,0,0,8,,,50,,,,,,,,,,,,,,,23,,,,,B03,,,1,,2,,,23,,1,22,,B03,120.615998,24.189938,3
2023,1,29,21,39,臺中市,大里區,0,0,0,8,,,50,,,,,,,,,,,,,,,23,,,,,B03,,,1,,2,,,23,,1,22,,B03,120.70189,24.08599,3
2023,1,29,21,45,臺中市,東區,0,1,0,8,3,5,50,14,9,1,5,4,5,7,4,4,5,5,5,2,17,23,2,7,3,4,F01,7,9,8,20,11,16,,23,23,1,22,8,F01,120.655015,24.123676,2
2023,1,29,21,53,臺中市,東區,0,2,0,8,1,5,50,4,9,1,5,4,5,7,1,1,5,5,5,2,16,26,2,9,3,4,C04,7,5,1,11,2,12,,26,26,1,22,8,C04,120.706344,24.136717,2
2023,1,29,21,59,臺中市,西屯區,0,2,0,8,3,5,50,3,1,1,5,4,5,7,4,4,10,5,5,2,16,8,2,9,1,1,C03,7,5,1,10,2,14,,8,8,1,19,8,C03,120.626461,24.185328,2
2023,1,29,21,59,臺中市,豐原區,0,0,0,8,,,50,,,,,,,,,,,,,,,25,,,,,B03,,,1,,2,,,25,,1,22,,B03,120.721757,24.239186,3
2023,1,29,22,0,臺中市,南屯區,0,0,0,8,,,50,,,,,,,,,,,,,,,12,,,,,C03,,,1,,2,,,12,,1,22,,C03,120.650504,24.134972,3
2023,1,29,22,1,臺中市,南區,0,1,0,8,1,5,50,4,2,1,5,4,5,7,1,1,5,2,4,2,16,25,2,1,1,1,C03,7,5,1,9,2,14,,25,25,1,21,8,C03,120.655229,24.129412,2
2023,1,29,22,1,臺中市,南屯區,0,0,0,8,3,5,50,14,9,1,5,4,5,7,4,4,1,4,5,2,17,23,3,10,1,1,B03,7,9,1,8,6,5,,23,23,1,22,8,B03,120.649495,24.140262,3
2023,1,29,22,5,臺中市,大里區,0,0,0,8,,,50,,,,,,,,,,,,,,,6,,,,,C03,,,1,,2,,,6,,1,22,,C03,120.692036,24.110252,3
2023,1,29,22,12,臺中市,北區,0,0,0,,,,50,,,,,,,,,,,,,,,23,,,,,B01,,,1,,2,,,23,,1,5,,B01,120.689525,24.146704,3
2023,1,29,22,15,臺中市,北屯區,0,0,0,8,1,5,50,4,2,1,5,4,5,7,4,4,5,5,5,2,17,23,3,10,3,3,B03,7,6,3,18,5,1,,23,23,1,22,8,B03,120.687712,24.17241,3
2023,1,29,22,22,臺中市,南區,0,1,0,8,3,5,50,14,7,1,5,4,5,7,4,4,5,5,4,2,9,23,3,10,1,1,C03,7,9,1,10,2,11,,23,23,1,22,8,C03,120.679249,24.128502,2
2023,1,29,22,25,臺中市,南屯區,0,1,0,8,3,5,50,4,1,1,5,4,5,7,2,1,10,5,5,2,16,10,3,10,1,1,B03,7,11,1,8,2,8,,10,10,1,22,9,B03,120.607723,24.127214,2
2023,1,29,22,25,臺中市,清水區,0,1,0,8,1,5,50,4,1,1,5,4,5,7,1,1,10,5,5,2,16,23,3,10,1,1,C03,7,9,3,18,2,11,,23,23,1,21,8,C03,120.561102,24.267291,2
2023,1,29,22,27,臺中市,西屯區,0,0,0,8,,,50,,,,,,,,,,,,,,,16,,,,,C03,,,1,,1,,,16,,1,22,,C03,120.648156,24.169298,3
2023,1,29,22,31,臺中市,烏日區,0,1,0,8,3,5,30,3,1,1,5,4,5,7,4,4,10,5,5,2,17,6,3,10,3,4,B03,7,5,1,8,11,1,,6,6,1,21,9,B03,120.638834,24.105277,2
2023,1,29,22,32,臺中市,后里區,0,2,0,8,2,5,30,3,1,1,5,4,5,7,1,1,10,5,5,2,16,25,2,9,1,1,C03,7,1,1,10,2,14,,25,25,1,22,8,C03,120.710446,24.310824,2
2023,1,29,22,39,臺中市,潭子區,0,0,0,8,,,30,,,,,,,,,,,,,,,23,,,,,C03,,,1,,2,,,23,,1,22,,C03,120.701325,24.196894,3
2023,1,29,22,40,臺中市,北區,0,2,0,8,3,5,50,4,1,1,5,4,5,7,4,4,5,5,5,2,16,6,2,7,1,1,C03,7,9,1,10,2,11,,6,6,1,18,8,C03,120.679275,24.152817,2
2023,1,29,23,4,臺中市,太平區,0,2,0,8,3,5,40,3,8,1,5,4,5,7,4,4,5,5,4,1,14,12,3,10,1,1,C03,7,2,1,10,2,13,,12,12,1,22,8,C03,120.712494,24.142244,2
2023,1,29,23,9,臺中市,神岡區,0,3,0,8,3,5,50,5,1,1,5,4,5,7,1,1,10,5,5,2,16,10,2,8,1,1,C03,7,11,6,10,2,12,,10,10,1,22,9,C03,120.66399,24.258345,2
2023,1,29,23,12,臺中市,后里區,0,1,0,8,3,5,60,14,9,1,5,4,5,7,4,4,5,4,5,1,12,23,3,10,1,1,B03,7,9,1,8,2,2,,23,23,1,4,4,B03,120.728895,24.328403,2
2023,1,29,23,15,臺中市,沙鹿區,0,0,0,8,,,50,,,,,,,,,,,,,,,42,,,,,B03,,,1,,2,,,42,,1,5,,B03,120.573301,24.197495,3
2023,1,29,23,23,臺中市,西屯區,0,0,0,8,,,50,,,,,,,,,,,,,,,7,,,,,B12,,,1,,2,,,44,7,1,22,,B12,120.651818,24.20652,3
2023,1,29,23,24,臺中市,北區,0,0,0,8,,,50,,,,,,,,,,,,,,,23,,,,,C03,,,1,,1,,,23,,1,21,,C03,120.676045,24.158974,3
2023,1,29,23,46,臺中市,南屯區,0,1,0,8,3,5,50,3,1,1,5,4,5,7,2,1,10,5,5,2,13,23,3,10,1,1,B03,7,9,1,7,2,1,,23,23,1,22,8,B03,120.614025,24.139097,2
2023,1,30,0,8,臺中市,北區,0,1,0,8,3,5,40,14,8,1,5,4,5,7,4,4,3,4,4,2,13,23,2,9,3,4,C03,7,9,1,10,2,11,,23,23,1,5,8,C03,120.694207,24.154664,2
2023,1,30,0,31,臺中市,大甲區,0,1,0,8,3,5,50,4,1,1,5,4,5,7,3,1,10,5,5,2,15,6,2,9,1,1,C03,7,9,2,18,2,11,,6,6,1,15,8,C03,120.62324,24.34562,2
2023,1,30,0,46,臺中市,東區,0,0,0,8,3,5,50,4,1,1,5,4,5,7,1,1,10,5,5,2,12,26,3,10,1,1,B03,7,9,6,8,2,2,,26,26,1,5,8,B03,120.705238,24.148197,3
2023,1,30,1,9,臺中市,北區,0,1,0,8,3,5,50,4,1,1,5,4,5,7,1,1,5,5,4,2,16,6,3,10,1,1,C03,7,6,3,18,2,13,,6,9,1,21,8,C03,120.670506,24.159216,2
2023,1,30,1,14,臺中市,西區,0,2,0,8,3,5,50,4,1,1,5,4,5,7,1,1,10,5,5,2,16,26,2,7,3,4,C03,7,5,3,18,2,13,,26,26,1,21,8,C03,120.670485,24.133675,2
2023,1,30,1,23,臺中市,西屯區,0,1,0,7,3,5,50,11,9,1,5,4,5,7,4,4,5,5,5,2,12,23,2,9,1,4,C03,7,9,1,10,2,12,,23,23,1,22,8,C03,120.650234,24.167151,2
2023,1,30,3,0,臺中市,龍井區,0,1,0,8,3,5,50,11,9,1,5,4,5,7,4,4,4,5,5,1,18,43,2,9,1,1,C03,7,15,1,10,2,12,,43,43,1,21,8,C03,120.570809,24.186556,2
2023,1,30,5,57,臺中市,西區,0,1,0,8,2,5,50,14,9,1,5,4,5,7,4,4,5,4,5,2,13,23,2,9,1,1,C03,7,9,1,10,2,11,,23,23,1,21,8,C03,120.653146,24.148488,2
2023,1,30,6,14,臺中市,北區,0,1,0,8,2,5,40,4,1,1,5,4,5,7,3,1,10,5,5,2,16,6,2,9,3,4,C03,7,9,1,10,2,11,,6,6,1,5,8,C03,120.678583,24.160392,2
2023,1,30,6,29,臺中市,西屯區,0,2,0,8,1,5,50,4,1,1,5,4,5,7,2,1,10,5,5,2,12,17,2,9,1,1,C03,7,9,1,10,2,11,,17,17,1,22,8,C03,120.635879,24.181852,2
2023,1,30,6,48,臺中市,西屯區,0,1,0,8,1,5,50,3,2,1,5,4,5,7,4,4,5,4,5,2,16,23,2,9,3,4,C03,7,6,1,10,2,11,,23,23,1,22,4,C03,120.622672,24.183091,2
2023,1,30,6,48,臺中市,大里區,0,2,0,8,1,5,50,4,1,1,5,4,5,7,1,1,5,4,5,1,15,25,2,9,3,4,C03,7,9,1,10,2,11,,25,25,1,22,9,C03,120.687242,24.095523,2
2023,1,30,7,11,臺中市,清水區,0,1,0,8,1,5,30,3,2,1,5,4,5,7,4,4,10,5,5,1,16,6,3,10,1,1,C03,7,5,1,10,2,11,,6,6,1,21,8,C03,120.569596,24.310975,2
2023,1,30,7,12,臺中市,北屯區,0,2,0,8,1,5,50,4,1,1,5,4,5,7,1,1,10,5,5,2,12,16,2,9,1,1,C03,7,9,1,10,2,12,,16,16,1,5,8,C03,120.669128,24.1928,2
2023,1,30,7,15,臺中市,大安區,0,0,0,,,,50,,,,,,,,,,,,,,,44,,,,,B03,,,1,,2,,,44,,1,2,,B03,120.603486,24.379624,3
2023,1,30,7,20,臺中市,沙鹿區,0,2,0,8,1,5,60,3,12,1,5,4,5,7,4,4,1,4,4,1,17,23,2,8,1,1,C03,7,6,1,10,2,14,,44,23,1,22,8,C03,120.601647,24.249283,2
2023,1,30,7,23,臺中市,龍井區,0,1,0,8,1,5,50,4,1,1,5,4,5,7,4,4,10,5,5,2,16,16,2,9,1,1,C03,7,9,1,10,2,11,,16,16,1,12,8,C03,120.518232,24.212557,2
2023,1,30,7,25,臺中市,烏日區,0,2,0,8,1,5,50,3,1,1,5,4,5,7,4,4,5,5,4,1,16,23,2,9,1,1,C03,7,5,1,10,2,14,,23,23,1,21,8,C03,120.617231,24.106088,2
2023,1,30,7,25,臺中市,龍井區,0,1,0,8,1,5,70,4,1,1,5,4,5,7,1,1,10,5,5,2,16,8,2,9,1,1,C03,7,5,1,10,2,12,,8,8,1,12,8,C03,120.542378,24.2182,2
2023,1,30,7,26,臺中市,大里區,0,2,0,8,1,5,50,3,2,1,5,4,5,7,4,4,5,5,5,2,2,23,2,8,1,1,C03,7,9,1,10,2,11,,23,23,1,4,5,C03,120.699914,24.08722,2
2023,1,30,7,28,臺中市,潭子區,0,2,0,8,1,5,50,4,1,1,5,4,5,7,1,1,5,4,5,1,15,25,3,10,1,1,B03,7,9,1,8,2,1,,25,25,1,22,8,B03,120.718343,24.218133,2
2023,1,30,7,30,臺中市,南屯區,0,0,0,,,,40,,,,,,,,,,,,,,,7,,,,,C02,,,1,,2,,,7,,1,22,,C02,120.597872,24.155393,3
2023,1,30,7,30,臺中市,大甲區,0,1,0,8,1,5,50,14,9,1,5,4,5,7,4,4,9,5,5,1,27,23,2,9,1,1,C03,7,9,1,10,2,14,,23,23,1,22,1,C03,120.6297,24.418753,2
2023,1,30,7,39,臺中市,梧棲區,0,0,0,8,,,60,,,,,,,,,,,,,,,23,,,,,B03,,,1,,2,,,23,,1,12,,B03,120.52792,24.222429,3
2023,1,30,7,40,臺中市,北區,0,0,0,8,,,30,,,,,,,,,,,,,,,67,,,,,,,,,,,,,67,,1,,,,120.68427,24.163337,3
2023,1,30,7,40,臺中市,南區,0,0,0,8,,,50,,,,,,,,,,,,,,,23,,,,,B12,,,1,,1,,,23,,1,5,,B12,120.650118,24.120638,3
2023,1,30,7,40,臺中市,南屯區,0,1,0,8,1,5,50,5,1,1,5,4,5,7,1,1,5,4,4,2,16,10,3,10,3,4,B03,7,11,1,4,2,4,,10,10,1,22,9,B03,120.635859,24.147834,2
2023,1,30,7,41,臺中市,大里區,0,0,0,8,1,5,50,14,13,1,5,4,5,7,4,4,1,4,4,2,29,23,,,,,A12,,,1,,2,,,23,,1,22,,A12,120.695673,24.088416,3