年,月,日,時,分,縣市,區,死,受傷,2-30,天候,光線,道路類別,速限,道路型態,事故位置,路面鋪裝,路面狀態,路面缺陷,障礙物,視距,號誌種類,號誌動作,分向設施,快車道或一般車道間,快慢車道間,路面邊線,事故類型及型態,主要肇因,受傷程度,主要傷處,保護裝備,行動電話,當事者區分,車輛用途,當事者行動狀態,駕駛資格情形,駕駛執照種類,飲酒情形,車輛撞擊部位最初,車輛撞擊部位其他,肇事因素個別,肇事因素主要,肇事逃逸,職業,旅次目的,車種,GPS緯度,GPS經度,事故類別
2023,1,30,7,43,臺中市,豐原區,0,0,0,8,,,50,,,,,,,,,,,,,,,23,,,,,C03,,,1,,2,,,23,,1,22,,C03,120.720589,24.266818,3
2023,1,30,7,44,臺中市,東區,0,1,0,8,1,5,50,3,1,1,5,4,5,7,3,1,10,5,5,2,13,23,2,9,1,1,C03,7,9,1,10,2,11,,23,23,1,22,9,C03,120.698485,24.125046,2
2023,1,30,7,45,臺中市,清水區,0,0,0,8,,,70,,,,,,,,,,,,,,,23,,,,,B12,,,1,,2,,,23,,1,22,,B12,120.557853,24.295322,3
2023,1,30,7,46,臺中市,南屯區,0,1,0,8,1,5,50,3,1,1,5,4,5,7,1,1,10,5,5,2,12,25,3,10,1,1,B03,7,6,1,8,2,1,,25,25,1,5,8,B03,120.639397,24.144469,2
2023,1,30,7,46,臺中市,豐原區,0,2,0,8,1,5,50,3,1,1,5,4,5,7,1,1,10,5,5,2,13,16,2,9,1,1,C03,7,9,1,10,2,11,,16,16,1,22,8,C03,120.710572,24.248611,2
2023,1,30,7,48,臺中市,南屯區,0,1,0,8,1,5,50,14,9,1,5,4,5,7,4,4,1,4,5,2,17,7,3,10,1,1,B03,7,8,1,8,2,15,,7,7,1,5,1,B03,120.635711,24.143383,2
2023,1,30,7,48,臺中市,太平區,0,2,0,8,1,5,50,4,1,1,5,4,5,7,1,1,10,5,5,2,15,25,2,9,3,4,F03,7,9,8,20,2,16,,25,25,1,9,8,F03,120.721331,24.101346,2
2023,1,30,7,49,臺中市,清水區,0,1,0,8,1,5,50,4,1,1,5,4,5,7,2,1,10,5,5,2,17,25,2,9,1,1,C03,7,11,1,10,2,12,,25,25,1,22,8,C03,120.552015,24.293875,2
2023,1,30,7,50,臺中市,潭子區,0,2,0,8,1,5,50,4,1,1,5,4,4,6,1,1,10,5,5,2,16,6,2,9,1,1,C03,7,5,1,10,2,11,,6,6,1,22,8,C03,120.718343,24.218133,2
2023,1,30,7,50,臺中市,大甲區,0,1,0,8,1,5,50,3,1,1,5,4,5,7,3,1,10,5,5,1,11,6,3,10,1,1,B03,7,5,1,8,2,5,,6,6,1,22,8,B03,120.619379,24.345459,2
2023,1,30,7,50,臺中市,東勢區,0,1,0,8,1,5,60,14,8,1,5,4,5,7,4,4,1,4,4,1,17,23,3,10,1,1,G02,7,14,1,7,2,8,,38,23,1,22,8,G02,120.834065,24.239844,2
2023,1,30,7,51,臺中市,太平區,0,0,0,8,1,5,30,14,9,1,5,4,5,7,4,4,10,5,5,2,13,16,3,10,3,4,C03,7,9,1,10,2,11,,16,16,1,9,8,C03,120.721047,24.101714,3
2023,1,30,7,52,臺中市,南屯區,0,2,0,8,1,5,50,4,2,1,5,4,5,7,2,1,1,2,5,2,13,23,2,9,3,4,C03,7,9,1,9,2,15,,23,23,1,22,9,C03,120.646512,24.132,2
2023,1,30,7,52,臺中市,石岡區,0,1,0,8,1,5,50,3,1,1,5,4,5,7,4,4,5,5,5,1,3,53,3,10,1,1,B03,7,9,1,8,2,2,,23,53,1,22,8,B03,120.779553,24.275332,2
2023,1,30,7,55,臺中市,梧棲區,0,1,0,8,1,5,30,4,1,1,5,4,5,7,4,4,10,5,5,2,15,6,3,10,1,1,C03,7,9,1,10,2,11,,6,6,1,12,8,C03,120.525305,24.248429,2
2023,1,30,7,55,臺中市,豐原區,0,1,0,8,1,5,50,4,1,1,5,4,5,7,1,1,10,5,5,2,16,6,3,10,1,1,B03,7,5,1,8,2,2,,6,6,1,22,8,B03,120.74766,24.266563,2
2023,1,30,7,56,臺中市,霧峰區,0,0,0,8,,,40,,,,,,,,,,,,,,,42,,,,,C03,,,1,,2,,,42,,1,4,,C03,120.695526,24.058685,3
2023,1,30,8,0,臺中市,南屯區,0,1,0,8,1,5,50,4,1,1,5,4,5,7,1,1,10,5,5,2,13,16,2,8,1,1,C03,7,9,1,10,2,11,,16,16,1,20,8,C03,120.649891,24.146771,2
2023,1,30,8,0,臺中市,太平區,0,2,0,8,1,5,50,4,1,1,5,4,5,7,1,1,10,5,5,2,15,6,2,9,1,1,C03,7,9,1,10,2,14,,6,6,1,22,5,C03,120.71832,24.131549,2
2023,1,30,8,1,臺中市,沙鹿區,0,0,0,8,,,60,,,,,,,,,,,,,,,23,,,,,B03,,,1,,2,,,23,,1,22,,B03,120.57364,24.230215,3
2023,1,30,8,2,臺中市,西區,0,1,0,8,1,5,50,4,1,1,5,4,5,7,1,1,10,5,5,2,15,25,2,9,1,1,C03,7,9,1,10,2,11,,25,25,1,21,8,C03,120.657395,24.142945,2
2023,1,30,8,3,臺中市,西屯區,0,0,0,8,,,50,,,,,,,,,,,,,,,23,,,,,B03,,,1,,1,,,23,,1,22,,B03,120.634353,24.165148,3
2023,1,30,8,5,臺中市,西屯區,0,2,0,8,1,5,50,4,1,1,5,4,5,7,2,1,10,5,5,2,16,6,2,8,1,1,C03,7,5,1,10,1,12,,6,6,1,3,8,C03,120.644591,24.18508,2
2023,1,30,8,6,臺中市,北屯區,0,1,0,8,1,5,50,14,9,1,5,4,5,7,4,4,1,4,5,2,17,19,3,10,1,1,B01,7,1,1,8,9,7,,19,19,1,5,1,B01,120.694824,24.18355,2
2023,1,30,8,10,臺中市,西屯區,0,2,0,8,1,5,50,4,1,1,5,4,5,7,2,1,1,2,5,2,15,25,2,9,3,4,C03,7,9,1,10,2,11,,25,25,1,22,8,C03,120.64286,24.172351,2
2023,1,30,8,10,臺中市,梧棲區,0,1,0,8,1,5,40,14,8,1,5,4,5,7,4,4,1,4,1,2,18,23,2,9,1,1,C03,7,9,1,10,4,12,,23,23,1,12,8,C03,120.537998,24.249674,2
2023,1,30,8,10,臺中市,大甲區,0,0,0,8,,,40,,,,,,,,,,,,,,,8,,,,,B03,,,1,,2,,,8,,1,4,,B03,120.635612,24.357366,3
2023,1,30,8,11,臺中市,北屯區,0,0,0,8,,,50,,,,,,,,,,,,,,,26,,,,,B03,,,1,,2,,,26,26,1,22,,B03,120.68555,24.171691,3
2023,1,30,8,14,臺中市,大雅區,0,0,0,8,,,50,,,,,,,,,,,,,,,8,,,,,B03,,,1,,2,,,8,,1,22,,B03,120.649372,24.216159,3
2023,1,30,8,14,臺中市,西屯區,0,0,0,8,,,50,,,,,,,,,,,,,,,26,,,,,B03,,,1,,1,,,44,26,1,22,,B03,120.653626,24.195026,3
2023,1,30,8,14,臺中市,豐原區,0,0,0,,,,50,,,,,,,,,,,,,,,12,3,10,3,1,B12,7,2,1,8,2,7,,12,12,1,22,9,B12,120.700235,24.239743,3
2023,1,30,8,15,臺中市,西屯區,0,2,0,8,1,5,50,4,1,1,5,4,5,7,1,1,4,3,4,2,16,25,2,9,1,1,C03,7,9,1,10,2,11,,25,25,1,22,8,C03,120.637217,24.173469,2
2023,1,30,8,15,臺中市,太平區,0,0,0,8,,,50,,,,,,,,,,,,,,,12,,,,,B03,,,1,,2,,,12,,1,22,,B03,120.730275,24.110217,3
2023,1,30,8,15,臺中市,沙鹿區,0,1,0,8,1,5,50,3,1,1,5,4,5,7,4,4,10,5,5,2,16,6,3,10,1,1,B03,7,5,1,8,2,8,,6,6,1,22,8,B03,120.605225,24.244526,2
2023,1,30,8,16,臺中市,神岡區,0,0,0,8,,,30,,,,,,,,,,,,,,,6,,,,,B12,,,3,,2,,,6,,1,21,,B12,120.682233,24.271134,3
2023,1,30,8,20,臺中市,中區,0,1,0,8,1,5,50,4,1,1,5,4,5,7,1,1,10,5,5,2,16,9,3,10,1,1,B03,7,6,1,8,2,5,,9,9,1,22,9,B03,120.675975,24.141326,2
2023,1,30,8,20,臺中市,西屯區,0,0,0,8,,,50,,,,,,,,,,,,,,,23,,,,,B03,,,1,,1,,,23,23,1,22,,B03,120.656231,24.209033,3
2023,1,30,8,21,臺中市,東區,0,1,0,8,1,5,50,5,1,1,5,4,5,7,1,1,10,5,5,2,15,25,3,10,1,1,B03,7,9,1,8,2,5,,25,25,1,22,8,B03,120.697027,24.142686,2
2023,1,30,8,22,臺中市,大雅區,0,0,0,8,,,50,,,,,,,,,,,,,,,16,,,,,B03,,,1,,2,,,16,,1,22,,B03,120.646212,24.223066,4
2023,1,30,8,25,臺中市,東區,0,1,0,8,1,5,50,14,9,1,5,4,5,7,4,4,5,4,5,2,17,23,2,9,1,1,C03,7,9,1,10,2,11,,23,23,1,5,8,C03,120.700782,24.13206,2
2023,1,30,8,26,臺中市,北屯區,0,0,0,8,,,50,,,,,,,,,,,,,,,16,,,,,B03,,,1,,1,,,16,,1,21,,B03,120.697531,24.164954,3
2023,1,30,8,26,臺中市,北屯區,0,0,0,8,,,50,,,,,,,,,,,,,,,6,,,,,C03,,,1,,1,,,6,,1,21,,C03,120.663855,24.18785,3
2023,1,30,8,29,臺中市,南屯區,0,0,0,8,1,5,50,14,9,1,5,4,5,7,1,1,1,4,4,2,13,16,,,,,B03,,,1,,1,,,16,,1,5,,B03,120.624108,24.152316,3
2023,1,30,8,30,臺中市,南屯區,0,0,0,,,,50,,,,,,,,,,,,,,,23,,,,,B03,,,1,,1,,,23,23,1,22,,B03,120.61337,24.154128,3
2023,1,30,8,30,臺中市,后里區,0,1,0,8,1,5,50,14,8,1,5,4,5,7,4,4,1,3,4,1,13,7,3,10,1,1,B03,7,8,1,8,2,6,,7,7,1,4,8,B03,120.723541,24.293987,2
2023,1,30,8,32,臺中市,西區,0,1,0,8,1,5,50,4,1,1,5,4,5,7,1,1,10,5,5,2,13,23,3,10,1,1,B03,7,9,1,8,1,1,,23,23,1,21,8,B03,120.672448,24.140243,2
2023,1,30,8,35,臺中市,太平區,0,1,0,8,1,5,50,4,2,1,5,4,5,7,1,1,5,4,5,2,14,12,3,10,1,1,B12,7,2,1,8,2,7,,12,12,1,22,5,B12,120.719032,24.142307,2
2023,1,30,8,37,臺中市,沙鹿區,0,2,0,8,1,5,50,4,1,1,5,4,5,7,4,4,10,5,5,2,16,23,2,9,1,1,C03,7,14,1,10,2,14,,44,23,1,22,9,C03,120.55868,24.237517,2
2023,1,30,8,40,臺中市,西區,0,1,0,8,1,5,50,3,1,1,5,4,5,7,4,4,10,5,5,2,16,1,2,8,1,1,C03,7,9,1,10,2,12,,1,26,1,21,8,C03,120.671813,24.144999,2
2023,1,30,8,40,臺中市,西屯區,0,1,0,8,1,5,50,4,1,1,5,4,5,7,2,1,10,5,5,2,16,6,3,10,1,1,C03,7,5,1,10,2,12,,6,6,1,22,8,C03,120.644933,24.181792,2
2023,1,30,8,40,臺中市,大甲區,0,1,0,8,1,5,50,14,9,1,5,4,5,7,4,4,5,5,5,1,17,23,2,7,1,1,C03,7,5,1,10,2,14,,23,23,1,22,1,C03,120.617989,24.347516,2
2023,1,30,8,42,臺中市,北區,0,2,0,8,1,5,50,3,1,1,5,4,5,7,1,1,10,5,5,2,11,8,2,9,1,1,C03,7,5,1,10,2,12,,8,8,1,19,8,C03,120.665366,24.166824,2
2023,1,30,8,44,臺中市,神岡區,0,1,0,8,1,5,30,3,1,1,5,4,5,7,4,4,5,5,5,1,16,6,2,9,1,1,C03,7,5,1,10,2,12,,6,6,1,22,8,C03,120.695759,24.247874,2
2023,1,30,8,45,臺中市,北屯區,0,0,0,8,,,30,,,,,,,,,,,,,,,33,,,,,B12,,,1,,1,,,33,33,1,22,,B12,120.712218,24.182384,3
2023,1,30,8,48,臺中市,西屯區,0,0,0,8,,,50,,,,,,,,,,,,,,,23,,,,,B03,,,1,,2,,,23,23,1,22,,B03,120.628999,24.1636,3
2023,1,30,8,48,臺中市,太平區,0,0,0,8,,,50,,,,,,,,,,,,,,,1,,,,,B03,,,1,,2,,,1,,1,9,,B03,120.716187,24.133508,3
2023,1,30,8,49,臺中市,大里區,0,0,0,8,,,50,,,,,,,,,,,,,,,6,,,,,B12,,,1,,2,,,6,,1,9,,B12,120.694774,24.111463,3
2023,1,30,8,50,臺中市,大甲區,0,0,0,8,,,50,,,,,,,,,,,,,,,2,,,,,B12,,,1,,2,,,2,,1,22,,B12,120.629165,24.344968,3
2023,1,30,8,55,臺中市,清水區,0,1,0,8,1,5,30,11,9,1,5,4,5,1,4,4,10,5,5,1,11,23,3,10,1,1,B12,7,9,1,8,2,4,,23,23,1,21,8,B12,120.58955,24.292373,2
2023,1,30,8,56,臺中市,北區,0,1,0,8,1,5,50,4,1,1,5,4,5,7,4,4,10,5,5,2,15,6,2,9,1,1,C03,7,9,1,10,2,12,,6,6,1,22,8,C03,120.675429,24.158337,2
2023,1,30,8,56,臺中市,南屯區,0,1,0,8,1,5,50,14,8,1,5,4,5,7,4,4,9,4,4,2,13,23,2,8,3,4,C03,7,9,1,10,2,11,,23,23,1,22,9,C03,120.642122,24.153953,2
2023,1,30,8,58,臺中市,西屯區,0,0,0,8,,,40,,,,,,,,,,,,,,,23,,,,,C03,,,1,,1,,,23,,1,22,,C03,120.612488,24.183858,3
2023,1,30,8,59,臺中市,豐原區,0,1,0,8,1,5,50,3,1,1,5,4,5,7,1,1,10,5,5,2,16,6,3,10,1,1,B12,7,6,1,8,2,6,,6,9,1,22,8,B12,120.698958,24.246603,2
2023,1,30,9,3,臺中市,北屯區,0,2,0,8,1,5,50,4,1,1,5,4,5,7,3,1,10,5,5,2,11,4,3,10,1,1,C03,7,9,1,10,2,12,14,4,4,1,5,8,C03,120.68949,24.169178,2
2023,1,30,9,8,臺中市,西區,0,1,0,8,1,5,50,4,1,1,5,4,5,7,1,1,10,5,5,2,16,6,3,10,1,1,B03,7,5,1,8,2,6,,6,6,1,22,1,B03,120.652997,24.146726,2
2023,1,30,9,8,臺中市,西屯區,0,0,0,8,,,80,,,,,,,,,,,,,,,23,,,,,B03,,,1,,1,,,23,,1,22,,B03,120.632552,24.170941,3
2023,1,30,9,13,臺中市,北屯區,0,0,0,8,,,50,,,,,,,,,,,,,,,12,,,,,B03,,,1,,1,,,12,,1,21,,B03,120.66379,24.187556,3
2023,1,30,9,16,臺中市,北屯區,0,0,0,8,,,50,,,,,,,,,,,,,,,23,,,,,B03,,,1,,1,,,23,,1,20,,B03,120.667578,24.18795,3
2023,1,30,9,19,臺中市,霧峰區,0,1,0,8,1,5,50,3,1,1,5,4,5,7,4,4,1,4,4,2,16,23,3,10,1,1,B12,7,6,1,8,2,1,,23,23,1,22,9,B12,120.695981,24.016516,2
2023,1,30,9,21,臺中市,后里區,0,0,0,8,,,50,,,,,,,,,,,,,,,14,,,,,C03,,,1,,1,,,14,,1,16,,C03,120.713033,24.305182,3
2023,1,30,9,22,臺中市,北屯區,0,0,0,8,,,80,,,,,,,,,,,,,,,16,,,,,B03,,,1,,1,,,44,,1,22,,B03,120.6762,24.200975,3
2023,1,30,9,26,臺中市,南屯區,0,1,0,8,1,5,50,4,1,1,5,4,5,7,1,1,10,5,5,2,15,25,3,10,1,1,B01,7,9,1,4,2,1,,25,25,1,10,8,B01,120.648738,24.144933,2
2023,1,30,9,30,臺中市,大雅區,0,0,0,8,,,30,,,,,,,,,,,,,,,23,,,,,B03,,,1,,2,,,23,,1,22,,B03,120.654467,24.209994,3
2023,1,30,9,30,臺中市,北區,0,0,0,8,,,50,,,,,,,,,,,,,,,23,,,,,B01,,,1,,1,,,23,,1,22,,B01,120.672088,24.166873,3
2023,1,30,9,30,臺中市,外埔區,0,1,0,8,1,5,30,3,2,1,5,4,5,7,4,4,4,4,5,1,16,6,3,10,1,1,B03,7,5,1,8,2,7,,6,6,1,4,8,B03,120.641711,24.346483,2
2023,1,30,9,30,臺中市,大甲區,0,0,0,,,,40,,,,,,,,,,,,,,,42,,,,,B12,,,1,,2,,,42,39,1,5,,B12,120.621147,24.338108,3
2023,1,30,9,31,臺中市,沙鹿區,0,1,0,8,1,5,30,4,1,1,5,4,5,7,4,4,10,5,5,2,17,6,2,9,1,1,C03,7,5,1,10,2,11,,6,6,1,22,8,C03,120.57449,24.261013,2
2023,1,30,9,33,臺中市,潭子區,0,0,0,8,,,50,,,,,,,,,,,,,,,25,,,,,C03,,,1,,2,,,25,,1,22,,C03,120.706031,24.200805,3
2023,1,30,9,33,臺中市,南屯區,0,2,0,8,1,5,50,14,9,1,5,4,5,7,1,1,5,4,5,2,12,8,2,9,1,1,F01,7,5,8,20,2,16,,8,8,1,15,8,F01,120.636205,24.146723,2
2023,1,30,9,43,臺中市,西屯區,0,0,0,,,,30,,,,,,,,,,,,,,,12,,,,,B03,,,1,,2,,,12,,1,22,,B03,120.635284,24.168432,3
2023,1,30,9,44,臺中市,豐原區,0,0,0,8,,,30,,,,,,,,,,,,,,,23,,,,,B03,,,1,,9,,,23,23,2,22,,B03,120.721663,24.24135,3
2023,1,30,9,45,臺中市,大肚區,0,1,0,8,1,5,50,15,9,1,5,4,5,7,4,4,5,5,5,1,16,11,2,9,3,4,C03,7,11,1,10,2,11,,11,11,1,22,9,C03,120.580811,24.173351,2
2023,1,30,9,48,臺中市,北屯區,0,3,0,8,1,5,50,4,1,1,5,4,5,7,1,1,10,5,5,2,16,6,2,9,1,1,B03,7,5,1,8,2,6,,6,6,1,5,8,B03,120.720915,24.170691,2
2023,1,30,9,50,臺中市,太平區,0,0,0,8,,,30,,,,,,,,,,,,,,,23,,,,,B03,,,1,,2,,,23,,1,22,,B03,120.719618,24.120011,3
2023,1,30,9,53,臺中市,西區,0,1,0,8,1,5,50,4,1,1,5,4,5,7,1,1,10,5,5,2,17,19,3,10,1,1,B03,7,1,1,8,2,1,,19,19,1,5,7,B03,120.668198,24.146717,2
2023,1,30,9,56,臺中市,北屯區,0,0,0,8,,,30,,,,,,,,,,,,,,,40,,,,,B12,,,1,,2,,,40,,1,5,,B12,120.699385,24.170765,3
2023,1,30,9,58,臺中市,東區,0,3,0,8,1,5,50,14,9,1,5,4,5,7,4,4,9,4,5,2,12,23,2,8,1,1,C03,7,9,1,10,2,12,,23,23,1,5,1,C03,120.686524,24.135964,2
2023,1,30,9,58,臺中市,北屯區,0,1,0,8,1,5,50,3,1,1,5,4,5,7,1,1,3,4,5,2,16,26,2,9,1,1,C03,7,7,6,18,2,14,,26,26,1,21,8,C03,120.73329,24.175583,2
2023,1,30,9,58,臺中市,西屯區,0,1,0,8,1,5,50,14,9,1,5,4,5,7,4,4,1,4,5,2,16,9,3,10,1,1,B03,7,6,1,8,2,6,,9,9,1,20,9,B03,120.646088,24.163769,2
2023,1,30,9,58,臺中市,太平區,0,1,0,8,1,5,50,4,1,1,5,4,5,7,1,1,5,5,4,2,18,43,2,9,1,1,C03,7,9,1,10,2,14,,43,43,1,21,8,C03,120.716187,24.133508,2
2023,1,30,10,1,臺中市,西區,0,1,0,8,1,5,60,4,1,1,5,4,5,7,1,1,10,5,5,2,16,25,3,10,1,1,B02,7,5,1,8,2,1,,25,25,1,21,8,B02,120.65958,24.157062,2
2023,1,30,10,1,臺中市,烏日區,0,1,0,8,1,5,50,14,13,1,5,4,5,7,4,4,4,4,5,1,17,42,3,10,1,1,B03,7,2,1,8,2,3,1,42,42,1,20,8,B03,120.644316,24.086,2
2023,1,30,10,2,臺中市,太平區,0,1,0,8,1,5,50,4,1,1,5,4,5,7,4,4,10,5,5,2,15,6,2,9,3,4,C03,7,9,4,8,2,12,,6,6,1,19,8,C03,120.71651,24.145213,2
2023,1,30,10,4,臺中市,西屯區,0,0,0,8,,,50,,,,,,,,,,,,,,,19,,,,,C03,,,1,,2,,,19,,1,22,,C03,120.621023,24.1848,3
2023,1,30,10,7,臺中市,東區,0,2,0,8,1,5,50,4,1,1,5,4,5,7,1,1,10,5,5,2,16,6,3,10,1,1,B03,7,6,1,8,2,2,,6,6,1,22,9,B03,120.698558,24.125005,2
2023,1,30,10,9,臺中市,北區,0,0,0,8,1,5,50,4,2,1,5,4,5,7,2,1,6,1,5,2,12,23,,,,,B03,,,1,,1,,,23,,1,22,,B03,120.674701,24.162985,3
2023,1,30,10,13,臺中市,豐原區,0,0,0,8,,,50,,,,,,,,,,,,,,,19,,,,,B03,,,1,,2,,,44,19,1,22,,B03,120.723481,24.252121,3
2023,1,30,10,19,臺中市,南屯區,0,1,0,8,1,5,50,3,1,1,5,4,5,7,4,4,5,4,4,2,16,8,3,10,3,4,B03,7,5,1,8,2,8,,8,8,1,22,9,B03,120.635557,24.132553,2
2023,1,30,10,25,臺中市,豐原區,0,0,0,8,,,50,,,,,,,,,,,,,,,25,,,,,B03,,,1,,2,,,25,,1,22,,B03,120.72981,24.255086,3
2023,1,30,10,26,臺中市,南區,0,0,0,8,,,50,,,,,,,,,,,,,,,6,,,,,B03,,,1,,2,,,6,,1,22,,B03,120.662473,24.127442,3
2023,1,30,10,30,臺中市,北屯區,0,0,0,8,,,50,,,,,,,,,,,,,,,42,,,,,B12,,,1,,2,,,42,,1,10,,B12,120.699208,24.175883,3
2023,1,30,10,30,臺中市,霧峰區,0,0,0,8,,,50,,,,,,,,,,,,,,,23,,,,,B03,,,1,,2,,,23,,1,22,,B03,120.698686,24.064478,3
2023,1,30,10,30,臺中市,烏日區,0,0,0,8,,,50,,,,,,,,,,,,,,,42,,,,,B03,,,1,,1,,,42,,1,21,,B03,120.643242,24.109609,4
2023,1,30,10,30,臺中市,梧棲區,0,1,0,8,1,5,50,3,1,1,5,4,5,7,4,4,10,5,5,2,3,67,2,8,4,4,H01,8,20,8,20,1,16,,67,67,1,20,8,H01,120.531999,24.254269,2
2023,1,30,10,33,臺中市,大甲區,0,2,0,8,1,5,50,4,18,1,5,4,4,7,4,4,10,5,5,2,3,23,2,9,1,1,C03,7,9,1,10,2,11,,23,23,1,22,8,C03,120.626548,24.34449,2
2023,1,30,10,35,臺中市,大里區,0,0,0,8,,,50,,,,,,,,,,,,,,,19,,,,,B02,,,1,,2,,,19,,1,22,,B02,120.676576,24.112073,3
2023,1,30,10,35,臺中市,后里區,0,0,0,8,,,50,,,,,,,,,,,,,,,37,,,,,B11,,,1,,2,,,37,,1,10,,B11,120.706734,24.304472,3
2023,1,30,10,36,臺中市,北區,0,0,0,8,,,50,,,,,,,,,,,,,,,7,,,,,C03,,,1,,2,,,7,,1,22,,C03,120.671268,24.173885,3
2023,1,30,10,42,臺中市,豐原區,0,0,0,8,,,50,,,,,,,,,,,,,,,26,,,,,B03,,,1,,2,,,26,,1,22,,B03,120.720271,24.264688,3
2023,1,30,10,47,臺中市,北區,0,1,0,8,1,5,40,3,1,1,5,4,5,7,1,1,1,4,4,2,15,25,3,10,1,1,C03,7,9,4,8,2,11,,25,25,1,21,8,C03,120.672565,24.168787,2
2023,1,30,10,48,臺中市,北屯區,0,0,0,8,,,50,,,,,,,,,,,,,,,23,,,,,B03,,,1,,1,,,23,,1,22,,B03,120.667794,24.174078,3
2023,1,30,10,50,臺中市,北屯區,0,0,0,8,,,50,,,,,,,,,,,,,,,23,,,,,B12,,,1,,2,,,23,,1,5,,B12,120.705458,24.167855,3
2023,1,30,10,51,臺中市,北區,0,1,0,8,1,5,50,4,1,1,5,4,5,7,4,4,10,5,5,2,15,6,2,9,1,1,C03,7,9,1,10,2,12,,6,6,1,22,8,C03,120.695978,24.156712,2
2023,1,30,10,54,臺中市,東區,0,0,0,8,1,5,50,3,1,1,5,4,5,7,4,4,1,5,5,2,12,23,3,10,1,1,C03,7,9,1,10,9,14,,23,23,1,22,8,C03,120.686398,24.135849,3
2023,1,30,10,54,臺中市,西屯區,0,2,0,8,1,5,30,4,1,1,5,4,5,7,4,4,10,5,5,2,15,6,2,9,3,4,C03,7,9,1,10,2,12,,6,6,1,22,8,C03,120.66535,24.178998,2
2023,1,30,10,56,臺中市,南屯區,0,2,0,8,1,5,50,14,9,1,5,4,5,7,4,4,5,4,5,2,3,52,2,9,4,5,H01,8,16,8,20,10,16,,52,52,1,20,8,H01,120.638847,24.147287,2
2023,1,30,10,57,臺中市,豐原區,0,0,0,8,,,50,,,,,,,,,,,,,,,23,,,,,B03,,,1,,2,,,23,,1,22,,B03,120.713597,24.250906,3
2023,1,30,11,0,臺中市,大甲區,0,1,0,8,1,5,50,14,9,1,5,4,5,7,4,4,9,5,5,1,13,23,2,8,1,1,C03,7,9,3,18,2,11,,23,16,1,4,8,C03,120.623837,24.346437,2
2023,1,30,11,0,臺中市,東勢區,0,1,0,8,1,5,50,3,1,1,5,4,5,7,3,1,10,5,5,2,17,1,3,10,1,1,C03,7,5,7,19,1,12,,1,1,1,22,8,C03,120.83103,24.24596,2
2023,1,30,11,1,臺中市,西區,0,2,0,8,1,5,50,3,1,1,5,4,5,7,2,1,10,5,5,2,15,25,2,8,1,1,C03,7,9,1,10,2,11,,25,25,1,22,9,C03,120.678339,24.139285,2
2023,1,30,11,10,臺中市,清水區,0,1,0,8,1,5,50,3,1,1,5,4,5,7,4,4,8,3,4,1,16,4,3,10,1,1,C03,7,5,1,10,2,14,,4,4,1,21,8,C03,120.571019,24.274097,2
2023,1,30,11,12,臺中市,神岡區,0,0,0,8,,,30,,,,,,,,,,,,,,,6,,,,,B12,,,1,,2,,,6,,1,22,,B12,120.703749,24.267889,3
2023,1,30,11,19,臺中市,大甲區,0,2,0,8,1,5,40,4,4,1,5,4,5,7,1,1,3,3,4,1,13,23,2,7,1,1,C03,7,7,3,18,2,12,,23,23,1,22,9,C03,120.642901,24.418742,2
2023,1,30,11,23,臺中市,西屯區,0,1,0,8,1,5,50,4,1,1,5,4,5,7,1,1,4,3,4,2,16,7,2,9,1,1,C03,7,7,1,10,2,13,,7,7,1,22,8,C03,120.666827,24.175075,2
2023,1,30,11,26,臺中市,沙鹿區,0,0,0,8,,,70,,,,,,,,,,,,,,,23,,,,,B12,,,1,,2,,,23,,1,22,,B12,120.61487,24.244044,3
2023,1,30,11,28,臺中市,北屯區,0,1,0,8,1,5,50,4,1,1,5,4,5,7,4,4,10,5,5,2,15,6,3,10,1,1,B03,7,9,1,8,2,6,,6,6,1,21,8,B03,120.68346,24.171475,2
2023,1,30,11,29,臺中市,大里區,0,2,0,8,1,5,1,14,7,1,5,4,5,7,1,1,1,4,4,1,12,23,2,9,1,1,C03,7,4,1,10,2,11,,23,23,1,5,8,C03,120.690273,24.123471,2
2023,1,30,11,30,臺中市,大雅區,0,0,0,8,,,50,,,,,,,,,,,,,,,19,,,,,C03,,,1,,2,,,19,19,1,21,,C03,120.648334,24.221761,3
2023,1,30,11,30,臺中市,西區,0,1,0,7,1,5,50,4,1,1,5,4,5,7,1,1,10,5,5,2,18,23,2,9,1,1,C03,7,9,1,10,2,12,,23,23,1,21,8,C03,120.655144,24.146707,2
2023,1,30,11,30,臺中市,太平區,0,0,0,8,,,50,,,,,,,,,,,,,,,23,,,,,B03,,,1,,2,,,23,,1,22,,B03,120.722216,24.145913,3
2023,1,30,11,30,臺中市,龍井區,0,0,0,8,,,50,,,,,,,,,,,,,,,6,,,,,B03,,,1,,2,,,6,,1,12,,B03,120.523873,24.208376,3
2023,1,30,11,38,臺中市,沙鹿區,0,0,0,8,,,50,,,,,,,,,,,,,,,23,,,,,C03,,,1,,2,,,23,,1,22,,C03,120.574258,24.228281,3
2023,1,30,11,40,臺中市,豐原區,0,1,0,8,1,5,50,4,1,1,5,4,5,7,1,1,10,5,5,2,16,6,3,10,3,4,B03,7,6,1,8,2,2,,6,6,1,22,8,B03,120.802916,24.256438,2