年,月,日,時,分,縣市,區,死,受傷,2-30,天候,光線,道路類別,速限,道路型態,事故位置,路面鋪裝,路面狀態,路面缺陷,障礙物,視距,號誌種類,號誌動作,分向設施,快車道或一般車道間,快慢車道間,路面邊線,事故類型及型態,主要肇因,受傷程度,主要傷處,保護裝備,行動電話,當事者區分,車輛用途,當事者行動狀態,駕駛資格情形,駕駛執照種類,飲酒情形,車輛撞擊部位最初,車輛撞擊部位其他,肇事因素個別,肇事因素主要,肇事逃逸,職業,旅次目的,車種,GPS緯度,GPS經度,事故類別
2023,1,30,11,42,臺中市,大里區,0,4,0,8,1,5,60,4,1,1,5,4,5,7,2,1,1,4,4,1,15,25,2,9,1,1,C03,7,9,1,10,2,12,,25,25,1,4,5,C03,120.687633,24.08581,2
2023,1,30,11,44,臺中市,北屯區,0,1,0,8,1,5,50,4,1,1,5,4,5,7,1,1,10,5,5,2,15,25,2,9,1,1,C03,7,9,1,10,2,11,,25,25,1,20,8,C03,120.689327,24.201289,2
2023,1,30,11,44,臺中市,西屯區,0,0,0,8,,,70,,,,,,,,,,,,,,,16,,,,,B03,,,1,,1,,,16,,1,22,,B03,120.621617,24.180022,3
2023,1,30,11,47,臺中市,西屯區,0,0,0,8,,,50,,,,,,,,,,,,,,,19,,,,,B12,,,1,,1,,,19,,1,22,,B12,120.623938,24.175626,3
2023,1,30,11,51,臺中市,北屯區,0,1,0,8,1,5,50,4,1,1,5,4,5,7,2,1,10,5,5,2,16,6,3,10,1,1,B03,7,6,1,8,2,2,,6,6,1,22,8,B03,120.681895,24.194106,2
2023,1,30,11,53,臺中市,北區,0,0,0,8,,,30,,,,,,,,,,,,,,,12,,,,,B03,,,1,,2,,,12,,1,22,,B03,120.66879,24.162509,3
2023,1,30,11,55,臺中市,北區,0,0,0,,,,30,,,,,,,,,,,,,,,23,,,,,B03,,,1,,2,,,23,,1,21,,B03,120.673035,24.169377,3
2023,1,30,12,1,臺中市,南屯區,0,1,0,8,1,5,30,14,9,1,5,4,5,7,4,4,10,5,5,2,11,6,2,9,1,1,C03,7,6,1,10,2,11,,6,6,1,5,1,C03,120.627971,24.126561,2
2023,1,30,12,2,臺中市,北區,0,0,0,8,,,50,,,,,,,,,,,,,,,26,,,,,C03,,,1,,2,,,26,,1,20,,C03,120.685971,24.14647,3
2023,1,30,12,2,臺中市,太平區,0,2,0,8,1,5,50,14,8,1,5,4,5,7,4,4,5,5,4,1,16,26,2,7,1,1,C03,7,5,1,10,2,11,,26,26,1,21,8,C03,120.727024,24.150097,2
2023,1,30,12,5,臺中市,北區,0,2,0,8,1,5,50,4,1,1,5,4,5,7,4,4,10,5,5,2,15,6,2,8,1,1,C03,7,9,1,10,2,12,,6,6,1,22,8,C03,120.666724,24.16043,2
2023,1,30,12,6,臺中市,大甲區,0,2,0,8,1,5,50,4,1,1,5,4,5,7,4,4,10,5,5,2,15,6,2,8,1,1,C03,7,9,1,10,2,12,,6,6,1,22,9,C03,120.620852,24.346074,2
2023,1,30,12,8,臺中市,東區,0,1,0,8,1,5,50,14,9,1,5,4,5,7,4,4,5,4,5,2,16,26,2,9,1,1,C03,7,5,1,10,2,14,,26,26,1,5,8,C03,120.691673,24.14281,2
2023,1,30,12,8,臺中市,太平區,0,0,0,8,,,50,,,,,,,,,,,,,,,6,,,,,B03,,,1,,2,,,6,,1,9,,B03,120.749612,24.127205,3
2023,1,30,12,10,臺中市,北屯區,0,0,0,8,,,50,,,,,,,,,,,,,,,23,,,,,B03,,,1,,1,,,23,,1,5,,B03,120.709511,24.18223,3
2023,1,30,12,14,臺中市,西屯區,0,0,0,8,,,50,,,,,,,,,,,,,,,23,,,,,B03,,,1,,2,,,23,,1,22,,B03,120.618609,24.178503,3
2023,1,30,12,16,臺中市,南屯區,0,0,0,8,,,50,,,,,,,,,,,,,,,23,,,,,C03,,,1,,1,,,23,,1,22,,C03,120.612558,24.13844,3
2023,1,30,12,19,臺中市,東區,0,0,0,,,,50,,,,,,,,,,,,,,,8,,,,,C03,,,1,,2,,,8,,1,22,,C03,120.6959,24.141595,3
2023,1,30,12,20,臺中市,北屯區,0,0,0,8,,,50,,,,,,,,,,,,,,,7,,,,,B03,,,1,,2,,,7,,1,22,,B03,120.685566,24.171551,3
2023,1,30,12,24,臺中市,北區,0,0,0,6,,,50,,,,,,,,,,,,,,,12,,,,,B01,,,1,,2,,,12,,1,22,,B01,120.685557,24.160378,3
2023,1,30,12,25,臺中市,北區,0,2,0,8,1,5,50,4,4,1,5,4,5,7,1,1,5,4,5,2,13,23,2,9,1,1,C03,7,9,1,10,2,11,,23,23,1,21,8,C03,120.673337,24.166906,2
2023,1,30,12,34,臺中市,東區,0,0,0,,,,50,,,,,,,,,,,,,,,43,,,,,B12,,,1,,9,,,43,,1,22,,B12,120.690028,24.135616,3
2023,1,30,12,40,臺中市,西屯區,0,2,0,8,1,5,40,14,8,1,5,4,5,7,4,4,1,5,1,2,23,42,2,9,1,1,C03,7,9,1,10,2,11,,42,42,1,22,8,C03,120.615946,24.182604,2
2023,1,30,12,40,臺中市,沙鹿區,0,0,0,8,,,50,,,,,,,,,,,,,,,23,,,,,C03,,,1,,2,,,23,,1,18,,C03,120.575351,24.226311,3
2023,1,30,12,45,臺中市,豐原區,0,0,0,8,,,50,,,,,,,,,,,,,,,6,,,,,C03,,,1,,2,,,6,,1,22,,C03,120.717844,24.249531,3
2023,1,30,12,50,臺中市,北屯區,0,2,0,8,1,5,50,4,1,1,5,4,5,7,4,4,10,5,5,2,15,6,2,9,1,1,C03,7,9,1,10,2,12,,6,6,1,21,8,C03,120.714331,24.172556,2
2023,1,30,12,52,臺中市,西屯區,0,1,0,8,1,5,50,4,1,1,5,4,5,7,1,1,10,5,5,2,16,43,2,8,3,4,C03,7,9,1,10,2,14,,42,43,1,22,8,C03,120.648878,24.174843,2
2023,1,30,12,53,臺中市,太平區,0,2,0,8,1,5,50,4,2,1,5,4,5,7,1,1,5,4,5,2,13,23,2,9,1,1,C03,7,9,1,10,2,11,,23,23,1,22,5,C03,120.722033,24.149278,2
2023,1,30,12,53,臺中市,大肚區,0,2,0,8,1,5,30,14,9,1,5,4,5,7,4,4,10,5,5,2,12,8,2,8,1,1,C03,7,5,4,8,2,11,,8,8,1,21,8,C03,120.544595,24.146054,2
2023,1,30,12,56,臺中市,北屯區,0,1,0,8,1,5,60,14,9,1,5,4,5,7,4,4,3,4,5,2,13,16,2,3,1,1,B03,7,9,1,8,2,1,,16,16,1,22,8,B03,120.686541,24.202326,2
2023,1,30,13,0,臺中市,西屯區,0,3,0,8,1,5,50,14,9,1,5,4,5,7,1,1,4,3,5,2,16,23,2,9,1,1,C03,7,9,1,10,2,11,,23,23,1,22,8,C03,120.6405,24.179214,2
2023,1,30,13,0,臺中市,霧峰區,0,2,0,8,1,5,30,14,9,4,5,4,5,7,4,4,10,5,5,2,12,19,2,8,1,1,C03,7,1,1,10,2,14,,19,19,1,22,9,C03,120.700037,24.06233,2
2023,1,30,13,11,臺中市,西區,0,1,0,8,1,5,50,3,1,1,5,4,5,7,4,4,10,5,5,2,16,8,3,10,1,1,B03,7,5,1,8,2,4,,8,8,1,5,8,B03,120.666947,24.129941,2
2023,1,30,13,11,臺中市,梧棲區,0,0,0,8,,,50,,,,,,,,,,,,,,,26,,,,,B03,,,1,,2,,,26,,1,21,,B03,120.549297,24.245892,3
2023,1,30,13,18,臺中市,北屯區,0,1,0,8,1,5,50,5,1,1,5,4,5,7,2,1,10,5,5,2,16,25,3,10,1,1,B03,7,6,1,8,2,8,,25,25,1,5,8,B03,120.698061,24.170775,2
2023,1,30,13,22,臺中市,北屯區,0,0,0,8,,,50,,,,,,,,,,,,,,,16,,,,,B12,,,1,,2,,,16,,1,22,,B12,120.685435,24.201204,3
2023,1,30,13,23,臺中市,西屯區,0,0,0,8,,,30,,,,,,,,,,,,,,,23,,,,,B03,,,1,,1,,,23,,1,22,,B03,120.639223,24.159138,3
2023,1,30,13,23,臺中市,烏日區,0,0,0,8,,,50,,,,,,,,,,,,,,,7,,,,,B03,,,1,,2,,,7,,1,22,,B03,120.58763,24.11322,3
2023,1,30,13,23,臺中市,沙鹿區,0,0,0,8,,,40,,,,,,,,,,,,,,,23,,,,,F02,,,8,,2,,,23,,1,20,,F02,120.568374,24.225125,3
2023,1,30,13,26,臺中市,北屯區,0,0,0,8,,,50,,,,,,,,,,,,,,,23,,,,,B12,,,1,,1,,,23,,1,21,,B12,120.714715,24.172598,3
2023,1,30,13,28,臺中市,南區,0,0,0,8,,,50,,,,,,,,,,,,,,,12,,,,,B03,,,1,,2,,,12,,1,22,,B03,120.655496,24.11698,3
2023,1,30,13,31,臺中市,西屯區,0,0,0,8,,,50,,,,,,,,,,,,,,,17,,,,,B03,,,1,,1,,,17,17,1,22,,B03,120.628804,24.163067,3
2023,1,30,13,34,臺中市,南區,0,2,0,8,1,5,30,4,1,1,5,4,5,7,4,4,9,4,5,2,16,6,3,10,1,1,B12,7,9,1,8,2,4,,14,6,1,5,1,B12,120.673111,24.127394,2
2023,1,30,13,35,臺中市,東區,0,4,0,8,1,5,40,4,1,1,5,4,5,7,4,4,10,5,5,2,16,6,2,3,1,1,C03,7,6,1,10,2,12,,6,6,1,5,8,C03,120.70605,24.142115,2
2023,1,30,13,36,臺中市,南屯區,0,1,0,8,1,5,50,3,1,1,5,4,5,7,4,4,10,5,5,2,16,10,3,10,1,1,B03,7,11,1,8,2,7,,10,10,1,4,8,B03,120.648223,24.137024,2
2023,1,30,13,37,臺中市,北區,0,2,0,8,1,5,50,4,1,1,5,4,5,7,1,1,10,5,5,2,17,6,2,9,1,1,C03,7,15,1,10,1,14,,6,6,1,5,7,C03,120.684959,24.159118,2
2023,1,30,13,38,臺中市,東區,0,1,0,7,1,5,50,4,1,1,5,4,5,7,1,1,10,5,5,2,16,6,3,10,1,1,B03,7,6,1,8,2,2,,6,6,1,22,9,B03,120.699881,24.138958,2
2023,1,30,13,43,臺中市,東區,0,0,0,,,,50,,,,,,,,,,,,,,,8,,,,,C03,,,6,,2,,,8,8,1,22,,C03,120.706265,24.136961,3
2023,1,30,13,45,臺中市,豐原區,0,0,0,8,,,50,,,,,,,,,,,,,,,7,,,,,A12,,,1,,2,,,7,,1,22,,A12,120.728338,24.275749,3
2023,1,30,13,45,臺中市,神岡區,0,0,0,8,,,30,,,,,,,,,,,,,,,1,,,,,B02,,,1,,2,,,1,,1,22,,B02,120.657095,24.264633,3
2023,1,30,13,45,臺中市,豐原區,0,0,0,8,,,50,,,,,,,,,,,,,,,18,,,,,B02,,,1,,2,,,18,,1,22,,B02,120.716522,24.250805,3
2023,1,30,13,47,臺中市,西區,0,0,0,8,,,50,,,,,,,,,,,,,,,17,,,,,B03,,,1,,1,,,17,,1,2,,B03,120.66594,24.14903,3
2023,1,30,13,49,臺中市,北屯區,0,0,0,8,,,50,,,,,,,,,,,,,,,14,,,,,B02,,,1,,1,,,6,14,1,21,,B02,120.668188,24.196661,3
2023,1,30,13,50,臺中市,沙鹿區,0,0,0,8,,,50,,,,,,,,,,,,,,,37,,,,,C03,,,1,,9,,,37,,1,20,,C03,120.556146,24.229624,3
2023,1,30,13,50,臺中市,新社區,0,0,0,8,,,50,,,,,,,,,,,,,,,23,,,,,B02,,,1,,2,,,23,,1,22,,B02,120.820708,24.17738,3
2023,1,30,13,54,臺中市,東區,0,2,0,8,1,5,50,14,9,1,5,4,5,7,4,4,9,5,5,2,13,23,2,9,1,1,C03,7,9,1,10,2,11,,23,23,1,5,8,C03,120.693183,24.146315,2
2023,1,30,13,56,臺中市,南區,0,2,0,8,1,5,50,4,1,1,5,4,5,7,1,1,9,4,5,2,16,6,2,9,1,1,C03,7,5,2,18,2,12,,6,6,1,5,1,C03,120.667552,24.128008,2
2023,1,30,13,58,臺中市,太平區,0,1,0,8,1,5,40,14,9,1,5,4,5,7,1,1,5,5,5,1,13,16,2,8,1,1,C03,7,9,1,10,2,11,,16,16,1,18,8,C03,120.750952,24.122827,2
2023,1,30,14,1,臺中市,北區,0,0,0,8,,,50,,,,,,,,,,,,,,,23,,,,,B03,,,1,,1,,,23,,1,22,,B03,120.664556,24.162436,3
2023,1,30,14,3,臺中市,豐原區,0,0,0,8,,,50,,,,,,,,,,,,,,,6,,,,,C03,,,3,,11,,,6,6,2,22,,C03,120.721465,24.253792,3
2023,1,30,14,4,臺中市,南區,0,2,0,8,1,5,50,3,1,1,5,4,5,7,4,4,5,5,5,2,12,7,2,9,1,1,C03,7,8,1,10,2,13,,7,7,1,22,8,C03,120.66167,24.130118,2
2023,1,30,14,4,臺中市,梧棲區,0,0,0,8,,,30,,,,,,,,,,,,,,,12,,,,,B03,,,1,,1,,,12,,1,11,,B03,120.537507,24.227177,3
2023,1,30,14,5,臺中市,豐原區,0,1,0,8,1,5,50,4,2,1,5,4,5,7,2,1,1,2,5,2,13,23,2,9,3,4,C03,7,9,1,10,2,11,,23,23,1,22,8,C03,120.713766,24.253611,2
2023,1,30,14,7,臺中市,霧峰區,0,3,0,8,1,5,60,14,7,1,5,4,5,7,4,4,1,4,4,1,13,7,2,8,1,1,B03,7,8,6,8,2,1,,7,7,1,4,5,B03,120.685035,24.075322,2
2023,1,30,14,10,臺中市,北屯區,0,0,0,8,,,50,,,,,,,,,,,,,,,26,,,,,C03,,,1,,1,,,26,,1,22,,C03,120.706118,24.169466,3
2023,1,30,14,12,臺中市,南屯區,0,1,0,8,1,5,50,4,2,1,5,4,5,7,2,1,10,4,4,2,13,16,2,9,1,1,C03,7,9,1,10,2,11,,16,16,1,22,9,C03,120.620853,24.140001,2
2023,1,30,14,16,臺中市,北區,0,0,0,8,,,50,,,,,,,,,,,,,,,23,,,,,C03,,,1,,1,,,23,,1,22,,C03,120.684959,24.159118,3
2023,1,30,14,16,臺中市,南屯區,0,0,0,,,,50,,,,,,,,,,,,,,,23,,,,,B03,,,1,,1,,,23,,1,22,,B03,120.647617,24.140274,3
2023,1,30,14,22,臺中市,東區,0,3,0,8,1,5,50,4,1,1,5,4,5,7,1,1,5,4,4,2,16,10,2,9,1,1,C03,7,11,1,10,2,14,,10,10,1,22,8,C03,120.68916,24.134166,2
2023,1,30,14,30,臺中市,大里區,0,1,0,8,1,5,30,4,1,1,5,4,5,7,4,4,10,5,5,2,15,6,3,10,1,1,B03,7,15,1,8,2,1,,6,6,1,22,9,B03,120.702131,24.091771,2
2023,1,30,14,39,臺中市,中區,0,0,0,8,,,50,,,,,,,,,,,,,,,6,,,,,B03,,,1,,1,,,6,,1,4,,B03,120.677553,24.144027,3
2023,1,30,14,40,臺中市,大雅區,0,0,0,8,,,50,,,,,,,,,,,,,,,23,,,,,B11,,,1,,2,,,23,,1,21,,B11,120.650345,24.212333,3
2023,1,30,14,40,臺中市,西屯區,0,0,0,,,,60,,,,,,,,,,,,,,,7,,,,,B03,,,1,,1,,,23,7,1,22,,B03,120.653258,24.160817,3
2023,1,30,14,46,臺中市,西區,0,2,0,8,1,5,50,4,1,1,5,4,5,7,1,1,10,5,5,2,16,4,2,9,1,1,C03,7,5,1,10,2,12,,4,4,1,21,8,C03,120.666585,24.149812,2
2023,1,30,14,46,臺中市,石岡區,0,0,0,8,,,30,,,,,,,,,,,,,,,6,,,,,C03,,,1,,2,,,6,,1,22,,C03,120.778001,24.275653,3
2023,1,30,14,47,臺中市,神岡區,0,0,0,8,,,50,,,,,,,,,,,,,,,23,,,,,B03,,,1,,2,,,23,,1,22,,B03,120.664209,24.258215,3
2023,1,30,14,48,臺中市,北區,0,0,0,,,,50,,,,,,,,,,,,,,,19,,,,,B03,,,1,,11,,,19,19,1,22,,B03,120.675785,24.163221,3
2023,1,30,14,48,臺中市,大里區,0,0,0,8,,,30,,,,,,,,,,,,,,,5,,,,,C03,,,1,,2,,,5,,1,6,,C03,120.666157,24.085668,3
2023,1,30,14,49,臺中市,太平區,0,1,0,8,1,5,30,4,1,1,5,4,5,7,4,4,10,5,5,2,15,6,2,9,3,4,C03,7,9,1,10,2,11,,6,6,1,5,8,C03,120.706511,24.154955,2
2023,1,30,14,54,臺中市,北屯區,0,1,0,8,1,5,50,14,7,1,5,4,5,7,4,4,9,5,4,2,10,4,3,10,1,1,B03,7,9,1,8,2,1,,4,4,1,5,8,B03,120.710603,24.186118,2
2023,1,30,14,55,臺中市,北區,0,0,0,8,,,50,,,,,,,,,,,,,,,26,,,,,C03,,,7,,11,,,26,,1,22,,C03,120.667561,24.153802,3
2023,1,30,15,0,臺中市,沙鹿區,0,0,0,8,,,30,,,,,,,,,,,,,,,6,,,,,B03,,,1,,2,,,6,6,1,3,,B03,120.564815,24.248845,3
2023,1,30,15,2,臺中市,新社區,0,5,0,8,1,8,30,11,9,1,5,4,5,1,4,4,10,5,5,2,11,42,2,9,1,1,C03,7,9,1,10,2,14,,42,42,1,18,9,C03,120.795417,24.233417,2
2023,1,30,15,8,臺中市,北屯區,0,0,0,8,,,50,,,,,,,,,,,,,,,7,,,,,B03,,,3,,11,,,7,,1,22,,B03,120.668133,24.178513,3
2023,1,30,15,10,臺中市,烏日區,0,1,0,8,1,5,50,10,9,1,5,4,5,7,4,4,4,5,5,1,18,43,2,9,1,1,C03,7,9,1,10,2,12,,43,43,1,4,8,C03,120.64223,24.09508,2
2023,1,30,15,10,臺中市,沙鹿區,0,1,0,8,1,5,50,3,1,1,5,4,5,7,1,1,10,5,5,2,16,6,3,10,1,1,B12,7,6,1,8,2,5,,6,6,1,22,8,B12,120.567714,24.206049,2
2023,1,30,15,10,臺中市,沙鹿區,0,0,0,8,,,50,,,,,,,,,,,,,,,4,,,,,C03,,,1,,2,,,4,,1,21,,C03,120.563422,24.25127,3
2023,1,30,15,11,臺中市,東區,0,1,0,8,1,5,50,4,1,1,5,4,5,7,1,1,10,5,5,2,16,6,3,10,1,1,B03,7,5,1,8,2,2,,6,6,1,22,8,B03,120.700103,24.138881,2
2023,1,30,15,13,臺中市,西屯區,0,0,0,8,,,30,,,,,,,,,,,,,,,25,,,,,B03,,,1,,2,,,25,,1,22,,B03,120.645505,24.192401,3
2023,1,30,15,15,臺中市,北屯區,0,1,0,8,1,5,50,4,1,1,5,4,5,7,1,1,10,5,5,2,16,13,3,10,1,1,B12,7,6,1,8,2,2,,44,13,1,22,8,B12,120.686216,24.181487,2
2023,1,30,15,16,臺中市,北區,0,1,0,8,1,5,50,5,1,1,5,4,5,7,2,1,10,5,5,2,3,25,3,10,1,1,B03,7,5,1,8,2,1,,25,25,1,22,9,B03,120.681796,24.144577,2
2023,1,30,15,17,臺中市,南屯區,0,0,0,8,,,50,,,,,,,,,,,,,,,12,,,,,B03,,,1,,1,,,12,,1,22,,B03,120.644408,24.142852,3
2023,1,30,15,20,臺中市,霧峰區,0,0,0,8,,,60,,,,,,,,,,,,,,,6,,,,,B12,,,1,,2,,,6,,1,22,,B12,120.695204,24.052194,3
2023,1,30,15,28,臺中市,石岡區,0,0,0,8,,,70,,,,,,,,,,,,,,,23,,,,,B12,,,1,,2,,,23,,1,22,,B12,120.79068,24.273213,3
2023,1,30,15,29,臺中市,大肚區,0,0,0,8,,,30,,,,,,,,,,,,,,,12,,,,,A11,,,1,,9,,,12,,1,10,,A11,120.575351,24.130028,3
2023,1,30,15,30,臺中市,北屯區,0,0,0,8,,,50,,,,,,,,,,,,,,,6,,,,,B03,,,,,1,,,6,,1,4,,B03,120.721072,24.174065,3
2023,1,30,15,31,臺中市,西區,0,2,0,8,1,5,50,5,1,1,5,4,5,7,4,4,10,5,5,2,16,6,3,10,1,1,C03,7,5,1,10,2,11,,6,6,1,4,8,C03,120.663775,24.154648,2
2023,1,30,15,31,臺中市,南屯區,0,1,0,8,1,5,50,14,9,1,5,4,5,7,4,4,3,2,5,2,12,17,3,10,3,4,B03,7,9,1,8,2,2,,17,17,1,22,8,B03,120.637313,24.151361,2
2023,1,30,15,34,臺中市,新社區,0,1,0,8,1,5,50,14,9,1,5,4,5,7,4,4,5,4,5,1,12,23,3,10,1,1,B03,7,9,1,8,2,2,,23,23,1,22,9,B03,120.808522,24.247604,2
2023,1,30,15,35,臺中市,南屯區,0,1,0,8,1,5,50,3,1,1,5,4,5,7,4,4,9,5,5,2,17,42,2,9,1,1,C03,7,9,1,10,2,11,,42,42,1,4,8,C03,120.637186,24.140529,2
2023,1,30,15,35,臺中市,沙鹿區,0,1,0,8,1,5,50,3,2,1,5,4,5,7,3,1,10,5,5,2,9,23,3,10,1,1,F01,7,6,8,20,2,16,,23,23,1,15,5,F01,120.561973,24.235857,2
2023,1,30,15,36,臺中市,沙鹿區,0,2,0,8,1,5,50,3,8,1,5,4,5,7,3,1,10,5,5,2,16,6,2,9,1,1,C03,7,9,1,10,2,11,,44,6,1,10,9,C03,120.550672,24.216687,2
2023,1,30,15,40,臺中市,西屯區,0,1,0,8,1,5,30,4,1,1,5,4,5,7,4,4,10,5,5,2,15,6,2,8,1,1,C03,7,9,1,10,2,11,,6,6,1,22,8,C03,120.655945,24.159923,2
2023,1,30,15,44,臺中市,西屯區,0,0,0,8,,,70,,,,,,,,,,,,,,,42,,,,,B03,,,1,,1,,,42,,1,22,,B03,120.611231,24.184667,3
2023,1,30,15,51,臺中市,東區,0,2,0,8,1,5,50,4,9,1,5,4,5,7,4,4,5,4,4,2,13,23,2,9,3,4,C03,7,15,1,10,2,11,11,23,23,1,22,8,C03,120.685937,24.14367,2
2023,1,30,15,52,臺中市,北區,0,2,0,8,1,5,50,4,2,1,5,4,5,7,1,1,5,4,5,2,13,23,2,7,1,1,F03,7,9,8,20,2,15,,23,23,1,19,5,F03,120.673636,24.154087,2
2023,1,30,15,54,臺中市,北屯區,0,1,0,8,1,5,50,4,1,1,5,4,5,7,4,4,10,5,5,2,15,6,3,10,1,1,B03,7,9,1,8,2,8,,6,6,1,21,8,B03,120.673336,24.181455,2
2023,1,30,15,56,臺中市,霧峰區,0,2,0,8,1,5,50,3,1,1,5,4,5,7,1,1,10,5,5,2,16,26,2,9,1,1,C03,7,9,1,10,2,11,,26,26,1,22,8,C03,120.692374,24.045671,2
2023,1,30,15,56,臺中市,梧棲區,0,0,0,8,,,40,,,,,,,,,,,,,,,17,,,,,B03,,,1,,2,,,17,,1,20,,B03,120.544185,24.246894,3
2023,1,30,15,58,臺中市,潭子區,0,1,0,8,1,5,50,13,13,1,5,4,5,7,4,4,4,5,5,1,16,6,3,10,1,1,B03,7,6,1,8,2,6,,6,9,1,22,8,B03,120.673718,24.207003,2
2023,1,30,15,59,臺中市,南區,0,3,0,8,1,5,50,3,2,1,5,4,5,7,4,4,5,5,4,2,13,23,2,9,1,1,C03,7,9,1,10,2,11,,23,23,1,21,8,C03,120.66697,24.128195,2
2023,1,30,16,4,臺中市,霧峰區,0,2,0,8,1,5,15,11,9,1,5,4,5,7,4,4,10,5,5,2,18,43,2,9,3,4,C03,7,9,1,10,2,12,,43,43,1,22,8,C03,120.704198,24.07006,2
2023,1,30,16,5,臺中市,西屯區,0,0,0,8,,,40,,,,,,,,,,,,,,,25,,,,,B03,,,1,,2,,,25,25,1,22,,B03,120.632316,24.170306,3
2023,1,30,16,7,臺中市,北屯區,0,0,0,,,,50,,,,,,,,,,,,,,,2,,,,,B03,,,1,,1,,,2,2,1,21,,B03,120.721569,24.162416,3
2023,1,30,16,7,臺中市,大甲區,0,0,0,8,,,50,,,,,,,,,,,,,,,16,,,,,B03,,,1,,1,,,16,,1,4,,B03,120.615024,24.333593,3
2023,1,30,16,8,臺中市,東區,0,2,0,8,1,5,30,4,1,1,5,4,5,7,4,4,10,5,5,2,15,6,2,8,1,1,C03,7,15,1,10,2,11,,6,6,1,21,8,C03,120.699204,24.138887,2
2023,1,30,16,10,臺中市,北區,0,1,0,8,1,5,50,5,2,1,5,4,5,7,2,1,3,2,4,2,16,9,3,10,3,4,B03,7,6,1,8,2,2,,9,9,1,22,9,B03,120.674507,24.162862,2
2023,1,30,16,12,臺中市,西區,0,0,0,8,,,50,,,,,,,,,,,,,,,23,,,,,B03,,,1,,2,,,23,,1,19,,B03,120.662629,24.136791,3
2023,1,30,16,15,臺中市,東區,0,0,0,8,,,50,,,,,,,,,,,,,,,19,,,,,B03,,,1,,2,,,19,,1,22,,B03,120.69177,24.133564,3
2023,1,30,16,17,臺中市,西屯區,0,0,0,8,,,40,,,,,,,,,,,,,,,23,,,,,B03,,,1,,2,,,23,,1,22,,B03,120.620487,24.180209,3
2023,1,30,16,17,臺中市,西屯區,0,2,0,8,1,5,50,4,1,1,5,4,5,7,1,1,10,5,5,2,13,23,2,9,1,1,C03,7,9,3,18,2,11,,23,16,1,22,8,C03,120.655286,24.199428,2
2023,1,30,16,18,臺中市,中區,0,2,0,8,1,5,50,4,1,1,5,4,5,7,4,4,10,5,5,2,15,6,2,9,1,1,C03,7,9,1,10,2,11,,6,6,1,4,5,C03,120.680651,24.142811,2
2023,1,30,16,19,臺中市,北區,0,1,0,8,1,5,40,3,7,1,5,4,5,7,4,4,3,4,4,2,17,42,2,8,1,1,F03,7,6,8,20,2,16,,42,42,1,22,9,F03,120.674553,24.163641,2
2023,1,30,16,19,臺中市,南屯區,0,0,0,,,,50,,,,,,,,,,,,,,,12,,,,,B12,,,1,,1,,,12,,1,22,,B12,120.612157,24.144434,3
2023,1,30,16,19,臺中市,梧棲區,0,0,0,8,,,60,,,,,,,,,,,,,,,23,,,,,B03,,,1,,2,,,23,,1,9,,B03,120.53912,24.256453,3
2023,1,30,16,20,臺中市,大里區,0,1,0,8,1,5,30,3,1,1,5,4,5,7,4,4,5,4,4,1,17,6,3,10,1,1,B03,7,6,1,8,2,4,,6,6,1,22,8,B03,120.68872,24.106393,2
2023,1,30,16,23,臺中市,大里區,0,2,0,8,1,5,50,3,1,1,5,4,5,7,4,4,10,5,5,1,13,23,2,9,1,1,C03,7,9,1,10,2,11,,23,23,1,22,9,C03,120.700961,24.08641,2
2023,1,30,16,27,臺中市,東區,0,0,0,8,,,50,,,,,,,,,,,,,,,23,,,,,B03,,,1,,2,,,23,,1,22,,B03,120.706039,24.142702,3
2023,1,30,16,28,臺中市,豐原區,0,1,0,8,1,5,50,14,8,1,5,4,5,7,4,4,1,4,4,1,17,6,3,10,3,4,B03,7,8,1,8,2,3,,6,6,1,22,8,B03,120.713766,24.253611,2
2023,1,30,16,29,臺中市,霧峰區,0,0,0,8,,,60,,,,,,,,,,,,,,,16,,,,,B03,,,1,,2,,,16,,1,22,,B03,120.695953,24.065768,3
2023,1,30,16,32,臺中市,大里區,0,2,0,8,1,5,50,14,9,1,5,4,5,7,4,4,5,2,5,1,16,26,2,9,1,1,C03,7,5,4,8,2,12,,26,26,1,22,9,C03,120.701133,24.090463,2
2023,1,30,16,34,臺中市,西屯區,0,0,0,8,,,60,,,,,,,,,,,,,,,23,,,,,B03,,,1,,1,,,23,23,1,21,,B03,120.646477,24.164355,3
2023,1,30,16,35,臺中市,大肚區,0,1,0,8,1,5,50,14,8,1,5,4,5,7,4,4,1,4,4,1,12,7,3,10,1,1,B03,7,8,1,1,2,3,,7,7,1,10,8,B03,120.575721,24.119142,2
2023,1,30,16,38,臺中市,豐原區,0,0,0,8,,,50,,,,,,,,,,,,,,,40,,,,,B03,,,1,,2,,,40,,1,22,,B03,120.715164,24.247993,3
2023,1,30,16,40,臺中市,南區,0,0,0,8,,,50,,,,,,,,,,,,,,,23,,,,,B12,,,1,8,2,,,23,23,1,5,,B12,120.670258,24.112568,3