年,月,日,時,分,縣市,區,死,受傷,2-30,天候,光線,道路類別,速限,道路型態,事故位置,路面鋪裝,路面狀態,路面缺陷,障礙物,視距,號誌種類,號誌動作,分向設施,快車道或一般車道間,快慢車道間,路面邊線,事故類型及型態,主要肇因,受傷程度,主要傷處,保護裝備,行動電話,當事者區分,車輛用途,當事者行動狀態,駕駛資格情形,駕駛執照種類,飲酒情形,車輛撞擊部位最初,車輛撞擊部位其他,肇事因素個別,肇事因素主要,肇事逃逸,職業,旅次目的,車種,GPS緯度,GPS經度,事故類別
2023,1,30,23,10,臺中市,清水區,0,1,0,8,3,5,30,3,1,1,5,4,5,7,4,4,10,5,5,2,16,6,3,10,1,1,B03,7,5,1,8,2,8,,6,6,1,21,8,B03,120.574957,24.282267,2
2023,1,30,23,25,臺中市,太平區,0,1,0,8,3,5,50,4,1,1,5,4,5,7,3,1,10,5,5,2,15,6,2,8,1,1,C03,7,9,1,10,2,12,,6,6,1,21,8,C03,120.719431,24.131456,2
2023,1,30,23,50,臺中市,西區,0,2,0,8,3,5,50,4,1,1,5,4,5,7,1,1,10,5,5,2,17,6,3,10,1,1,B03,7,5,1,8,2,2,,6,6,1,4,7,B03,120.665287,24.150867,2
2023,1,30,23,56,臺中市,大里區,0,1,0,8,3,5,50,4,2,1,5,4,5,7,2,1,5,4,4,1,11,6,3,10,3,4,B03,7,5,1,8,2,2,,6,6,1,22,9,B03,120.689964,24.11003,2
2023,1,31,0,2,臺中市,太平區,0,1,0,8,3,5,50,14,9,1,5,4,5,7,4,4,5,5,5,1,29,23,2,9,1,1,C03,7,9,1,10,2,11,,23,23,1,21,8,C03,120.716607,24.13193,2
2023,1,31,0,17,臺中市,西屯區,0,0,0,8,,,50,,,,,,,,,,,,,,,6,,,,,B02,,,1,,2,,,6,,1,22,,B02,120.656268,24.160784,3
2023,1,31,0,43,臺中市,北區,0,0,0,8,,,50,,,,,,,,,,,,,,,12,,,,,B03,,,1,,1,,,12,,1,21,,B03,120.688149,24.161679,3
2023,1,31,0,59,臺中市,北屯區,0,1,0,8,3,5,50,5,4,1,5,4,5,7,1,1,10,4,5,2,13,23,3,10,1,1,B03,7,12,1,8,2,5,,23,23,1,5,8,B03,120.6977,24.1705,2
2023,1,31,3,41,臺中市,太平區,0,0,0,8,,,30,,,,,,,,,,,,,,,6,,,,,B12,,,1,,2,,,6,,1,22,,B12,120.733963,24.119013,3
2023,1,31,4,47,臺中市,大肚區,0,0,0,,,,50,,,,,,,,,,,,,,,23,,,,,B03,,,1,,2,,,23,,1,21,,B03,120.53238,24.159037,3
2023,1,31,4,59,臺中市,沙鹿區,0,2,0,7,3,5,50,3,2,1,5,4,5,7,4,4,8,3,4,1,17,6,2,9,3,4,C03,7,5,1,10,2,14,,6,6,1,22,8,C03,120.563469,24.212699,2
2023,1,31,6,19,臺中市,北區,0,0,0,8,,,50,,,,,,,,,,,,,,,50,,,,,B03,,,1,,2,,,50,,1,21,,B03,120.669276,24.172137,3
2023,1,31,6,35,臺中市,神岡區,0,0,0,8,1,5,50,14,2,1,5,4,5,7,1,1,4,1,5,2,13,23,3,10,1,1,B03,,1,1,8,9,1,,23,23,1,5,1,B03,120.682615,24.245995,4
2023,1,31,6,47,臺中市,豐原區,0,2,0,8,1,5,50,4,1,1,5,4,5,7,3,1,10,5,5,2,17,6,2,7,1,1,C03,7,1,1,10,2,11,,6,6,1,22,8,C03,120.71737,24.249465,2
2023,1,31,6,52,臺中市,北屯區,0,0,0,8,,,50,,,,,,,,,,,,,,,23,,,,,B03,,,1,,1,,,23,,1,21,,B03,120.719388,24.182576,3
2023,1,31,7,7,臺中市,太平區,0,1,0,8,1,5,40,4,1,1,5,4,5,7,4,4,10,5,5,2,18,23,2,9,3,4,C03,7,6,1,10,2,12,,23,23,1,9,8,C03,120.711922,24.139704,2
2023,1,31,7,24,臺中市,太平區,0,1,0,8,1,5,50,14,9,1,5,4,5,7,4,4,5,5,5,1,16,26,3,10,1,1,C03,7,1,1,10,2,13,,26,26,1,21,8,C03,120.72401,24.147639,2
2023,1,31,7,26,臺中市,龍井區,0,1,0,8,1,5,40,14,8,1,5,4,5,7,4,4,10,5,1,1,13,23,2,9,3,4,C03,7,9,1,10,2,11,,23,23,1,22,9,C03,120.583795,24.186792,2
2023,1,31,7,30,臺中市,北屯區,0,1,0,8,1,5,40,4,1,1,5,4,5,7,1,1,10,5,5,2,13,16,2,9,1,1,C03,7,9,1,10,2,11,12,16,16,1,5,8,C03,120.690885,24.163034,2
2023,1,31,7,31,臺中市,北屯區,0,0,0,8,,,50,,,,,,,,,,,,,,,12,,,,,C03,,,1,,1,,,12,12,1,5,,C03,120.687913,24.172894,3
2023,1,31,7,32,臺中市,北區,0,1,0,8,1,5,50,5,1,1,5,4,5,7,1,1,10,5,5,2,16,26,3,10,1,1,B03,7,9,1,8,11,6,,26,26,2,5,8,B03,120.686252,24.15482,2
2023,1,31,7,34,臺中市,神岡區,0,1,0,8,1,5,50,14,7,1,5,4,5,7,4,4,9,4,4,2,17,11,2,8,1,1,C03,7,11,3,18,2,12,,11,11,1,22,8,C03,120.659308,24.258959,2
2023,1,31,7,35,臺中市,西區,0,1,0,8,1,5,50,4,1,1,5,4,5,7,1,1,10,5,5,2,17,27,2,9,1,1,C03,7,6,3,18,9,13,,27,27,2,21,8,C03,120.669414,24.138753,2
2023,1,31,7,37,臺中市,潭子區,0,1,0,8,1,5,50,14,7,1,5,4,5,7,4,4,9,4,4,2,13,23,3,10,1,1,C03,7,9,1,9,2,11,,23,23,1,21,8,C03,120.692561,24.225828,2
2023,1,31,7,38,臺中市,西屯區,0,1,0,8,1,5,50,4,1,1,5,4,5,7,1,1,8,4,4,1,16,8,3,10,1,4,C03,7,5,1,10,2,14,,8,8,1,4,8,C03,120.610812,24.191002,2
2023,1,31,7,39,臺中市,太平區,0,2,0,8,1,5,50,4,1,1,5,4,5,7,4,4,10,5,5,2,16,7,2,9,3,4,C03,7,7,1,10,2,14,,7,7,1,9,8,C03,120.725496,24.141806,2
2023,1,31,7,40,臺中市,烏日區,0,0,0,8,,,40,,,,,,,,,,,,,,,16,,,,,B03,,,1,,2,,,16,,1,22,,B03,120.586979,24.113208,3
2023,1,31,7,40,臺中市,豐原區,0,0,0,8,,,30,,,,,,,,,,,,,,,16,,,,,C03,,,3,,2,,,16,,1,22,,C03,120.70796,24.247288,3
2023,1,31,7,41,臺中市,大肚區,0,0,0,8,,,40,,,,,,,,,,,,,,,6,,,,,B03,,,1,,2,,,6,,1,21,,B03,120.541135,24.154551,3
2023,1,31,7,42,臺中市,石岡區,0,1,0,8,1,5,50,3,2,1,5,4,5,7,4,4,4,3,5,1,16,6,3,10,1,1,B03,7,5,1,8,2,1,,6,6,1,22,9,B03,120.76529,24.277871,2
2023,1,31,7,44,臺中市,南屯區,0,2,0,8,1,5,50,3,1,1,5,4,5,7,4,4,5,5,5,2,17,6,2,9,1,1,C03,7,5,1,10,2,14,,6,6,1,22,8,C03,120.635849,24.131102,2
2023,1,31,7,44,臺中市,北屯區,0,2,0,8,1,5,50,4,2,1,5,4,5,7,4,4,9,5,5,1,13,23,2,9,1,1,C03,7,9,1,10,2,11,,23,23,1,21,8,C03,120.692985,24.202753,2
2023,1,31,7,44,臺中市,西屯區,0,0,0,8,,,50,,,,,,,,,,,,,,,25,,,,,C03,,,1,,2,,,25,,1,22,,C03,120.606473,24.192739,3
2023,1,31,7,47,臺中市,南屯區,0,3,0,8,1,5,50,14,9,1,5,4,5,7,4,4,9,5,5,2,17,7,2,9,1,1,C03,7,9,1,10,2,11,,44,7,1,22,9,C03,120.616978,24.139266,2
2023,1,31,7,47,臺中市,北屯區,0,2,0,8,1,5,50,14,9,1,5,4,5,7,4,4,5,4,5,2,12,7,2,9,1,1,C03,7,7,1,10,2,14,,7,7,1,22,8,C03,120.719796,24.175898,2
2023,1,31,7,48,臺中市,西屯區,0,0,0,8,,,40,,,,,,,,,,,,,,,16,,,,,C03,,,1,,1,,,16,,1,22,,C03,120.609505,24.170017,3
2023,1,31,7,48,臺中市,梧棲區,0,0,0,8,,,70,,,,,,,,,,,,,,,9,,,,,B03,,,1,,1,,,9,,1,3,,B03,120.514668,24.23181,3
2023,1,31,7,49,臺中市,潭子區,0,3,0,8,1,5,40,14,9,1,5,2,5,7,4,4,1,5,5,1,17,17,2,9,1,1,C03,7,9,1,10,2,12,,17,17,1,22,8,C03,120.711768,24.193014,2
2023,1,31,7,49,臺中市,東區,0,2,0,8,1,5,50,4,1,1,5,4,5,7,4,4,10,5,5,2,15,6,2,8,1,1,C03,7,9,1,10,2,12,,6,6,1,22,9,C03,120.683911,24.13412,2
2023,1,31,7,49,臺中市,東區,0,1,0,8,1,5,50,14,8,1,5,4,5,7,4,4,9,4,4,2,12,9,3,10,1,1,B12,7,6,1,8,2,2,,9,9,1,5,1,B12,120.688521,24.139731,2
2023,1,31,7,50,臺中市,大甲區,0,1,0,8,1,5,30,11,9,1,5,4,5,7,4,4,10,5,5,2,17,6,3,10,1,1,B12,7,6,1,8,2,8,,6,6,1,22,1,B12,120.657552,24.384468,2
2023,1,31,7,50,臺中市,豐原區,0,0,0,8,,,50,,,,,,,,,,,,,,,23,,,,,B03,,,1,,2,,,23,,1,22,,B03,120.752088,24.271642,3
2023,1,31,7,51,臺中市,南區,0,0,0,8,,,50,,,,,,,,,,,,,,,26,,,,,B03,,,1,,2,,,26,,1,22,,B03,120.657995,24.11702,3
2023,1,31,7,51,臺中市,太平區,0,0,0,8,,,50,,,,,,,,,,,,,,,16,,,,,B01,,,1,,1,,,16,,1,21,,B01,120.716763,24.124165,3
2023,1,31,7,55,臺中市,大雅區,0,1,0,8,1,5,70,14,8,1,5,4,5,7,1,1,1,4,4,1,12,10,3,10,1,1,B03,7,11,6,18,2,2,,10,6,1,21,9,B03,120.638084,24.233647,2
2023,1,31,7,55,臺中市,北區,0,1,0,8,1,5,50,4,1,1,5,4,5,7,1,1,10,5,5,2,18,23,2,9,1,1,C03,7,9,1,10,2,12,,23,23,1,22,8,C03,120.685169,24.166985,2
2023,1,31,7,56,臺中市,霧峰區,0,2,0,8,1,5,50,3,1,1,5,4,5,7,4,4,10,5,5,2,16,5,2,8,1,1,C03,7,5,1,10,2,14,,5,5,1,22,8,C03,120.700346,24.060655,2
2023,1,31,7,57,臺中市,太平區,0,0,0,8,,,40,,,,,,,,,,,,,,,12,,,,,B03,,,1,,2,,,12,,1,19,,B03,120.744888,24.159126,3
2023,1,31,8,3,臺中市,南屯區,0,2,0,8,1,5,50,14,9,1,5,4,5,7,4,4,5,5,5,2,16,19,2,8,3,4,C03,7,1,1,10,2,14,,19,19,1,22,9,C03,120.636317,24.150391,2
2023,1,31,8,5,臺中市,大雅區,0,0,0,8,,,50,,,,,,,,,,,,,,,7,,,,,B03,,,1,,2,,,7,,1,21,,B03,120.667625,24.215691,3
2023,1,31,8,6,臺中市,烏日區,0,1,0,8,1,5,40,8,8,1,5,4,5,7,4,4,1,4,1,2,12,23,2,8,1,1,C03,7,9,1,10,2,11,14,23,23,1,21,1,C03,120.599642,24.110249,2
2023,1,31,8,6,臺中市,東勢區,0,1,0,8,1,5,50,3,2,1,5,4,5,7,4,4,4,3,5,1,16,4,3,10,1,1,C03,7,11,1,10,2,12,,4,4,1,22,9,C03,120.8309,24.252251,2
2023,1,31,8,7,臺中市,豐原區,0,1,0,8,1,5,50,4,2,1,5,4,5,7,1,1,5,4,5,1,13,16,3,10,1,1,C03,7,9,1,10,2,11,,16,16,1,22,8,C03,120.711324,24.246263,2
2023,1,31,8,14,臺中市,北區,0,1,0,8,1,5,50,14,9,1,5,4,5,7,4,4,4,1,5,2,12,40,3,10,1,1,B12,7,14,1,8,2,5,,40,40,1,20,8,B12,120.682672,24.154131,2
2023,1,31,8,16,臺中市,太平區,0,1,0,8,1,5,30,4,1,1,5,4,5,7,4,4,10,5,5,2,16,6,3,10,3,4,B03,7,5,1,8,2,5,,6,6,1,4,8,B03,120.727132,24.141855,2
2023,1,31,8,20,臺中市,大雅區,0,0,0,8,,,50,,,,,,,,,,,,,,,23,,,,,B03,,,1,,2,,,23,,1,21,,B03,120.653439,24.225021,3
2023,1,31,8,20,臺中市,大雅區,0,1,0,8,1,5,30,4,1,1,5,4,5,7,3,1,10,5,5,1,17,6,2,9,1,1,C03,7,5,1,10,2,12,,6,6,1,21,8,C03,120.662893,24.221585,2
2023,1,31,8,20,臺中市,大甲區,0,1,0,8,1,5,30,11,9,1,5,4,5,7,4,4,10,5,5,2,10,23,2,9,1,1,C03,7,9,1,10,2,11,,23,23,1,22,1,C03,120.615484,24.349356,2
2023,1,31,8,22,臺中市,霧峰區,0,2,0,8,1,5,30,14,9,1,5,4,5,7,4,4,10,5,5,1,12,19,2,9,1,1,C03,7,1,1,10,2,11,,19,19,1,4,5,C03,120.679158,24.064062,2
2023,1,31,8,24,臺中市,太平區,0,1,0,8,1,5,50,3,1,1,5,4,5,7,4,4,5,5,4,2,16,6,3,10,1,1,B03,7,11,1,8,2,8,,6,6,1,21,8,B03,120.703194,24.155759,2
2023,1,31,8,25,臺中市,北屯區,0,1,0,8,1,5,50,14,9,1,5,4,5,7,4,4,3,4,5,2,13,23,2,9,1,1,C03,7,9,1,10,2,11,,23,23,1,22,8,C03,120.682098,24.181083,2
2023,1,31,8,26,臺中市,霧峰區,0,1,0,8,1,5,40,5,2,1,5,4,5,7,3,1,5,5,5,1,16,6,3,10,1,1,G02,7,5,1,8,2,4,,6,6,1,22,8,G02,120.669768,24.06185,2
2023,1,31,8,26,臺中市,龍井區,0,1,0,8,1,5,40,3,2,1,5,4,5,7,4,4,10,5,1,2,17,19,3,10,3,4,B03,7,1,1,8,2,4,,19,19,1,22,9,B03,120.589665,24.184284,2
2023,1,31,8,27,臺中市,北屯區,0,2,0,8,1,5,50,14,9,1,5,4,5,7,4,4,5,5,5,1,13,16,2,9,1,1,C03,7,9,1,10,2,11,,16,16,1,22,8,C03,120.674273,24.203733,2
2023,1,31,8,27,臺中市,大里區,0,0,0,8,1,5,50,14,13,1,5,4,5,7,4,4,9,5,4,1,17,10,,,,,B11,,,1,,2,,,10,,1,22,,B11,120.672866,24.097587,3
2023,1,31,8,27,臺中市,大甲區,0,1,0,8,1,5,50,4,1,1,5,4,5,7,4,4,10,5,5,2,15,6,3,10,1,1,B03,7,9,1,8,2,2,,6,6,1,22,1,B03,120.638363,24.415541,2
2023,1,31,8,27,臺中市,神岡區,0,3,0,8,1,5,50,5,1,1,5,4,5,7,4,4,9,5,5,1,17,6,2,9,1,4,C03,7,5,1,10,2,11,,6,6,1,22,9,C03,120.68878,24.259371,2
2023,1,31,8,30,臺中市,潭子區,0,1,0,8,1,5,60,3,1,1,5,4,5,7,4,4,1,4,4,1,17,23,2,9,1,1,C03,7,9,1,10,2,14,,23,23,1,18,8,C03,120.702672,24.194745,2
2023,1,31,8,30,臺中市,西屯區,0,1,0,8,1,5,40,14,8,1,5,4,5,7,4,4,1,4,4,2,13,16,2,8,3,4,C03,7,12,1,10,2,13,,16,16,1,22,8,C03,120.668788,24.177904,2
2023,1,31,8,30,臺中市,烏日區,0,0,0,8,,,30,,,,,,,,,,,,,,,16,,,,,C03,,,1,,2,,,16,,1,22,,C03,120.605409,24.116768,3
2023,1,31,8,30,臺中市,沙鹿區,0,0,0,8,,,40,,,,,,,,,,,,,,,38,,,,,B03,,,1,,10,,,38,,1,4,,B03,120.563861,24.206344,3
2023,1,31,8,30,臺中市,清水區,0,0,0,8,,,30,,,,,,,,,,,,,,,6,,,,,B03,,,1,,2,,,6,,1,19,,B03,120.631668,24.273225,3
2023,1,31,8,30,臺中市,豐原區,0,0,0,8,,,50,,,,,,,,,,,,,,,19,,,,,B03,,,1,,2,,,19,,1,22,,B03,120.802916,24.256438,3
2023,1,31,8,31,臺中市,西區,0,2,0,8,1,5,50,4,1,1,5,4,5,7,4,4,10,5,5,2,15,6,2,9,1,1,C03,7,9,1,10,2,12,,6,6,1,21,8,C03,120.67364,24.150956,2
2023,1,31,8,31,臺中市,南屯區,0,0,0,8,,,50,,,,,,,,,,,,,,,23,,,,,B03,,,1,,1,,,23,,1,5,,B03,120.628171,24.144696,3
2023,1,31,8,32,臺中市,沙鹿區,0,1,0,8,1,5,70,3,1,1,5,4,5,7,2,1,10,5,5,2,17,6,3,10,1,1,A41,7,6,1,1,2,5,,6,6,1,10,3,A41,120.615128,24.244076,2
2023,1,31,8,40,臺中市,南屯區,0,1,0,8,1,5,50,4,1,1,5,4,5,7,1,1,5,4,5,2,17,6,3,10,1,1,C03,7,5,1,10,2,12,,6,6,1,22,8,C03,120.636205,24.146723,2
2023,1,31,8,41,臺中市,北屯區,0,0,0,8,,,50,,,,,,,,,,,,,,,16,,,,,B03,,,1,,1,,,16,16,1,5,,B03,120.685726,24.176059,3
2023,1,31,8,44,臺中市,北屯區,0,0,0,8,,,50,,,,,,,,,,,,,,,12,,,,,B03,,,1,,1,,,12,12,1,5,,B03,120.676193,24.192229,3
2023,1,31,8,44,臺中市,龍井區,0,0,0,8,,,50,,,,,,,,,,,,,,,1,,,,,C03,,,1,,2,,,1,,1,12,,C03,120.525862,24.214818,3
2023,1,31,8,53,臺中市,太平區,0,0,0,8,,,50,,,,,,,,,,,,,,,23,,,,,C03,,,6,,2,,,23,,1,9,,C03,120.713691,24.133383,3
2023,1,31,8,54,臺中市,和平區,0,1,0,8,1,5,50,3,2,1,5,4,5,2,3,1,10,5,5,2,18,44,2,9,1,1,C03,7,9,1,10,2,12,,44,44,1,4,1,C03,121.010776,24.203995,2
2023,1,31,8,55,臺中市,北屯區,0,1,0,8,1,5,50,4,1,1,5,4,5,7,4,4,10,5,5,2,15,6,2,9,1,1,C03,7,9,1,10,2,11,,6,6,1,21,8,C03,120.725345,24.165535,2
2023,1,31,8,55,臺中市,北屯區,0,0,0,8,,,50,,,,,,,,,,,,,,,23,,,,,A02,,,1,,2,,,23,,1,10,,A02,120.69348,24.167445,3
2023,1,31,8,55,臺中市,龍井區,0,1,0,8,1,5,40,4,2,1,5,4,5,7,2,1,10,5,1,1,13,19,3,10,3,4,B03,7,1,1,8,2,15,,19,19,1,22,9,B03,120.574243,24.181135,2
2023,1,31,9,6,臺中市,西屯區,0,1,0,8,1,5,50,4,1,1,5,4,5,7,1,1,10,5,5,2,16,25,3,10,1,1,B03,7,9,1,8,2,8,,25,25,1,4,8,B03,120.645744,24.170118,2
2023,1,31,9,8,臺中市,西屯區,0,0,0,8,,,40,,,,,,,,,,,,,,,23,,,,,C03,,,1,,2,,,23,,1,22,,C03,120.614883,24.183141,3
2023,1,31,9,10,臺中市,東區,0,0,0,,,,50,,,,,,,,,,,,,,,23,,,,,B03,,,1,,2,,,23,,1,22,,B03,120.705994,24.130244,3
2023,1,31,9,12,臺中市,大甲區,0,2,0,8,1,5,50,5,18,1,5,4,5,7,1,1,10,5,5,1,3,23,2,9,1,1,C03,7,9,1,10,2,14,,23,23,1,22,1,C03,120.622046,24.344226,2
2023,1,31,9,14,臺中市,沙鹿區,0,1,0,8,1,5,60,3,2,1,5,4,5,7,1,1,3,3,3,1,17,42,2,9,3,4,C03,7,9,1,10,2,14,,42,42,1,22,8,C03,120.621283,24.241877,2
2023,1,31,9,15,臺中市,南屯區,0,1,0,8,1,5,40,14,9,1,5,4,5,7,4,4,9,5,5,2,17,23,2,9,1,1,C03,7,9,1,10,2,11,,23,23,1,22,9,C03,120.615059,24.148226,2
2023,1,31,9,16,臺中市,沙鹿區,0,0,0,8,,,50,,,,,,,,,,,,,,,23,,,,,C03,,,3,,9,,,23,,1,22,,C03,120.574769,24.226813,3
2023,1,31,9,17,臺中市,南區,0,1,0,8,1,5,50,4,2,1,5,4,5,7,1,1,1,4,5,2,13,23,3,10,1,1,B03,7,6,6,8,2,8,,23,23,1,5,8,B03,120.64482,24.109946,2
2023,1,31,9,17,臺中市,豐原區,0,2,0,8,1,5,60,14,9,1,5,4,5,7,1,1,8,3,5,1,13,16,2,9,1,1,C03,7,9,1,10,2,11,,16,16,1,22,5,C03,120.69919,24.24898,2
2023,1,31,9,19,臺中市,西屯區,0,0,0,8,,,50,,,,,,,,,,,,,,,23,,,,,B03,,,1,,1,,,23,,1,4,,B03,120.620986,24.18366,3
2023,1,31,9,21,臺中市,霧峰區,0,1,0,8,1,5,40,4,1,1,5,4,5,7,2,1,1,4,4,1,12,6,3,10,1,1,B03,7,6,1,8,2,6,,6,6,1,4,5,B03,120.662454,24.06873,2
2023,1,31,9,23,臺中市,南屯區,0,1,0,8,1,5,50,4,1,1,5,4,5,7,4,4,5,5,5,2,15,6,3,10,3,4,C03,7,9,1,10,2,11,,6,6,1,22,9,C03,120.637544,24.140283,2
2023,1,31,9,23,臺中市,北屯區,0,1,0,8,1,5,50,4,1,1,5,4,5,7,2,1,10,5,5,2,16,6,3,10,1,1,B03,7,6,1,8,2,2,,6,6,1,5,8,B03,120.685698,24.17731,2
2023,1,31,9,25,臺中市,沙鹿區,0,2,0,8,1,5,40,14,8,1,5,4,5,7,4,4,1,4,4,1,17,23,2,9,1,1,C03,7,9,1,10,3,11,,23,23,1,22,9,C03,120.586423,24.249791,2
2023,1,31,9,26,臺中市,沙鹿區,0,2,0,8,1,5,50,4,2,1,5,4,5,7,4,4,8,3,5,2,17,6,2,9,3,4,C03,7,9,1,10,2,12,,6,6,1,22,8,C03,120.557213,24.244591,2
2023,1,31,9,27,臺中市,太平區,0,0,0,8,,,50,,,,,,,,,,,,,,,26,,,,,B02,,,1,,1,,,26,,1,5,,B02,120.716033,24.124753,3
2023,1,31,9,27,臺中市,豐原區,0,2,0,8,1,5,50,3,2,1,5,4,5,7,4,4,3,4,4,2,17,42,2,9,1,1,C03,7,9,1,10,2,13,,42,42,1,22,8,C03,120.703444,24.243306,2
2023,1,31,9,28,臺中市,西屯區,0,1,0,8,1,5,50,3,1,1,5,4,5,7,4,4,5,3,5,2,3,9,3,10,1,1,C03,7,6,1,10,2,14,,9,9,1,22,9,C03,120.620405,24.183339,2
2023,1,31,9,30,臺中市,西區,0,0,0,,,,50,,,,,,,,,,,,,,,16,,,,,B03,,,1,,1,,,16,,1,21,,B03,120.670917,24.134069,3
2023,1,31,9,30,臺中市,龍井區,0,0,0,8,,,30,,,,,,,,,,,,,,,23,,,,,B03,,,1,,1,,,23,,1,22,,B03,120.579892,24.18868,3
2023,1,31,9,30,臺中市,豐原區,0,0,0,8,,,50,,,,,,,,,,,,,,,17,,,,,B03,,,1,,2,,,17,,1,22,,B03,120.712297,24.248882,4
2023,1,31,9,31,臺中市,中區,0,1,0,8,1,5,50,4,1,1,5,4,5,7,1,1,10,5,5,2,15,25,3,10,1,1,B03,7,9,1,8,2,4,,25,25,1,21,8,B03,120.679894,24.139367,2
2023,1,31,9,31,臺中市,西屯區,0,1,0,8,1,5,50,4,9,1,5,4,5,7,1,1,5,4,5,2,16,40,3,10,3,4,B03,7,15,1,8,2,4,,40,40,1,22,8,B03,120.62453,24.178945,2
2023,1,31,9,36,臺中市,太平區,0,0,0,8,,,50,,,,,,,,,,,,,,,43,,,,,C03,,,1,,2,,,43,,1,21,,C03,120.714032,24.158814,3
2023,1,31,9,37,臺中市,梧棲區,0,2,0,8,1,5,30,4,1,1,5,4,5,7,4,4,10,5,5,2,15,6,2,9,1,1,C03,7,9,3,18,2,11,,6,6,1,5,1,C03,120.53892,24.231401,2
2023,1,31,9,40,臺中市,東區,0,1,0,8,1,5,50,14,12,1,5,4,5,7,4,4,5,4,4,2,18,23,2,9,1,1,C03,7,9,1,10,2,12,,23,23,1,22,9,C03,120.689975,24.135885,2
2023,1,31,9,46,臺中市,北屯區,0,0,0,8,,,50,,,,,,,,,,,,,,,26,,,,,B03,,,1,,1,,,26,,1,22,,B03,120.683823,24.172331,3
2023,1,31,9,47,臺中市,中區,0,0,0,8,,,50,,,,,,,,,,,,,,,25,,,,,B03,,,1,,1,,,25,,1,21,,B03,120.678351,24.146754,3
2023,1,31,9,49,臺中市,西屯區,0,2,0,8,1,5,50,4,1,1,5,4,5,7,2,1,10,5,5,2,16,6,2,9,3,4,C03,7,6,1,10,2,12,,6,6,1,22,8,C03,120.641565,24.178233,2
2023,1,31,9,50,臺中市,西屯區,0,1,0,8,1,5,50,4,1,1,5,4,5,7,1,1,10,5,5,2,16,23,3,10,1,1,B03,7,5,1,8,1,5,,23,23,1,4,8,B03,120.624378,24.178454,2
2023,1,31,9,50,臺中市,清水區,0,1,0,8,1,5,50,3,1,1,5,4,5,7,3,1,8,3,4,1,16,6,3,10,1,1,B03,7,5,1,8,2,2,,6,6,1,21,8,B03,120.546255,24.264267,2
2023,1,31,9,51,臺中市,烏日區,0,1,0,8,1,5,50,4,1,1,5,4,5,7,2,1,10,5,5,2,13,16,2,8,1,1,C03,7,9,1,10,2,11,,16,16,1,21,1,C03,120.629172,24.101456,2
2023,1,31,9,54,臺中市,西屯區,0,2,0,8,1,5,50,3,1,1,5,4,5,7,2,1,1,2,4,2,15,26,2,8,3,4,C03,7,9,1,10,2,11,,26,26,1,22,8,C03,120.640785,24.155838,2
2023,1,31,9,55,臺中市,北屯區,0,2,0,8,1,5,50,3,1,1,5,4,5,7,4,4,10,5,5,2,16,19,2,9,1,1,C03,7,1,1,10,2,14,,19,19,1,21,8,C03,120.690463,24.177856,2
2023,1,31,9,56,臺中市,沙鹿區,0,1,0,8,1,5,50,3,2,1,5,4,5,7,1,1,3,3,3,1,17,42,2,9,3,4,C03,7,9,3,18,2,11,,42,23,1,22,8,C03,120.570922,24.215538,2
2023,1,31,10,0,臺中市,大雅區,0,2,0,8,1,5,50,14,9,1,5,4,5,7,4,4,1,4,5,1,12,6,3,10,1,1,B03,7,8,6,18,2,2,,6,6,1,21,8,B03,120.670647,24.237946,2
2023,1,31,10,0,臺中市,太平區,0,1,0,8,1,5,30,4,1,1,5,4,5,7,4,4,5,5,5,2,16,6,2,9,1,1,C03,7,5,1,10,2,11,,6,6,1,19,8,C03,120.724048,24.144891,2
2023,1,31,10,1,臺中市,南區,0,0,0,8,,,50,,,,,,,,,,,,,,,16,,,,,B12,,,1,,2,,,16,16,1,5,,B12,120.670209,24.113003,3
2023,1,31,10,5,臺中市,東勢區,0,0,0,8,,,50,,,,,,,,,,,,,,,23,,,,,B03,,,1,,3,,,23,23,1,22,,B03,120.828396,24.256873,3
2023,1,31,10,13,臺中市,北屯區,0,1,0,8,1,5,50,4,1,1,5,4,5,7,1,1,10,5,5,2,15,25,2,9,1,1,C03,7,9,1,10,2,12,,25,25,1,5,8,C03,120.673548,24.200985,2
2023,1,31,10,15,臺中市,豐原區,0,1,0,8,1,5,30,14,9,1,5,4,5,7,4,4,8,3,5,1,13,26,3,10,1,1,C03,7,5,1,10,2,13,,26,26,1,22,5,C03,120.720326,24.249731,2
2023,1,31,10,17,臺中市,龍井區,0,0,0,8,,,40,,,,,,,,,,,,,,,12,,,,,B03,,,1,,2,,,12,,1,12,,B03,120.546025,24.191265,3
2023,1,31,10,26,臺中市,南屯區,0,0,0,8,,,50,,,,,,,,,,,,,,,44,,,,,B03,,,1,,1,,,44,,1,5,,B03,120.648596,24.147378,3
2023,1,31,10,27,臺中市,沙鹿區,0,1,0,8,1,5,30,4,1,1,5,4,5,7,1,1,10,5,5,2,17,6,2,8,1,1,C03,7,5,1,10,2,13,,6,6,1,4,9,C03,120.571385,24.199228,2
2023,1,31,10,30,臺中市,大雅區,0,1,0,8,1,5,50,3,1,1,5,4,5,7,1,1,1,4,4,1,13,23,2,8,1,1,C03,7,14,1,10,2,11,,23,23,1,21,8,C03,120.641417,24.229975,2